ogc_fid,anne_maj,type,LaMetro,longueur
1489,2016.0,chronovelo,True,169.2840963419029
1490,2016.0,chronovelo,True,167.3316443438769
1491,2016.0,chronovelo,True,52.37264511926254
1492,2016.0,chronovelo,True,77.11361701685257
1625,2016.0,chronovelo,True,194.74115159878363
1627,2019.0,chronovelo,True,21.33015400690188
1628,2016.0,chronovelo,True,225.1726244526458
1629,2019.0,chronovelo,True,457.52921202995657
1645,2019.0,chronovelo,True,248.1501797420031
1923,2016.0,chronovelo,True,103.44876533802966
1487,2022.0,chronovelo,True,270.7476502951341
1488,2022.0,chronovelo,True,611.2388393830755
1504,2016.0,chronovelo,True,148.76927808810643
1505,2016.0,chronovelo,True,797.4360915784857
2821,2022.0,chronovelo,True,434.9369855285756
1630,2016.0,chronovelo,True,368.4858584597242
1631,2016.0,chronovelo,True,224.1092969945824
2977,2022.0,chronovelo,True,432.84500233964934
2001,2022.0,chronovelo,True,226.26672235194874
2002,2022.0,chronovelo,True,590.9872246199891
1616,2016.0,chronovelo,True,290.32346510482375
1617,2016.0,chronovelo,True,441.92868235202695
1618,2016.0,chronovelo,True,113.44619396968996
1619,2016.0,chronovelo,True,225.68392661418588
1621,2016.0,chronovelo,True,155.50028486417523
1622,2019.0,chronovelo,True,27.46812730793483
1623,2019.0,chronovelo,True,48.33908095320317
1615,2016.0,chronovelo,True,133.5622313415977
1646,2022.0,chronovelo,True,297.5325016619387
1767,2020.0,chronovelo,True,29.143539981817554
1759,2020.0,chronovelo,True,999.0449625975798
1725,2016.0,chronovelo,True,555.2999108098663
1658,2022.0,chronovelo,True,676.0901306157575
1763,2020.0,chronovelo,True,895.6501325854996
2614,2022.0,chronovelo,True,203.93193493838197
1896,2022.0,chronovelo,True,439.81314448004036
1893,2016.0,chronovelo,True,388.4663766793484
1885,2016.0,chronovelo,True,807.4868814788961
1892,2022.0,chronovelo,True,103.7158306267815
1831,2022.0,chronovelo,True,652.7685084104521
1818,2022.0,chronovelo,True,588.411755947855
1975,2016.0,chronovelo,True,94.5619133831046
1493,2022.0,chronovelo,True,231.56211774607587
1920,2016.0,chronovelo,True,712.9353308094743
1922,2016.0,chronovelo,True,174.74646692639612
1501,2016.0,chronovelo,True,559.5732481677015
1502,2016.0,chronovelo,True,129.47993715449024
1503,2016.0,chronovelo,True,140.60420325901356
1847,2022.0,chronovelo,True,547.7198782655695
1846,2022.0,chronovelo,True,128.29626102537614
2620,2022.0,chronovelo,True,614.3814094812665
2609,2020.0,chronovelo,True,1061.9588901002987
2610,2019.0,chronovelo,True,112.1805420011081
2611,2020.0,chronovelo,True,83.39497130500595
2605,2016.0,chronovelo,True,95.9953224664101
2607,2016.0,chronovelo,True,520.4548586990509
2068,2016.0,chronovelo,True,110.57234661016807
2232,2016.0,chronovelo,True,594.5274702382492
2233,2019.0,chronovelo,True,23.00928038373213
2380,2022.0,chronovelo,True,442.0301351938955
2337,2019.0,chronovelo,True,370.80454792006066
2339,2016.0,chronovelo,True,595.591871182143
2512,2020.0,chronovelo,True,465.56923121670036
2489,2020.0,chronovelo,True,106.28955313673525
2458,2016.0,chronovelo,True,132.52988907674668
2459,2016.0,chronovelo,True,552.1811866449111
2461,2019.0,chronovelo,True,399.4812011188022
1632,2022.0,chronovelo,True,343.8059572030306
2814,2022.0,chronovelo,True,970.2244004080984
2817,2022.0,chronovelo,True,1240.0492863448821
2815,2022.0,chronovelo,True,25.154048594161424
2816,2022.0,chronovelo,True,177.56427384622526
1624,2016.0,chronovelo,True,188.4855000529648
1790,2016.0,voieverte,True,4856.260930378339
1514,2018.0,voieverte,True,8129.397279267774
1511,2016.0,voieverte,True,121.53977336408063
1515,2018.0,voieverte,True,5023.3514272956
1611,2018.0,voieverte,True,754.9233934248193
2281,2016.0,voieverte,True,1841.5218894705843
1050,2018.0,voieverte,True,3187.954488601921
1573,2018.0,voieverte,True,374.17969431670116
1576,2018.0,voieverte,True,3499.6454919109665
1757,2016.0,voieverte,True,1230.2373588677033
1728,2016.0,voieverte,True,682.9304168870668
1756,2016.0,voieverte,True,2163.3962214856297
1762,2018.0,voieverte,True,1703.1406013758804
1765,2016.0,voieverte,True,1924.640610196152
1707,2018.0,voieverte,True,350.5278443907549
1665,,voieverte,True,515.3929354130163
1678,,voieverte,True,4206.3715235141035
1912,2016.0,voieverte,True,75.44881389340912
1913,2016.0,voieverte,True,300.858617247955
1865,2016.0,voieverte,True,374.67626661969825
1866,2016.0,voieverte,True,152.66966762885977
1856,2016.0,voieverte,True,127.41501959782437
2024,2016.0,voieverte,True,532.1854329928286
1862,2016.0,voieverte,True,910.7366926120036
1848,2016.0,voieverte,True,680.136774712981
1849,2016.0,voieverte,True,893.8750962384138
1855,2016.0,voieverte,True,313.43271388368566
1847,2016.0,voieverte,True,521.7351608337707
1839,2016.0,voieverte,True,1386.714527540131
1827,2016.0,voieverte,True,442.4984052025893
1829,2016.0,voieverte,True,404.16568347126673
2072,2016.0,voieverte,True,316.53544576335975
2126,2016.0,voieverte,True,221.35844004645864
1819,2016.0,voieverte,True,391.05843929285186
1794,2018.0,voieverte,True,130.6648878629671
2038,2016.0,voieverte,True,445.47648099164667
1930,2018.0,voieverte,True,112.7674292378901
1931,2018.0,voieverte,True,182.79154452880954
1932,2018.0,voieverte,True,403.148025999008
1933,2018.0,voieverte,True,628.8265592046421
2621,2018.0,voieverte,True,1346.7890123944094
2622,2016.0,voieverte,True,225.78290334560967
2623,2016.0,voieverte,True,157.91545706864753
2608,2020.0,voieverte,True,149.7291068621647
2612,2016.0,voieverte,True,16.440212161803935
2601,2018.0,voieverte,True,119.71012634562106
2606,2020.0,voieverte,True,97.63593864108321
2598,2018.0,voieverte,True,211.85038143407974
2599,2018.0,voieverte,True,175.99364928135725
2585,2016.0,voieverte,True,576.7184031558595
2562,2018.0,voieverte,True,118.54918093176425
2127,2016.0,voieverte,True,1015.9692037142324
2298,2016.0,voieverte,True,2382.2225827225266
2299,2016.0,voieverte,True,1680.8847543363838
2280,2016.0,voieverte,True,1463.1963463216382
2282,2016.0,voieverte,True,1454.645861043508
2272,2018.0,voieverte,True,228.12418075559026
2277,2016.0,voieverte,True,356.96677310904863
2267,2016.0,voieverte,True,2508.3861905050344
2243,2018.0,voieverte,True,204.59032894153836
2228,2016.0,voieverte,True,216.11168027724696
2387,2018.0,voieverte,True,113.61572386604249
2390,2018.0,voieverte,True,299.65579456333194
2347,2016.0,voieverte,True,226.3665747561028
1662,2016.0,voieverte,True,500.5271833167505
1663,2016.0,voieverte,True,348.62731307181673
1547,2018.0,veloamenage,True,364.9754459110707
1536,2018.0,veloamenage,True,21.379526983347304
1537,2018.0,veloamenage,True,23.64118432284281
1538,2018.0,veloamenage,True,36.40094323223045
1539,2018.0,veloamenage,True,37.81004130562372
1540,2018.0,veloamenage,True,22.49324453531532
1541,2018.0,veloamenage,True,23.077910784852634
1542,2018.0,veloamenage,True,635.7710071580723
1626,2019.0,veloamenage,True,164.8582192638309
1928,2016.0,veloamenage,True,358.79757538261197
1973,2016.0,veloamenage,True,140.37789635101305
2443,2016.0,veloamenage,True,396.3640020536837
2444,2016.0,veloamenage,True,264.2541571633269
2447,2016.0,veloamenage,True,739.3456585126404
2531,2016.0,veloamenage,True,107.09541346419377
2535,2016.0,veloamenage,True,268.6858672282462
1499,2016.0,veloamenage,True,118.76323517560867
2541,2016.0,veloamenage,True,123.71067575247362
2552,2016.0,veloamenage,True,130.7136628401341
2822,2022.0,veloamenage,True,91.7313300296693
2214,2016.0,veloamenage,True,503.1789885008034
2251,2016.0,veloamenage,True,612.1034688341184
2470,2016.0,veloamenage,True,1768.852223773842
2561,2018.0,veloamenage,True,329.7851247413427
1781,2016.0,veloamenage,True,1054.9305816130786
2177,2016.0,veloamenage,True,1258.793356465917
2824,2022.0,veloamenage,True,630.8688020281419
2825,,veloamenage,True,354.5295981594562
2560,2018.0,veloamenage,True,1066.9344449687396
1512,2016.0,veloamenage,True,430.87533430781235
1513,2016.0,veloamenage,True,139.08358694389042
1509,2018.0,veloamenage,True,691.7036312479235
2178,2016.0,veloamenage,True,303.2607667803375
2179,2016.0,veloamenage,True,178.26795778140948
2182,2016.0,veloamenage,True,363.1739143077209
2181,2016.0,veloamenage,True,177.94273297314965
2313,2016.0,veloamenage,True,1136.563904962752
2358,2016.0,veloamenage,True,242.2938218763397
1521,2018.0,veloamenage,True,269.7741791588
1522,2018.0,veloamenage,True,269.7741791588
1516,2016.0,veloamenage,True,178.00959851801088
1517,2016.0,veloamenage,True,310.4778423284523
1518,2018.0,veloamenage,True,213.44375539521334
1519,2018.0,veloamenage,True,57.509950329671426
1620,2016.0,veloamenage,True,298.11628211561725
1520,2018.0,veloamenage,True,122.00201857620733
1608,2018.0,veloamenage,True,86.90871597677545
1612,2016.0,veloamenage,True,92.1690556081268
1613,,veloamenage,True,110.88693419579755
1600,2018.0,veloamenage,True,117.73051384853042
2242,2016.0,veloamenage,True,170.22345879653085
2362,2016.0,veloamenage,True,819.6672279320348
2828,2022.0,veloamenage,True,163.9753178166771
2829,2022.0,veloamenage,True,82.17112335511673
1782,2016.0,veloamenage,True,665.2978541245614
1951,2016.0,veloamenage,True,91.21208124040324
1958,2016.0,veloamenage,True,320.1300235477156
1956,2016.0,veloamenage,True,459.5665366003724
1966,2016.0,veloamenage,True,498.4846975068849
1969,2016.0,veloamenage,True,642.3189885761071
2100,2016.0,veloamenage,True,126.71453842799271
2314,2016.0,veloamenage,True,569.5221829048097
2499,2016.0,veloamenage,True,945.1583062005691
2502,2016.0,veloamenage,True,559.0853986935114
1556,2016.0,veloamenage,True,378.118131420051
1601,2018.0,veloamenage,True,673.9237844342101
1602,2018.0,veloamenage,True,776.5016681649292
1603,2018.0,veloamenage,True,40.922335030581905
1604,2018.0,veloamenage,True,31.764024785413184
1605,2018.0,veloamenage,True,15.86217292139077
1606,2016.0,veloamenage,True,292.4374208431452
2422,2016.0,veloamenage,True,490.1091510144402
2102,2016.0,veloamenage,True,535.8484817396264
1572,2018.0,veloamenage,True,374.17969431670116
1574,2018.0,veloamenage,True,56.527041995569434
1575,2018.0,veloamenage,True,136.66895371668778
1557,2016.0,veloamenage,True,275.1875937866597
1558,2016.0,veloamenage,True,140.8136911272189
2198,2016.0,veloamenage,True,90.99128759921814
1607,2018.0,veloamenage,True,136.96646960594327
1597,2019.0,veloamenage,True,483.3680768302682
1598,2016.0,veloamenage,True,147.67426186452695
1599,2018.0,veloamenage,True,350.0775597594554
1577,2016.0,veloamenage,True,121.14650580717439
1579,2018.0,veloamenage,True,323.7134914183672
1580,2018.0,veloamenage,True,929.1869398548923
1774,2016.0,veloamenage,True,1090.846928320779
1771,2016.0,veloamenage,True,460.0729147001776
1775,2016.0,veloamenage,True,100.1370168473831
1766,2016.0,veloamenage,True,237.96136644115074
1747,2016.0,veloamenage,True,513.6355014443157
1748,2016.0,veloamenage,True,2132.793286218988
2536,2016.0,veloamenage,True,51.83086067063923
1750,2016.0,veloamenage,True,85.16292372670571
1751,2016.0,veloamenage,True,268.49833755321436
1729,2016.0,veloamenage,True,294.7664916799512
1731,2016.0,veloamenage,True,176.12725742690165
1732,2016.0,veloamenage,True,404.36855729687744
1733,2016.0,veloamenage,True,131.6655599219852
1724,2016.0,veloamenage,True,406.00257195576
1727,2016.0,veloamenage,True,148.0046196216452
2188,2016.0,veloamenage,True,109.02841339333933
1713,2016.0,veloamenage,True,961.4114562334992
1858,2016.0,veloamenage,True,188.81678622146663
1860,2016.0,veloamenage,True,282.72512876695583
1719,2016.0,veloamenage,True,166.13019668435436
1704,,veloamenage,True,46.27409190504902
1720,2016.0,veloamenage,True,113.7025945906224
1721,2016.0,veloamenage,True,1370.2192997096374
1744,2016.0,veloamenage,True,276.62876241731794
1745,2016.0,veloamenage,True,307.90567016630496
1746,2016.0,veloamenage,True,1025.1750929478333
1738,2016.0,veloamenage,True,546.5905005132747
1742,2016.0,veloamenage,True,131.39353580221203
1755,2019.0,veloamenage,True,37.66651467516718
1749,2016.0,veloamenage,True,208.86788597117237
1761,2016.0,veloamenage,True,32.95606802701032
1768,2016.0,veloamenage,True,119.02203816825501
1705,,veloamenage,True,77.67013073080287
1706,2016.0,veloamenage,True,120.75740314363793
1709,2016.0,veloamenage,True,474.0662165441186
1780,2016.0,veloamenage,True,792.5113350084592
1776,2016.0,veloamenage,True,273.6866165930845
1779,2016.0,veloamenage,True,213.14645738240588
1786,2016.0,veloamenage,True,569.5768944875706
1785,2016.0,veloamenage,True,578.2338369687127
1787,2016.0,veloamenage,True,228.11420075279452
1788,2016.0,veloamenage,True,718.2969649484643
1789,2016.0,veloamenage,True,1110.770631722439
1791,2016.0,veloamenage,True,191.7051127582758
1688,2016.0,veloamenage,True,538.7626450340939
1698,2016.0,veloamenage,True,107.79754281770313
1699,2016.0,veloamenage,True,274.4315076081662
1700,2016.0,veloamenage,True,364.75995397791866
1702,2016.0,veloamenage,True,122.4557615017155
1681,2016.0,veloamenage,True,77.4332659709617
1682,2019.0,veloamenage,True,1763.8966132330993
1683,,veloamenage,True,588.6992458707543
1672,,veloamenage,True,7.813900122230464
1673,2016.0,veloamenage,True,613.9126177787108
1674,2018.0,veloamenage,True,1021.7786045574048
1676,2016.0,veloamenage,True,275.4443348743238
1679,,veloamenage,True,63.75874143378529
1670,2016.0,veloamenage,True,302.32538350938523
1671,2016.0,veloamenage,True,326.5395162226677
1914,2016.0,veloamenage,True,230.62870569115216
1915,2016.0,veloamenage,True,121.40704941709475
1916,2016.0,veloamenage,True,14.96240227232548
1917,2016.0,veloamenage,True,243.33195200938604
1918,2016.0,veloamenage,True,77.13866411158588
1919,2016.0,veloamenage,True,254.1117343313365
1904,2016.0,veloamenage,True,398.7755272677793
1905,2016.0,veloamenage,True,279.17418286552277
1906,2016.0,veloamenage,True,225.91298661200886
1907,2016.0,veloamenage,True,329.90582910277533
1908,2016.0,veloamenage,True,393.81977415108776
1909,2016.0,veloamenage,True,201.09974423625673
1910,2016.0,veloamenage,True,363.9975161029181
1911,2016.0,veloamenage,True,466.80383277817094
1897,2016.0,veloamenage,True,276.23492692864056
1898,2016.0,veloamenage,True,88.85236714298918
1899,2016.0,veloamenage,True,115.91606277838702
1900,2016.0,veloamenage,True,400.99052462834504
1901,2016.0,veloamenage,True,487.7705964514988
1902,2016.0,veloamenage,True,98.04106443496451
1903,2016.0,veloamenage,True,413.393515856911
1889,2016.0,veloamenage,True,111.54925112812249
1890,2016.0,veloamenage,True,279.94005248547523
1804,2016.0,veloamenage,True,263.94942671086346
1891,2016.0,veloamenage,True,151.69848795883524
1894,2016.0,veloamenage,True,175.12019662835837
1895,2016.0,veloamenage,True,133.95644929971064
1880,2016.0,veloamenage,True,99.82619748654163
1881,2016.0,veloamenage,True,199.00999288421704
1882,2016.0,veloamenage,True,95.42296486407811
1883,2016.0,veloamenage,True,212.90494746067216
1884,2016.0,veloamenage,True,447.18625026119145
1886,2016.0,veloamenage,True,70.05884299574451
1887,2016.0,veloamenage,True,275.76601610288344
1872,2016.0,veloamenage,True,92.26240158575645
1873,2016.0,veloamenage,True,125.61813517489256
1874,2018.0,veloamenage,True,187.80603426541956
1875,2016.0,veloamenage,True,109.65820976758133
1876,2016.0,veloamenage,True,171.08836410340314
1877,2016.0,veloamenage,True,300.0925678384189
1878,2016.0,veloamenage,True,319.46926935191505
1879,2016.0,veloamenage,True,193.75001231559236
1864,2016.0,veloamenage,True,87.2067948866548
1867,2016.0,veloamenage,True,411.7253313062868
1868,2018.0,veloamenage,True,153.25972237276503
1869,2016.0,veloamenage,True,79.07334728080082
1870,2016.0,veloamenage,True,106.70089891550673
1871,2016.0,veloamenage,True,234.72359931816834
1857,2016.0,veloamenage,True,238.18323108653567
1861,2016.0,veloamenage,True,95.8302464630328
1863,2016.0,veloamenage,True,350.21488938175554
1850,2016.0,veloamenage,True,222.22921107916278
1851,2016.0,veloamenage,True,171.24977858082548
1853,2016.0,veloamenage,True,118.3971399290139
1854,2016.0,veloamenage,True,87.34441881185792
1840,2016.0,veloamenage,True,300.9088600131416
1841,2016.0,veloamenage,True,175.3438015487502
1842,2016.0,veloamenage,True,414.9059609015575
1843,2016.0,veloamenage,True,210.42780421377432
1844,2016.0,veloamenage,True,140.4147474970062
1845,2016.0,veloamenage,True,227.79201539600362
1846,2016.0,veloamenage,True,109.17627694211279
1826,2016.0,veloamenage,True,321.4915901855321
1832,,veloamenage,True,388.5656681222444
1835,2016.0,veloamenage,True,1016.8015790719342
1837,2016.0,veloamenage,True,486.86376504412004
1838,2016.0,veloamenage,True,385.9144496454175
1824,2018.0,veloamenage,True,186.87385941057238
1825,2016.0,veloamenage,True,1537.342038739482
1828,2016.0,veloamenage,True,856.1296027600122
2064,2016.0,veloamenage,True,253.26618144295333
2088,2016.0,veloamenage,True,1052.447636596234
2089,2016.0,veloamenage,True,316.631775068365
2091,2016.0,veloamenage,True,446.98385247346664
2090,2016.0,veloamenage,True,260.671949522476
2092,2016.0,veloamenage,True,85.62691606025645
2080,2016.0,veloamenage,True,193.93879954736437
2081,2016.0,veloamenage,True,221.6160429938684
2082,2016.0,veloamenage,True,119.90585436024506
2083,2016.0,veloamenage,True,140.69964316242604
2084,2016.0,veloamenage,True,454.32075756839333
2086,2016.0,veloamenage,True,203.02618899212914
2087,2016.0,veloamenage,True,246.13514967782294
2073,2016.0,veloamenage,True,78.20400140251775
2074,2016.0,veloamenage,True,331.70581836923213
2075,2016.0,veloamenage,True,302.60178435945625
2076,2016.0,veloamenage,True,398.5073155267103
2077,2016.0,veloamenage,True,253.7066111630771
2078,2016.0,veloamenage,True,216.90345441087405
2079,2016.0,veloamenage,True,378.3518787073622
2070,2016.0,veloamenage,True,193.14514789098718
1830,,veloamenage,True,156.88874030726961
2096,2016.0,veloamenage,True,273.7718956097912
2098,2016.0,veloamenage,True,147.94157374254817
2093,2016.0,veloamenage,True,205.49027264972068
2094,2016.0,veloamenage,True,77.53008239150918
2095,2016.0,veloamenage,True,193.47187604228537
2121,2016.0,veloamenage,True,427.7467763827919
2125,2016.0,veloamenage,True,689.9555270723341
2122,2016.0,veloamenage,True,155.26361391365091
2123,2016.0,veloamenage,True,260.8015917251968
2124,2016.0,veloamenage,True,213.38587164939798
2112,2016.0,veloamenage,True,267.80753975721126
2113,2016.0,veloamenage,True,220.38381318321484
2114,2016.0,veloamenage,True,143.01317589859372
2115,2016.0,veloamenage,True,125.15797471194236
2116,2016.0,veloamenage,True,224.0249101751278
2117,2016.0,veloamenage,True,593.0966017706796
2118,2016.0,veloamenage,True,164.0746307484307
2119,2016.0,veloamenage,True,1052.8399545199532
2104,2016.0,veloamenage,True,155.58443962454132
2144,2016.0,veloamenage,True,54.004945636508104
2145,2016.0,veloamenage,True,253.9211859562754
2146,2016.0,veloamenage,True,201.17334217366042
2147,2016.0,veloamenage,True,223.56693359898367
2136,2016.0,veloamenage,True,1209.529265821934
2139,2016.0,veloamenage,True,320.9366348581703
2140,2016.0,veloamenage,True,301.16192494531884
2141,2016.0,veloamenage,True,312.9560567991418
2142,2016.0,veloamenage,True,171.84623856649307
2143,2016.0,veloamenage,True,606.169742532616
2128,2016.0,veloamenage,True,165.0665791284001
2129,2016.0,veloamenage,True,226.98309345134055
2130,2016.0,veloamenage,True,366.21782836370056
2131,2016.0,veloamenage,True,646.7366249351168
2134,2016.0,veloamenage,True,297.46084806518684
1822,,veloamenage,True,102.41665444024082
1823,2016.0,veloamenage,True,148.2221157874242
2149,2016.0,veloamenage,True,47.81527292870258
2148,2016.0,veloamenage,True,71.81657018747543
1810,,veloamenage,True,61.45560049686537
1801,2016.0,veloamenage,True,303.0717684867227
2152,2016.0,veloamenage,True,85.99642889410163
2201,2016.0,veloamenage,True,152.44312875014506
1800,2016.0,veloamenage,True,261.45798108602
1802,,veloamenage,True,85.72415247110445
1805,2016.0,veloamenage,True,261.8120783943232
1806,2016.0,veloamenage,True,439.65079125885836
2153,2016.0,veloamenage,True,98.9500899596384
2154,2016.0,veloamenage,True,113.72328613853735
1811,,veloamenage,True,5.608228360473083
1812,,veloamenage,True,16.027409661243425
1813,,veloamenage,True,11.200785742438933
1807,2016.0,veloamenage,True,670.3943046887576
1792,2016.0,veloamenage,True,225.5012633012956
1816,,veloamenage,True,48.856178159983294
1817,,veloamenage,True,45.29481876835764
1818,2016.0,veloamenage,True,588.411755947855
1814,,veloamenage,True,8.98815340672553
2202,2016.0,veloamenage,True,40.35779084280767
1793,,veloamenage,True,126.70756411018924
1795,2016.0,veloamenage,True,213.71645831728836
1796,2016.0,veloamenage,True,394.6629309365233
1797,2016.0,veloamenage,True,273.3846286681667
1798,2016.0,veloamenage,True,377.39909789215886
1799,2016.0,veloamenage,True,313.010118034808
2040,2016.0,veloamenage,True,275.95540661728427
2041,2016.0,veloamenage,True,98.93158998614737
2042,2016.0,veloamenage,True,407.00162167576445
2043,2016.0,veloamenage,True,270.6779070131377
2044,2016.0,veloamenage,True,243.28895341734562
2045,2016.0,veloamenage,True,250.69523902333006
2046,2016.0,veloamenage,True,271.3039701417884
2047,2016.0,veloamenage,True,712.274299741209
2032,2016.0,veloamenage,True,221.4831987705237
2033,2016.0,veloamenage,True,85.89816185742902
2034,2016.0,veloamenage,True,163.82961401452616
2035,2016.0,veloamenage,True,72.8989025998298
2036,2016.0,veloamenage,True,66.38681338355904
2037,2016.0,veloamenage,True,342.82831764273334
2039,2016.0,veloamenage,True,125.38604275934112
2025,2016.0,veloamenage,True,227.41448583908277
2026,2016.0,veloamenage,True,445.87751848854225
2027,2016.0,veloamenage,True,180.20932092061167
2028,2016.0,veloamenage,True,530.8946007006014
2029,2016.0,veloamenage,True,409.95698567504735
2030,2016.0,veloamenage,True,56.343650011846464
2031,2016.0,veloamenage,True,288.29528343566056
2016,2016.0,veloamenage,True,574.5859657987482
2017,2016.0,veloamenage,True,185.64395797451763
2018,2016.0,veloamenage,True,69.30293674474699
2019,2016.0,veloamenage,True,192.7532274467349
2020,2016.0,veloamenage,True,909.2105810598871
2021,2016.0,veloamenage,True,335.25651236238525
2022,2016.0,veloamenage,True,567.5010377213287
2023,2016.0,veloamenage,True,665.4281117879826
2008,2016.0,veloamenage,True,151.11401759144923
2009,2016.0,veloamenage,True,176.02311694413493
2010,2016.0,veloamenage,True,66.64565600909731
2011,2016.0,veloamenage,True,208.3862479689559
2012,2016.0,veloamenage,True,360.36471606802843
2013,2016.0,veloamenage,True,67.009413770284
2014,2016.0,veloamenage,True,62.26813834618851
2015,2016.0,veloamenage,True,54.593847273594974
2000,2018.0,veloamenage,True,150.26129279583503
2003,2016.0,veloamenage,True,767.4564381892754
2004,2016.0,veloamenage,True,259.7697045852775
2005,2016.0,veloamenage,True,127.6490316340469
2006,2016.0,veloamenage,True,125.25194232181926
2007,2016.0,veloamenage,True,162.6483827262305
1992,2016.0,veloamenage,True,214.23172442629226
1993,2016.0,veloamenage,True,297.26533557449045
1994,2016.0,veloamenage,True,314.8026709235444
1995,2016.0,veloamenage,True,218.29019932631394
1996,2016.0,veloamenage,True,84.21674400383955
1997,2016.0,veloamenage,True,150.79161929792897
1998,2016.0,veloamenage,True,296.17989583623444
1999,2016.0,veloamenage,True,93.74711372674206
1984,2016.0,veloamenage,True,492.51068734498347
1985,2016.0,veloamenage,True,186.02711378816616
1986,2016.0,veloamenage,True,290.88790579615375
1987,2016.0,veloamenage,True,95.54549721753546
1988,2016.0,veloamenage,True,64.16215317619721
1989,2016.0,veloamenage,True,55.77302778318741
1990,2016.0,veloamenage,True,112.31858561303459
1991,2016.0,veloamenage,True,129.1005095339965
1976,2016.0,veloamenage,True,195.246352987875
1977,2016.0,veloamenage,True,321.09335439581866
1978,2016.0,veloamenage,True,559.0584974493974
1979,2016.0,veloamenage,True,272.127073379647
1980,2016.0,veloamenage,True,216.8669067760238
1981,2016.0,veloamenage,True,220.55380744034542
1982,2016.0,veloamenage,True,69.97537890897524
1983,2016.0,veloamenage,True,115.29945070085867
1968,2016.0,veloamenage,True,192.43257277736694
1970,2016.0,veloamenage,True,242.95231955741528
1971,2016.0,veloamenage,True,513.2192619602838
1972,2016.0,veloamenage,True,359.25837849043296
1974,2016.0,veloamenage,True,155.8599381909601
1961,2016.0,veloamenage,True,352.2901434791355
1962,2016.0,veloamenage,True,31.096876317408167
1963,2016.0,veloamenage,True,191.03816632165436
1964,2016.0,veloamenage,True,426.698828914253
1965,2016.0,veloamenage,True,256.72276794202355
1967,2016.0,veloamenage,True,193.3431822196753
1953,2016.0,veloamenage,True,417.2131194411287
1954,2016.0,veloamenage,True,830.5767885544648
1957,2016.0,veloamenage,True,112.22230284740368
1959,2016.0,veloamenage,True,471.4459926771951
1944,2016.0,veloamenage,True,185.97205764964067
1945,2016.0,veloamenage,True,188.73333760563548
1946,2016.0,veloamenage,True,199.1716440686721
1947,2016.0,veloamenage,True,165.3990324486777
1949,2016.0,veloamenage,True,302.9501168724976
1950,2016.0,veloamenage,True,158.04060130351053
1936,2016.0,veloamenage,True,214.99051847761083
1937,2016.0,veloamenage,True,77.37422343571731
1938,2016.0,veloamenage,True,641.9523897492733
1939,2016.0,veloamenage,True,236.60848622502098
1940,2016.0,veloamenage,True,133.84459755860564
1941,2016.0,veloamenage,True,272.3584724895918
1942,2016.0,veloamenage,True,445.28585069225426
1943,2016.0,veloamenage,True,80.50865187356163
1929,2016.0,veloamenage,True,638.1789724895673
1934,2016.0,veloamenage,True,494.88136494119374
1935,2016.0,veloamenage,True,391.47057255023765
1921,2016.0,veloamenage,True,452.5856018164344
1924,2016.0,veloamenage,True,94.3690543686098
1925,2016.0,veloamenage,True,110.82949326156339
1926,2016.0,veloamenage,True,421.7422775032193
1927,2016.0,veloamenage,True,755.657136302487
1528,2018.0,veloamenage,True,22.49324453531532
1529,2018.0,veloamenage,True,23.077910784852634
1530,2018.0,veloamenage,True,21.379526983347304
1531,2018.0,veloamenage,True,23.64118432284281
1532,2018.0,veloamenage,True,36.40094323223045
1533,2018.0,veloamenage,True,37.81004130562372
1534,2018.0,veloamenage,True,22.49324453531532
1535,2018.0,veloamenage,True,23.077910784852634
1523,2018.0,veloamenage,True,269.7741791588
1524,2018.0,veloamenage,True,21.379526983347304
1525,2018.0,veloamenage,True,23.64118432284281
1526,2018.0,veloamenage,True,36.40094323223045
1527,2018.0,veloamenage,True,37.81004130562372
2624,2018.0,veloamenage,True,119.75390218181899
2617,2018.0,veloamenage,True,1037.0534765571622
2615,2016.0,veloamenage,True,376.99522455879435
2593,2018.0,veloamenage,True,160.68568565025893
2594,2018.0,veloamenage,True,200.24266692340382
2597,2018.0,veloamenage,True,174.77276472437
2584,2018.0,veloamenage,True,515.4771389824284
2587,2016.0,veloamenage,True,441.0370747489346
2588,2016.0,veloamenage,True,468.5935554500395
2576,2016.0,veloamenage,True,553.960395071575
2577,2016.0,veloamenage,True,136.33330316743258
2578,2016.0,veloamenage,True,189.21422432808885
2581,2018.0,veloamenage,True,220.10680647089958
2582,2018.0,veloamenage,True,237.41321554084527
2583,2018.0,veloamenage,True,154.17319658195686
2569,2018.0,veloamenage,True,64.6128910960057
2570,2016.0,veloamenage,True,418.86637730690404
2571,2016.0,veloamenage,True,170.74000010337406
2573,2018.0,veloamenage,True,311.4482120351845
2566,2018.0,veloamenage,True,216.39790291239103
2567,2018.0,veloamenage,True,126.39009144548962
2735,2021.0,veloamenage,True,273.10189381945634
2713,2021.0,veloamenage,True,71.86650883991528
2714,2021.0,veloamenage,True,212.02007436178457
2155,2016.0,veloamenage,True,82.57910877523571
2158,2016.0,veloamenage,True,1292.1444848179926
2150,2016.0,veloamenage,True,85.50934686490598
2151,2016.0,veloamenage,True,302.29939092007953
2132,2016.0,veloamenage,True,211.95821315352137
2133,2016.0,veloamenage,True,465.99091050177236
2135,2016.0,veloamenage,True,357.011362270971
2105,2016.0,veloamenage,True,247.64423185726005
2106,2016.0,veloamenage,True,267.2850356720976
2107,2016.0,veloamenage,True,313.24851055620763
2108,2016.0,veloamenage,True,164.71576839279675
2109,2016.0,veloamenage,True,210.72362197024447
2110,2016.0,veloamenage,True,305.09945497817114
2111,2016.0,veloamenage,True,581.1571437457852
2099,2016.0,veloamenage,True,410.9411958994334
2101,2016.0,veloamenage,True,345.3997487284746
2103,2016.0,veloamenage,True,251.38633389136697
2065,2016.0,veloamenage,True,88.74704394528422
2066,2016.0,veloamenage,True,116.12730652137479
2067,2016.0,veloamenage,True,333.9742557402591
2069,2016.0,veloamenage,True,439.34129663357817
2071,2016.0,veloamenage,True,192.7884848702659
2056,2016.0,veloamenage,True,35.03856928367491
2057,2016.0,veloamenage,True,53.076642897751505
2058,2016.0,veloamenage,True,430.1477684786838
2059,2016.0,veloamenage,True,89.04539963811384
2060,2016.0,veloamenage,True,85.85735443434585
2061,2016.0,veloamenage,True,61.23900030207211
2062,2016.0,veloamenage,True,358.7291190378508
2063,2016.0,veloamenage,True,420.5741304733307
2048,2016.0,veloamenage,True,435.09876471948326
2049,2016.0,veloamenage,True,235.32189646902887
2050,2016.0,veloamenage,True,15.46729404741648
2051,2016.0,veloamenage,True,146.21471821869523
2052,2016.0,veloamenage,True,309.34768909132885
2053,2016.0,veloamenage,True,33.344839307785605
2054,2016.0,veloamenage,True,62.862083576596234
2055,2016.0,veloamenage,True,282.57043212977266
2297,2016.0,veloamenage,True,1102.9391494319668
2288,2016.0,veloamenage,True,710.970341721033
2289,2016.0,veloamenage,True,552.2250313779927
2290,2016.0,veloamenage,True,504.8367009373583
2291,2016.0,veloamenage,True,437.52268061343386
2284,2016.0,veloamenage,True,151.02863828423065
2286,2016.0,veloamenage,True,59.51791827344644
2287,2016.0,veloamenage,True,391.44891146899863
2274,2016.0,veloamenage,True,606.6317966195147
2275,2016.0,veloamenage,True,658.9466984276846
2278,2016.0,veloamenage,True,267.69477243564864
2279,2016.0,veloamenage,True,240.14025907705872
2264,2016.0,veloamenage,True,73.33765187925417
2265,2016.0,veloamenage,True,42.150388832328815
2268,2016.0,veloamenage,True,454.12143885668706
2256,2016.0,veloamenage,True,322.24989325749544
2257,2016.0,veloamenage,True,302.83884544364395
2258,2016.0,veloamenage,True,357.6829618096259
2259,2016.0,veloamenage,True,101.71326995386082
2260,2016.0,veloamenage,True,67.8195370849507
2261,2016.0,veloamenage,True,89.98960510912529
2262,2016.0,veloamenage,True,75.55773049017805
2263,2016.0,veloamenage,True,216.8931845878168
2248,2016.0,veloamenage,True,762.3461003396674
2250,2016.0,veloamenage,True,34.2210136993406
2254,2016.0,veloamenage,True,121.17631694072573
2255,2016.0,veloamenage,True,884.5423928513602
2240,2016.0,veloamenage,True,485.6855112054323
2241,2018.0,veloamenage,True,132.079719660567
2244,2016.0,veloamenage,True,1645.0260542374294
2245,2016.0,veloamenage,True,200.54963004480715
2247,2018.0,veloamenage,True,92.45720699496106
2234,2016.0,veloamenage,True,38.37145197741566
2236,2016.0,veloamenage,True,293.7427495998038
2239,2016.0,veloamenage,True,50.619537312424086
2226,2016.0,veloamenage,True,102.47594684447824
2225,2016.0,veloamenage,True,271.4143361902144
2230,2018.0,veloamenage,True,350.7292996846958
2231,2016.0,veloamenage,True,119.62555379984728
2216,2016.0,veloamenage,True,133.57498204247528
2217,2016.0,veloamenage,True,84.16873163542273
2218,2016.0,veloamenage,True,494.34009732913256
2219,2016.0,veloamenage,True,75.40828234583624
2220,2016.0,veloamenage,True,101.97494673358628
2221,2016.0,veloamenage,True,151.79032783466212
2222,2016.0,veloamenage,True,49.49378071193434
2223,2016.0,veloamenage,True,100.58109876014953
2209,2016.0,veloamenage,True,185.16943938141947
2210,2016.0,veloamenage,True,35.282072662113386
2212,2018.0,veloamenage,True,60.91679164784619
2213,2016.0,veloamenage,True,163.2641207689957
2215,2016.0,veloamenage,True,246.6614956711643
2200,2016.0,veloamenage,True,115.86362886786146
2203,2016.0,veloamenage,True,715.5606288788833
2204,2016.0,veloamenage,True,361.0895731423655
2205,2016.0,veloamenage,True,143.81532489335447
2192,2016.0,veloamenage,True,148.8715455177477
2193,2016.0,veloamenage,True,342.3415334243737
2194,2016.0,veloamenage,True,77.69781116058255
2196,2016.0,veloamenage,True,114.19114021760795
2199,2016.0,veloamenage,True,373.5137699178225
2184,2016.0,veloamenage,True,377.39751564452433
2185,2016.0,veloamenage,True,42.97152502116761
2186,2016.0,veloamenage,True,171.90366946380078
2187,2016.0,veloamenage,True,319.0363311948755
2189,2016.0,veloamenage,True,359.39456455410493
2191,2016.0,veloamenage,True,243.61439796745847
2176,2016.0,veloamenage,True,83.01570382187147
2183,2016.0,veloamenage,True,258.60588092939554
2424,2016.0,veloamenage,True,421.05768884084006
2425,2016.0,veloamenage,True,72.48412943056846
2418,2016.0,veloamenage,True,90.26069046252273
2423,2016.0,veloamenage,True,743.0383963866296
2408,2016.0,veloamenage,True,552.8193627781393
2409,2016.0,veloamenage,True,350.9607502356997
2412,2016.0,veloamenage,True,291.6689185023438
2415,2016.0,veloamenage,True,522.5460215751791
2402,2016.0,veloamenage,True,641.8900871980768
2403,2016.0,veloamenage,True,118.84248041183798
2392,2016.0,veloamenage,True,427.58866416363816
2395,2016.0,veloamenage,True,59.98825966445249
2397,2016.0,veloamenage,True,554.6862072525915
2399,2016.0,veloamenage,True,796.6821670078876
2388,2016.0,veloamenage,True,135.36571213948278
2389,2016.0,veloamenage,True,115.03418038022916
2391,2016.0,veloamenage,True,1007.2214896188378
2379,2016.0,veloamenage,True,126.32656780371931
2372,2016.0,veloamenage,True,652.7573665197783
2374,2016.0,veloamenage,True,267.1754793702907
2360,2016.0,veloamenage,True,964.3941234135789
2361,2016.0,veloamenage,True,285.2949740439331
2352,2016.0,veloamenage,True,135.33650962528347
2353,2016.0,veloamenage,True,413.7531254209817
2356,2016.0,veloamenage,True,861.7973127757298
2357,2016.0,veloamenage,True,491.29705710496586
2359,2016.0,veloamenage,True,474.737254137554
2345,2018.0,veloamenage,True,83.54050765853864
2346,2018.0,veloamenage,True,58.03136240358312
2348,2016.0,veloamenage,True,610.7396620165364
2349,2016.0,veloamenage,True,995.1614758857523
2350,2016.0,veloamenage,True,694.8043901727824
2351,2016.0,veloamenage,True,161.47890618229428
2340,2016.0,veloamenage,True,312.3476944555582
2341,2016.0,veloamenage,True,501.19090539986877
2342,2016.0,veloamenage,True,83.07233476812966
2328,2016.0,veloamenage,True,347.50831451877997
2329,2016.0,veloamenage,True,1324.398324359402
2330,2016.0,veloamenage,True,370.4810069186694
2331,2016.0,veloamenage,True,353.7715197457952
2355,2016.0,veloamenage,True,399.8484919329209
2332,2016.0,veloamenage,True,305.5660435933196
2333,2016.0,veloamenage,True,0.7852068756591117
2334,2016.0,veloamenage,True,430.14032079407707
2320,2016.0,veloamenage,True,154.71233579663084
2321,2016.0,veloamenage,True,154.05258484635328
2322,2016.0,veloamenage,True,601.9064666434209
2323,2016.0,veloamenage,True,261.0741138498342
2326,2016.0,veloamenage,True,765.7353757551726
2315,2016.0,veloamenage,True,229.71693511091442
2316,2018.0,veloamenage,True,306.2672376423398
2317,2016.0,veloamenage,True,301.4517913119932
2319,2016.0,veloamenage,True,106.37256043747418
2306,2016.0,veloamenage,True,367.0799286377316
2307,2016.0,veloamenage,True,698.3899941571791
2308,2016.0,veloamenage,True,282.17808645241746
2309,2016.0,veloamenage,True,254.37051357479504
2553,2016.0,veloamenage,True,236.46736652200866
2554,2016.0,veloamenage,True,545.3209117879712
2556,2018.0,veloamenage,True,513.5127251742734
2557,2018.0,veloamenage,True,654.8667361472656
2559,2016.0,veloamenage,True,497.30405481771743
2544,2016.0,veloamenage,True,208.96326236625313
2545,2016.0,veloamenage,True,345.58683993675004
2547,2016.0,veloamenage,True,221.76445971209031
2548,2016.0,veloamenage,True,121.87333588185005
2549,2016.0,veloamenage,True,268.49613221042944
2550,2016.0,veloamenage,True,141.38434785864044
2551,2016.0,veloamenage,True,336.5082455926621
2537,2018.0,veloamenage,True,72.01351130688776
2539,2016.0,veloamenage,True,131.91063261060822
2540,2016.0,veloamenage,True,306.33026324978835
2542,2016.0,veloamenage,True,324.39101658298745
2528,2016.0,veloamenage,True,116.46181239388872
2529,2016.0,veloamenage,True,61.79537567893641
2530,2016.0,veloamenage,True,85.74617658550223
2532,2016.0,veloamenage,True,217.71254766871095
2533,2016.0,veloamenage,True,131.08821597003654
2534,2016.0,veloamenage,True,291.31054598903563
2543,2016.0,veloamenage,True,585.3833860969391
2522,2016.0,veloamenage,True,266.8627755890898
2523,2016.0,veloamenage,True,87.81539991945982
2524,2016.0,veloamenage,True,398.4927836924236
2525,2016.0,veloamenage,True,110.75681898623887
2526,2016.0,veloamenage,True,134.6797014723481
2527,2016.0,veloamenage,True,83.38273535437764
2515,2016.0,veloamenage,True,207.1221180340748
2516,2016.0,veloamenage,True,189.31243395779998
2517,2016.0,veloamenage,True,382.5603227798584
2518,2016.0,veloamenage,True,239.68561119858103
2510,2016.0,veloamenage,True,196.0539945110379
2500,2016.0,veloamenage,True,683.386601577978
2490,2021.0,veloamenage,True,44.79245150550363
2491,2021.0,veloamenage,True,311.9882400752157
2472,2018.0,veloamenage,True,67.33779494306167
2473,2018.0,veloamenage,True,236.4664889379004
2468,2016.0,veloamenage,True,145.72444868405023
2469,2016.0,veloamenage,True,1998.4726072517835
2456,2016.0,veloamenage,True,220.75660936665184
2460,2019.0,veloamenage,True,90.45507049454571
2448,2016.0,veloamenage,True,1114.3908408358168
2449,2016.0,veloamenage,True,212.00081765587333
2450,2016.0,veloamenage,True,426.6123163451111
2454,2016.0,veloamenage,True,178.36425281729043
2455,2016.0,veloamenage,True,117.82504211324843
2440,2016.0,veloamenage,True,343.7115614517066
2441,2016.0,veloamenage,True,464.2811209898173
2442,2016.0,veloamenage,True,382.4908428722961
2439,2016.0,veloamenage,True,159.2743658277543
1656,2016.0,veloamenage,True,342.0194547651685
1657,2016.0,veloamenage,True,239.5618305883832
1659,2016.0,veloamenage,True,15.932254966950739
1660,2016.0,veloamenage,True,314.5586616088888
1661,2016.0,veloamenage,True,160.86072401849074
1648,2016.0,veloamenage,True,1854.0965761105806
1649,,veloamenage,True,684.0676436009385
1651,,veloamenage,True,67.95515389072857
1641,,veloamenage,True,109.4600790555961
1643,2016.0,veloamenage,True,407.0483004379844
1644,2019.0,veloamenage,True,610.3238291986265
1647,2016.0,veloamenage,True,652.1144716552913
1821,2016.0,veloamenage,True,225.32519001353253
2168,2016.0,veloamenage,True,132.48743006407545
2169,2016.0,veloamenage,True,108.71474947772113
2170,2016.0,veloamenage,True,52.57424567024335
2171,2016.0,veloamenage,True,398.3293570843236
2172,2016.0,veloamenage,True,543.3433142231748
2173,2016.0,veloamenage,True,154.63207180549546
2174,2016.0,veloamenage,True,287.4243857379401
2175,2016.0,veloamenage,True,173.55624183198765
2160,2016.0,veloamenage,True,136.24143547783927
2161,2016.0,veloamenage,True,92.51738261441476
2162,2016.0,veloamenage,True,258.58594162679486
2163,2016.0,veloamenage,True,454.4268323487413
2164,2016.0,veloamenage,True,432.32988285997646
2165,2018.0,veloamenage,True,327.1283651990486
2166,2016.0,veloamenage,True,239.30942663873185
2167,2016.0,veloamenage,True,104.5163601899876
2156,2016.0,veloamenage,True,583.2396057439303
2159,2016.0,veloamenage,True,31.669109274615327
2157,2016.0,veloamenage,True,245.6057436854239
2812,2016.0,veloamenage,True,30.671828978597368
2807,2021.0,veloamenage,True,72.21800822732294
1633,2016.0,veloamenage,True,223.02887766770607
1634,,veloamenage,True,302.5001494674035
1545,2018.0,velononamenage,True,1240.7027653965968
1548,2018.0,velononamenage,True,87.09724758563493
1549,2018.0,velononamenage,True,584.5941209772883
1543,2018.0,velononamenage,True,26.287231207157497
2818,2021.0,velononamenage,True,1014.1971025999718
1496,2016.0,velononamenage,True,936.3620545263201
1497,2016.0,velononamenage,True,763.6850625286087
1498,2016.0,velononamenage,True,930.0004918215161
1500,2016.0,velononamenage,True,1497.4101885068094
2451,2016.0,velononamenage,True,48.528362030019935
1777,,velononamenage,True,74.70386017373396
1783,2016.0,velononamenage,True,705.5749598496944
1506,2016.0,velononamenage,True,270.2055651953793
1507,2016.0,velononamenage,True,129.99730789991753
2197,2016.0,velononamenage,True,145.56427487662918
2826,2022.0,velononamenage,True,535.4995500673357
1510,2016.0,velononamenage,True,154.65983347508856
2180,2016.0,velononamenage,True,197.68747246621905
2478,2016.0,velononamenage,True,386.324088512427
2477,2016.0,velononamenage,True,893.4428981056286
1609,2018.0,velononamenage,True,419.9984375540741
1610,2018.0,velononamenage,True,100.31917080904032
1614,2018.0,velononamenage,True,168.3476750765749
2827,2016.0,velononamenage,True,1118.2323369618039
1544,2018.0,velononamenage,True,742.429690616818
1550,2018.0,velononamenage,True,15.876410227669382
2301,2016.0,velononamenage,True,532.5918566771023
2283,2022.0,velononamenage,True,140.7246653977793
1952,2022.0,velononamenage,True,279.7642249007666
1546,2022.0,velononamenage,True,221.44594702032475
2300,2016.0,velononamenage,True,1037.8015642796547
2246,2016.0,velononamenage,True,361.5158442941974
2830,,velononamenage,True,1055.9598054817702
2497,2016.0,velononamenage,True,1834.5431047026755
2496,2016.0,velononamenage,True,779.111297023461
1552,2018.0,velononamenage,True,344.6687471299789
1553,2018.0,velononamenage,True,439.5952059382186
1554,2018.0,velononamenage,True,711.725952328684
1555,2018.0,velononamenage,True,21.316820074570145
1551,2018.0,velononamenage,True,613.4197009765471
2495,2016.0,velononamenage,True,287.1897921812904
2494,2016.0,velononamenage,True,325.0792999008623
1808,2016.0,velononamenage,True,572.1253387385206
2498,2016.0,velononamenage,True,194.12996043188954
1568,2018.0,velononamenage,True,73.26394687387014
1569,2018.0,velononamenage,True,111.72638876399886
1570,2018.0,velononamenage,True,591.9655128042638
1571,2018.0,velononamenage,True,79.42018816752625
1560,2019.0,velononamenage,True,139.4548879311039
1561,2019.0,velononamenage,True,49.93582106317693
1562,2019.0,velononamenage,True,6.657672272162884
1563,2019.0,velononamenage,True,110.96415106290881
1564,2019.0,velononamenage,True,177.1688662684558
1565,2019.0,velononamenage,True,115.10452621422188
1567,2018.0,velononamenage,True,75.89482291025423
1559,2019.0,velononamenage,True,11.477542386857003
1592,2018.0,velononamenage,True,16.822928417100975
1593,2018.0,velononamenage,True,121.96239441903904
1594,2018.0,velononamenage,True,17.153050314116935
1582,2018.0,velononamenage,True,238.6520890322186
1595,2018.0,velononamenage,True,20.1971025343461
1596,2018.0,velononamenage,True,119.15654181453061
1585,2018.0,velononamenage,True,14.16187395155885
1586,2018.0,velononamenage,True,1.1105892455604711
1587,2018.0,velononamenage,True,19.242170340665083
1588,2018.0,velononamenage,True,26.783637073978312
1589,2018.0,velononamenage,True,223.26345151563243
1590,2018.0,velononamenage,True,145.99597495408904
1591,2018.0,velononamenage,True,12.565369826369906
1578,2018.0,velononamenage,True,96.37758963147093
1583,2018.0,velononamenage,True,21.296850846829937
1769,,velononamenage,True,57.11384408531881
1772,2016.0,velononamenage,True,445.46478657301617
1773,2016.0,velononamenage,True,85.79288943830045
1584,2018.0,velononamenage,True,10.66885928991153
1760,,velononamenage,True,65.23322311280229
1758,2016.0,velononamenage,True,319.02729727726586
1743,2016.0,velononamenage,True,2748.62220268436
1734,2016.0,velononamenage,True,954.648935118447
1735,2016.0,velononamenage,True,145.7470110995944
1723,2016.0,velononamenage,True,514.0393615084522
1712,2016.0,velononamenage,True,715.4894311381345
1714,2016.0,velononamenage,True,199.50348163369426
1716,2016.0,velononamenage,True,1046.5546389726683
1717,2018.0,velononamenage,True,839.565574615026
1718,,velononamenage,True,836.00132978291
1722,2016.0,velononamenage,True,382.4294169480565
1736,2016.0,velononamenage,True,977.7579467194331
1737,2016.0,velononamenage,True,526.6779580336979
1739,2016.0,velononamenage,True,395.1053606844615
1740,2016.0,velononamenage,True,1521.158639126203
1741,2016.0,velononamenage,True,1365.8137565934926
1752,2018.0,velononamenage,True,1487.8125614102428
1753,2016.0,velononamenage,True,467.12889779313423
1708,2018.0,velononamenage,True,476.1737631325091
1710,,velononamenage,True,450.6298612259661
1778,,velononamenage,True,58.15625167951126
1784,2018.0,velononamenage,True,207.78089926169062
1711,2016.0,velononamenage,True,271.9439431635904
1696,,velononamenage,True,37.46716904101248
1697,,velononamenage,True,890.1479564832072
1689,2016.0,velononamenage,True,157.2461635363691
1690,2016.0,velononamenage,True,381.15744865106467
1691,2016.0,velononamenage,True,268.56327302020304
1692,2016.0,velononamenage,True,152.11636594857396
1693,2016.0,velononamenage,True,704.6582940093422
1694,2018.0,velononamenage,True,492.8258735026742
1685,2016.0,velononamenage,True,621.9907708441034
1695,,velononamenage,True,234.6997179668462
1684,2016.0,velononamenage,True,961.7130115082274
1686,2016.0,velononamenage,True,360.69544419699747
1687,2016.0,velononamenage,True,651.1356604075062
1675,2016.0,velononamenage,True,415.04634115186667
1666,,velononamenage,True,691.4515079122497
1669,2016.0,velononamenage,True,155.7419630141054
1888,2016.0,velononamenage,True,202.12262277692997
1833,,velononamenage,True,604.047622201231
1834,,velononamenage,True,546.4438934827859
1836,2016.0,velononamenage,True,154.06655910491475
2085,2018.0,velononamenage,True,143.8543569677449
2097,2022.0,velononamenage,True,232.75446492641188
2120,2018.0,velononamenage,True,724.1243759776037
2137,2018.0,velononamenage,True,127.5350676529084
2138,2018.0,velononamenage,True,63.44959972596905
1581,2018.0,velononamenage,True,202.57583794638708
2819,2021.0,velononamenage,True,277.03622094441994
1803,,velononamenage,True,1333.6828757353871
1820,2016.0,velononamenage,True,224.2594434698296
1494,2016.0,velononamenage,True,1126.4371200655173
1495,2016.0,velononamenage,True,4142.756355076887
2613,2016.0,velononamenage,True,264.4593996558971
2600,2018.0,velononamenage,True,290.3865864113652
2595,2018.0,velononamenage,True,196.15514368025083
2596,2018.0,velononamenage,True,122.74272285211762
2591,2018.0,velononamenage,True,1051.0800235421527
2579,2016.0,velononamenage,True,355.11193622506016
2580,2018.0,velononamenage,True,1197.3404709055412
2572,2016.0,velononamenage,True,555.6446786166788
2574,2018.0,velononamenage,True,219.36485164373042
2575,2018.0,velononamenage,True,62.3651794366853
2564,2018.0,velononamenage,True,41.513428367010846
2565,2018.0,velononamenage,True,894.850872188311
2292,2016.0,velononamenage,True,391.44554945115186
2293,2016.0,velononamenage,True,504.70157757543996
2294,2016.0,velononamenage,True,892.6770283097167
2273,2016.0,velononamenage,True,130.93076099879636
2276,2016.0,velononamenage,True,570.4102482198142
2269,2016.0,velononamenage,True,220.5927369697887
2270,2016.0,velononamenage,True,282.5904855740454
2271,2016.0,velononamenage,True,253.7621095561437
2249,2018.0,velononamenage,True,286.1980072866025
2252,2018.0,velononamenage,True,153.84246984276345
2253,2016.0,velononamenage,True,60.68629320239877
2235,2018.0,velononamenage,True,206.01768720934342
2237,2016.0,velononamenage,True,217.3117890010131
2238,2016.0,velononamenage,True,672.8364150587702
2224,2016.0,velononamenage,True,75.54312114402452
2227,2018.0,velononamenage,True,116.39468963805007
2229,2016.0,velononamenage,True,2831.334654199517
2207,2018.0,velononamenage,True,92.77378062541126
2195,2018.0,velononamenage,True,320.0202473546076
2190,2016.0,velononamenage,True,224.54285720055807
2208,2016.0,velononamenage,True,264.6742881339019
2206,2022.0,velononamenage,True,295.67668162239136
2427,2016.0,velononamenage,True,142.9964041203304
2428,2016.0,velononamenage,True,85.05039856732726
2429,2016.0,velononamenage,True,190.90329739602225
2430,2016.0,velononamenage,True,206.96361737711788
2431,2016.0,velononamenage,True,190.98521273791877
2416,2016.0,velononamenage,True,1109.2930100934057
2419,2018.0,velononamenage,True,640.911152189332
2413,2016.0,velononamenage,True,420.3304002481931
2400,2016.0,velononamenage,True,246.73182524602353
2404,2016.0,velononamenage,True,466.3205693096102
2406,2016.0,velononamenage,True,418.76037725262086
2407,2016.0,velononamenage,True,342.4980101738724
2394,2016.0,velononamenage,True,737.5280634719164
2396,2016.0,velononamenage,True,320.36466543945323
2398,2016.0,velononamenage,True,1107.2240430537024
2384,2016.0,velononamenage,True,171.3000421870136
2385,2016.0,velononamenage,True,131.669773376809
2386,2016.0,velononamenage,True,458.53159809394975
2377,2016.0,velononamenage,True,81.75641022538316
2381,2016.0,velononamenage,True,913.7921206684553
2368,2016.0,velononamenage,True,925.3950763048501
2369,2016.0,velononamenage,True,205.96325455699463
2371,2016.0,velononamenage,True,507.5461954082573
2373,2016.0,velononamenage,True,346.42733224584475
2375,2016.0,velononamenage,True,842.3124002560215
2363,2016.0,velononamenage,True,903.9078675255771
2364,2016.0,velononamenage,True,346.37111243962227
2365,2016.0,velononamenage,True,471.39562241543325
2366,2016.0,velononamenage,True,251.6953879164995
2367,2016.0,velononamenage,True,341.4708896480512
2338,2016.0,velononamenage,True,761.7895439419384
2324,2018.0,velononamenage,True,300.2903808503326
2325,2018.0,velononamenage,True,399.01913963065533
2312,2016.0,velononamenage,True,436.45341921663464
2318,2016.0,velononamenage,True,2397.4655415636116
2304,2018.0,velononamenage,True,358.06030638780055
2311,2016.0,velononamenage,True,191.57611098332202
2555,2018.0,velononamenage,True,1787.3422136678498
2558,2018.0,velononamenage,True,274.91822890471053
2546,2018.0,velononamenage,True,444.69602121834157
2538,2016.0,velononamenage,True,925.9090337091488
2520,2016.0,velononamenage,True,172.42926216394972
2521,2016.0,velononamenage,True,770.6675948650429
2513,2016.0,velononamenage,True,2305.652931627322
2519,2016.0,velononamenage,True,161.1173405724659
2504,2016.0,velononamenage,True,573.8595243859501
2505,2016.0,velononamenage,True,5007.270791739818
2506,2016.0,velononamenage,True,368.1458132980053
2507,2016.0,velononamenage,True,2801.28287928076
2508,2016.0,velononamenage,True,2279.1227924953296
2509,2016.0,velononamenage,True,5103.986029675977
2511,2016.0,velononamenage,True,1090.8527043510937
2503,2016.0,velononamenage,True,3296.410064074204
2493,2016.0,velononamenage,True,1906.6087937435768
2480,2016.0,velononamenage,True,309.97768197219125
2481,2016.0,velononamenage,True,230.90551118649952
2482,2016.0,velononamenage,True,669.0958008616801
2483,2016.0,velononamenage,True,998.1318648833376
2484,2016.0,velononamenage,True,1155.6355874760743
2485,2016.0,velononamenage,True,3783.7879159275367
2486,2016.0,velononamenage,True,1297.442332214629
2474,2016.0,velononamenage,True,496.21355992668276
2479,2016.0,velononamenage,True,237.67315875639167
2464,2016.0,velononamenage,True,313.3812623789147
2465,2016.0,velononamenage,True,413.3765866761806
2466,2016.0,velononamenage,True,1074.2547971755682
2467,2016.0,velononamenage,True,345.81555161493776
2471,2016.0,velononamenage,True,370.9005632790256
2457,2016.0,velononamenage,True,847.5143109928256
2462,2016.0,velononamenage,True,659.6131685608535
2463,2016.0,velononamenage,True,1502.0946036967493
2452,2016.0,velononamenage,True,422.0744365445517
2453,2016.0,velononamenage,True,1061.3921418845496
2445,2016.0,velononamenage,True,407.40336178339464
2446,2016.0,velononamenage,True,1843.0388159293875
2432,2016.0,velononamenage,True,114.10239882010134
2433,2016.0,velononamenage,True,64.91762210893636
2434,2016.0,velononamenage,True,704.7720955226273
2435,2016.0,velononamenage,True,506.257939956709
2436,2016.0,velononamenage,True,1130.9710693921254
2437,2016.0,velononamenage,True,490.00844557159644
2438,2016.0,velononamenage,True,118.33887966154195
1650,,velononamenage,True,141.23118627726967
1652,2016.0,velononamenage,True,144.46658413831915
1653,2016.0,velononamenage,True,86.6377885214252
1654,2016.0,velononamenage,True,179.8615957603575
1640,2016.0,velononamenage,True,147.0281109814043
1655,2016.0,velononamenage,True,249.22926344869614
1635,2016.0,velononamenage,True,226.82280316833663
2800,2016.0,velononamenage,True,571.1452591167271
2801,2016.0,velononamenage,True,519.7530640575075
2802,2016.0,velononamenage,True,102.56011708312909
2803,2016.0,velononamenage,True,277.0697047652478
2804,2016.0,velononamenage,True,100.69233229280889
2798,2016.0,velononamenage,True,430.2411349368938
1638,,velononamenage,True,820.0028271770896
1639,,velononamenage,True,160.73455363764756
2877,2022.0,velodifficile,True,1024.1879002183086
2878,2022.0,velodifficile,True,487.41387164513475
2901,2022.0,velodifficile,True,473.8566578145886
2393,2022.0,velodifficile,True,371.52261687511
2376,2022.0,velodifficile,True,872.3865007598187
2904,2022.0,velodifficile,True,348.3270737557535
2370,2018.0,velodifficile,True,398.9840782335039
1948,2022.0,velodifficile,True,128.83386076690246
2426,2016.0,velodifficile,True,471.3965282554139
1960,2022.0,velodifficile,True,250.82818290052882
2285,2022.0,velodifficile,True,263.96841978793407
2501,2022.0,velodifficile,True,237.0047248061332
2831,2022.0,velodifficile,True,314.8182549983483
2832,2022.0,velodifficile,True,194.46952685727763
2414,2022.0,velodifficile,True,1357.5567220771477
1566,2018.0,velodifficile,True,1672.321088790182
1642,2022.0,velodifficile,True,683.6230051274092
2382,2022.0,velodifficile,True,1040.6105394722435
2379,2022.0,velodifficile,True,98.0061970335421
2384,2022.0,velodifficile,True,171.3000421870136
2377,2022.0,velodifficile,True,81.75641022538316
2911,2022.0,velodifficile,True,225.80063652930016
2912,2022.0,velodifficile,True,612.2441984151196
2923,2022.0,velodifficile,True,448.59640553493284
2924,2022.0,velodifficile,True,263.7158493120446
2887,2022.0,velodifficile,True,392.84141976216284
2889,2022.0,velodifficile,True,140.14366586400547
2368,2022.0,velodifficile,True,285.96767392018324
2918,2022.0,velodifficile,True,579.7228204637163
1748,2022.0,velodifficile,True,2148.8227249955225
1747,2022.0,velodifficile,True,516.2179640298502
1726,2022.0,velodifficile,True,720.2362851330382
2354,2022.0,velodifficile,True,467.4148791100651
1858,2022.0,velodifficile,True,188.81678622146663
1716,2022.0,velodifficile,True,458.42608579886627
1715,2022.0,velodifficile,True,25.176511840345327
1717,2022.0,velodifficile,True,839.565574615026
1754,2016.0,velodifficile,True,487.9432925264264
1764,2022.0,velodifficile,True,297.09546561796856
1768,2022.0,velodifficile,True,137.10811626749347
1706,2022.0,velodifficile,True,120.75740314363793
2613,2022.0,velodifficile,True,264.4593996558971
2847,2022.0,velodifficile,True,48.933877188017036
2603,2022.0,velodifficile,True,3005.4397696265055
2519,2022.0,velodifficile,True,161.1173405724659
2229,2022.0,velodifficile,True,2831.334654199517
2837,2022.0,velodifficile,True,2571.592604259213
2838,2022.0,velodifficile,True,611.065577670066
1700,2022.0,velodifficile,True,364.75995397791866
1703,2022.0,velodifficile,True,348.5410378030414
1701,2022.0,velodifficile,True,126.66913287459268
1682,2022.0,velodifficile,True,1763.8966132330993
1677,2018.0,velodifficile,True,923.7267755650246
1667,2022.0,velodifficile,True,421.9125281645239
1668,2022.0,velodifficile,True,296.7231077309591
1664,2016.0,velodifficile,True,1006.7366358161009
2853,2022.0,velodifficile,True,916.9421901304961
2854,2022.0,velodifficile,True,790.5649849609276
1905,2022.0,velodifficile,True,290.2558775167841
1910,2022.0,velodifficile,True,370.12935945027084
1852,2022.0,velodifficile,True,469.6590160594415
1851,2022.0,velodifficile,True,171.24977858082548
2860,2022.0,velodifficile,True,216.27758486241856
2863,2022.0,velodifficile,True,411.1042685014436
2869,2022.0,velodifficile,True,967.0550112611966
1830,2022.0,velodifficile,True,156.88874030726961
2892,2022.0,velodifficile,True,64.01659511151816
1809,2022.0,velodifficile,True,803.4330824418621
2616,2018.0,velodifficile,True,1295.9531147908567
2604,2018.0,velodifficile,True,1525.240699186618
2596,2022.0,velodifficile,True,122.74272285211762
2586,2018.0,velodifficile,True,803.3427202833419
2589,2018.0,velodifficile,True,1833.3334398383925
2590,2018.0,velodifficile,True,948.543100184296
2563,2022.0,velodifficile,True,988.5401484172446
2295,2016.0,velodifficile,True,366.5310517750156
2266,2018.0,velodifficile,True,666.4579354355674
2274,2022.0,velodifficile,True,649.1472319260965
2211,2016.0,velodifficile,True,200.26055095551024
2410,2016.0,velodifficile,True,113.17826737928188
2401,2016.0,velodifficile,True,849.4652954880167
2431,2022.0,velodifficile,True,190.98521273791877
2383,2022.0,velodifficile,True,691.6916320644439
2344,2016.0,velodifficile,True,453.03074409941746
2343,2016.0,velodifficile,True,215.56731228714855
2338,2022.0,velodifficile,True,761.7895439419384
2327,2016.0,velodifficile,True,381.3965839832945
2335,2022.0,velodifficile,True,261.4284294234351
2324,2022.0,velodifficile,True,300.2903808503326
2310,2016.0,velodifficile,True,33.55901045543937
2525,2022.0,velodifficile,True,110.75681898623887
2514,2016.0,velodifficile,True,1610.2029490403925
2506,2022.0,velodifficile,True,368.1458132980053
2475,2022.0,velodifficile,True,220.9138863254627
2488,2016.0,velodifficile,True,445.24042097111527
2492,2016.0,velodifficile,True,129.6998245916186
2487,2016.0,velodifficile,True,656.422520454038
2485,2022.0,velodifficile,True,1727.9056338643536
2465,2022.0,velodifficile,True,429.7888161932325
1647,2022.0,velodifficile,True,637.1303858314104
2775,2021.0,velodifficile,True,723.6148459678462
2813,2022.0,velodifficile,True,372.47501203285697
2810,2021.0,velodifficile,True,673.4391660101778
1637,2022.0,velodifficile,True,620.1666999958435
1639,2022.0,velodifficile,True,160.73455363764756
1635,2022.0,velodifficile,True,332.7014612693836
