mob_arce_id,geo_point_2d,mob_arce_nb,mob_arce_typ,mob_arce_datecre
46,"45.1865894781128,5.72616761182579",1,"nouveau modèle",20010101000000
47,"45.1873270966455,5.72778228524969",2,"nouveau modèle",20060101000000
48,"45.1875477425917,5.72837930646545",3,"nouveau modèle",19990101000000
49,"45.1870128765722,5.72856041280374",5,"nouveau modèle",20040101000000
50,"45.1876032980993,5.72890982744115",5,"ancien modèle",19930101000000
51,"45.1877025435761,5.72929516008192",2,"nouveau modèle",20030101000000
52,"45.1860227163318,5.72975723191191",4,"nouveau modèle",19990101000000
53,"45.1858939830464,5.7289246745122",5,"nouveau modèle",20140917000000
54,"45.1871198974789,5.73059952274487",2,"nouveau modèle",20000101000000
55,"45.188890970089,5.73100066417964",9,"nouveau modèle",20080101000000
56,"45.1892951833146,5.73153415852877",6,"nouveau modèle",20000101000000
57,"45.1895843630927,5.73147469290265",4,"nouveau modèle",19990101000000
58,"45.1894946132978,5.732639387814",4,"nouveau modèle",20010101000000
59,"45.1885407680164,5.73296522985359",9,"nouveau modèle",19990101000000
60,"45.1886339195629,5.73456659701571",2,"nouveau modèle",20030101000000
61,"45.1881278253056,5.73525111063354",3,"nouveau modèle",20030101000000
62,"45.1896051614382,5.73407335034186",3,"nouveau modèle",20040101000000
63,"45.1895694936331,5.73392551118185",1,"nouveau modèle",20020101000000
64,"45.1894889820235,5.73416354875485",1,"nouveau modèle",20040101000000
65,"45.1900427611128,5.73375147802321",3,"nouveau modèle",20020101000000
66,"45.1904303211526,5.73484029322586",3,"nouveau modèle",19900101000000
67,"45.1894782168931,5.73719592969868",5,"nouveau modèle",20030101000000
68,"45.1899656043768,5.73667510975755",4,"nouveau modèle",19930101000000
69,"45.1898015834521,5.73143830562675",4,"nouveau modèle",19990101000000
70,"45.1901141943356,5.73127521596605",6,"nouveau modèle",20030101000000
71,"45.1909750658535,5.73275908525453",5,"nouveau modèle",20040101000000
72,"45.1909339163294,5.73272249505379",3,"nouveau modèle",20060101000000
73,"45.1908436482206,5.73240889389506",3,"nouveau modèle",20060101000000
74,"45.1914023248113,5.73165959412069",2,"nouveau modèle",20000101000000
75,"45.1913915201814,5.73156263363951",3,"nouveau modèle",20000101000000
76,"45.1921114137331,5.73398484640956",4,"nouveau modèle",20040101000000
77,"45.1935769772255,5.73378817732623",3,"nouveau modèle",20100101000000
78,"45.1929442385251,5.73298095929912",2,"nouveau modèle",20030101000000
79,"45.1932743803987,5.73193398101705",7,"nouveau modèle",20120101000000
80,"45.1928321242568,5.73134497816884",9,"nouveau modèle",19990101000000
81,"45.1924659674602,5.73143088628541",5,"nouveau modèle",20000101000000
82,"45.1920990317435,5.73123041546446",5,"nouveau modèle",20100101000000
83,"45.1920082758841,5.73188421462149",5,"nouveau modèle",20060101000000
84,"45.1915776866613,5.7306496519585",8,"nouveau modèle",20110101000000
85,"45.191679887555,5.73066860165514",2,"nouveau modèle",19990101000000
86,"45.1926020385212,5.72989196946663",4,"nouveau modèle",20040101000000
87,"45.190648022067,5.72913669874112",5,"nouveau modèle",20040101000000
88,"45.1908014134115,5.72921054323472",3,"nouveau modèle",20040101000000
89,"45.1915052400149,5.72950629466093",2,"nouveau modèle",20040101000000
90,"45.1915745854654,5.72954320312043",2,"nouveau modèle",20040101000000
135,"45.1872322608772,5.7225250674379",5,"nouveau modèle",20000101000000
136,"45.187997731454,5.72172783708337",3,"nouveau modèle",20010101000000
137,"45.1850140878529,5.72327773722473",5,"nouveau modèle",19980101000000
138,"45.1850964497892,5.72332195105928",12,"nouveau modèle",20120101000000
139,"45.1906575952167,5.72349715733549",12,"nouveau modèle",20100101000000
140,"45.1905284698578,5.72276468495637",2,"nouveau modèle",20020101000000
141,"45.1904551715939,5.72281764702937",2,"nouveau modèle",20020101000000
142,"45.1913320070602,5.72266317697799",2,"nouveau modèle",19990101000000
143,"45.1910165301464,5.72120376979187",3,"nouveau modèle",19950101000000
144,"45.1909889077239,5.72146492219063",3,"nouveau modèle",19980101000000
145,"45.1907755303863,5.72146325985685",2,"nouveau modèle",19900101000000
146,"45.1900811339501,5.72184235333434",2,"ancien modèle",19930101000000
147,"45.1895376485819,5.72221030504259",4,"ancien modèle",19930101000000
148,"45.188995080459,5.72235136838084",2,"nouveau modèle",20020101000000
149,"45.1889489483328,5.72364784588969",2,"nouveau modèle",20010101000000
150,"45.1886778061044,5.72398713646505",4,"nouveau modèle",19900101000000
151,"45.1884534824935,5.72292795205446",3,"ancien modèle",20020101000000
152,"45.1884254348409,5.72295174218452",2,"nouveau modèle",20020101000000
153,"45.1891070529731,5.72164510879277",5,"nouveau modèle",20020101000000
154,"45.1892731033891,5.72141063198389",5,"nouveau modèle",20020101000000
155,"45.1900878041258,5.71987079873058",3,"nouveau modèle",19900101000000
156,"45.1883760196622,5.71935161639598",3,"nouveau modèle",19900101000000
157,"45.1878970068347,5.72034568495757",3,"nouveau modèle",20010101000000
158,"45.1880113337675,5.72037597070841",3,"nouveau modèle",20010101000000
159,"45.1872124249327,5.71894771269041",4,"nouveau modèle",20020101000000
160,"45.1866018496651,5.72074239703361",3,"nouveau modèle",19900101000000
161,"45.1853941502675,5.72226626901311",2,"nouveau modèle",20020101000000
162,"45.1855326792945,5.72032475408506",1,"nouveau modèle",20010101000000
163,"45.1844787617035,5.72086335305415",3,"nouveau modèle",20020101000000
164,"45.1846620114124,5.72151543383976",2,"nouveau modèle",20020101000000
165,"45.1850327191986,5.72196600505169",4,"nouveau modèle",19980101000000
166,"45.1830098924967,5.71811418029413",2,"nouveau modèle",20020101000000
167,"45.1830421106202,5.71832333717555",2,"nouveau modèle",20020101000000
168,"45.1830054667093,5.71905952369851",2,"nouveau modèle",19900101000000
169,"45.183142998068,5.7182572605044",2,"nouveau modèle",20020101000000
170,"45.1843961282586,5.7181202161204",2,"nouveau modèle",20140821000000
171,"45.1839837226044,5.7190070980223",2,"nouveau modèle",20020101000000
172,"45.1840934805866,5.71789327406542",3,"nouveau modèle",20140821000000
173,"45.185444806191,5.71834569076385",3,"nouveau modèle",19900101000000
174,"45.1860562600846,5.71853055411223",3,"nouveau modèle",19900101000000
175,"45.1863645928092,5.71866138445559",2,"nouveau modèle",19900101000000
176,"45.1863330776684,5.71921953550728",4,"nouveau modèle",20020101000000
177,"45.1849756809242,5.71957232482663",2,"nouveau modèle",20080101000000
178,"45.1847294698831,5.71935680170924",3,"nouveau modèle",20020101000000
179,"45.1840943758162,5.72043012777463",3,"nouveau modèle",20010101000000
180,"45.1838813475087,5.72039993627833",5,"nouveau modèle",20010101000000
181,"45.1821302711541,5.72090472627982",2,"nouveau modèle",20020101000000
182,"45.1826242167215,5.72158403995453",5,"nouveau modèle",20020101000000
183,"45.1815546249189,5.72184744513315",4,"nouveau modèle",20020101000000
184,"45.1813418461,5.71767917399747",2,"nouveau modèle",20040101000000
185,"45.1814673821058,5.71704502795693",4,"nouveau modèle",20040101000000
186,"45.194522122643,5.73284951885442",3,"ancien modèle",19930101000000
187,"45.1943313229072,5.73439786186104",8,"nouveau modèle",20040101000000
188,"45.1937893925544,5.73256037648653",3,"ancien modèle",19930101000000
189,"45.1939801009486,5.73178927388462",4,"nouveau modèle",20120101000000
190,"45.1941403457341,5.72993092632935",3,"nouveau modèle",19900101000000
191,"45.1936695550974,5.72983792384982",2,"nouveau modèle",19900101000000
192,"45.1930739062173,5.72907782972853",9,"nouveau modèle",20120101000000
193,"45.193067677898,5.72765966603689",7,"nouveau modèle",20050101000000
194,"45.1929619152628,5.72615531205998",7,"nouveau modèle",20090101000000
195,"45.1915152763385,5.72535894926541",5,"nouveau modèle",19930101000000
196,"45.1921809761032,5.72308622114118",4,"nouveau modèle",20050101000000
197,"45.1921948619074,5.72319076195457",3,"nouveau modèle",20050101000000
198,"45.1924658916719,5.72263205164803",3,"nouveau modèle",20030101000000
199,"45.1920092927514,5.72205201639158",2,"nouveau modèle",20010101000000
200,"45.1914822508411,5.72255846405493",4,"nouveau modèle",20000101000000
201,"45.1920523426292,5.72109747054377",3,"nouveau modèle",19900101000000
202,"45.1917120912062,5.72074889840407",3,"ancien modèle",19930101000000
203,"45.1912899389104,5.72027386978233",2,"nouveau modèle",20040101000000
204,"45.1880377016788,5.72780495639566",2,"nouveau modèle",20060101000000
205,"45.1920023157961,5.71987112857974",2,"nouveau modèle",19970101000000
206,"45.1918026953911,5.72010126834552",2,"arceaux moto",20010101000000
207,"45.1911628314761,5.7198381247995",4,"nouveau modèle",19900101000000
208,"45.1911772497342,5.71996750005228",4,"nouveau modèle",19900101000000
209,"45.1910143504692,5.71966634776947",3,"nouveau modèle",20010101000000
210,"45.1906073058148,5.71969343045113",2,"nouveau modèle",19900101000000
211,"45.1896614834684,5.71938879921693",3,"nouveau modèle",19900101000000
212,"45.1896799304749,5.71880706174383",4,"nouveau modèle",20020101000000
213,"45.1895705812646,5.7188321363742",3,"nouveau modèle",20020101000000
214,"45.1897283503361,5.71785414056225",3,"nouveau modèle",20020101000000
215,"45.1898149476198,5.71768184622404",3,"nouveau modèle",20020101000000
216,"45.1900542051714,5.71652703362463",3,"nouveau modèle",20020101000000
217,"45.1899298765359,5.71649252875241",3,"nouveau modèle",20020101000000
218,"45.1899538518274,5.71621496585368",3,"nouveau modèle",19900101000000
219,"45.190647554766,5.71742352248745",5,"nouveau modèle",19990101000000
220,"45.1907034120153,5.7184884062055",2,"nouveau modèle",19900101000000
221,"45.1908881791458,5.71877553974871",3,"nouveau modèle",20000101000000
222,"45.1918049501864,5.71855164656729",3,"nouveau modèle",20020101000000
91,"45.1916512281288,5.72956023662021",2,"nouveau modèle",20040101000000
92,"45.1926334634379,5.72902961104851",6,"nouveau modèle",19990101000000
93,"45.1923229774982,5.72728681599247",6,"nouveau modèle",20090101000000
94,"45.1912102658504,5.72771741428345",13,"nouveau modèle",20030101000000
95,"45.1904924026852,5.72933109193009",2,"nouveau modèle",20020101000000
96,"45.1904782013968,5.72961854046326",5,"ancien modèle",19930101000000
97,"45.1903686413896,5.72788043643514",4,"ancien modèle",19930101000000
98,"45.190350934697,5.72690015377909",3,"nouveau modèle",19990101000000
99,"45.19030220736,5.72677077320866",4,"nouveau modèle",19990101000000
100,"45.1903240556132,5.72586122506037",6,"nouveau modèle",19990101000000
101,"45.1903743013131,5.72648377498407",5,"nouveau modèle",19990101000000
102,"45.1887844761555,5.72717316191618",6,"nouveau modèle",20030101000000
103,"45.1886735391566,5.72865865656647",2,"nouveau modèle",20060101000000
104,"45.1886163250512,5.72853970354691",3,"nouveau modèle",20060101000000
105,"45.1883319245997,5.72778606376509",3,"nouveau modèle",20060101000000
106,"45.1883361926328,5.72874673656195",5,"nouveau modèle",20060101000000
107,"45.1913875269311,5.72298190254464",3,"nouveau modèle",20000101000000
108,"45.1915498751615,5.72414106527457",2,"nouveau modèle",20000101000000
109,"45.1909876379276,5.72433631739338",3,"nouveau modèle",20000101000000
110,"45.1903771804237,5.7249876218729",4,"nouveau modèle",20020101000000
111,"45.1901846619832,5.72398795555632",3,"nouveau modèle",20020101000000
112,"45.1894179563087,5.7246882882566",5,"ancien modèle",19930101000000
113,"45.1891019650274,5.72596971299979",7,"nouveau modèle",20040101000000
114,"45.1890882367106,5.72625952415801",6,"nouveau modèle",20040101000000
115,"45.1880606386838,5.7267520381578",3,"nouveau modèle",20010101000000
116,"45.1885926855477,5.72520611637996",2,"nouveau modèle",19900101000000
117,"45.1885233284218,5.72498035869443",1,"nouveau modèle",19900101000000
118,"45.1882790396644,5.72461314289399",2,"nouveau modèle",20020101000000
119,"45.1884312856004,5.7244500844956",4,"ancien modèle",19930101000000
120,"45.1878490987456,5.7252685256361",3,"nouveau modèle",20010101000000
121,"45.1877988520464,5.72517244230684",7,"nouveau modèle",20010101000000
122,"45.1877856411865,5.72495027075067",8,"nouveau modèle",20010101000000
123,"45.1879918971517,5.72486009049652",3,"nouveau modèle",19900101000000
124,"45.1902239145215,5.72595387558007",2,"nouveau modèle",19990101000000
125,"45.1898873675819,5.72571038662619",9,"nouveau modèle",20070101000000
126,"45.1877250870732,5.72318359843718",6,"nouveau modèle",20110101000000
127,"45.1875649553115,5.72356301309408",4,"nouveau modèle",20000101000000
128,"45.1875695991421,5.72381866094763",5,"ancien modèle",19930101000000
129,"45.1872109170648,5.72403731255894",7,"nouveau modèle",19980101000000
130,"45.1870714036498,5.72413196437656",7,"nouveau modèle",19980101000000
131,"45.188147558202,5.72340737075982",5,"ancien modèle",19930101000000
132,"45.1866038237382,5.72361455685109",2,"nouveau modèle",19900101000000
133,"45.1865526121892,5.72366994681561",2,"nouveau modèle",19900101000000
134,"45.1859676849877,5.72285110031892",2,"nouveau modèle",19900101000000
1,"45.1833267940633,5.73175022910432",5,"nouveau modèle",20060101000000
2,"45.1836932249232,5.73208672114992",3,"nouveau modèle",20060101000000
3,"45.1852577251538,5.73133673087593",11,"nouveau modèle",20060101000000
4,"45.1865206723436,5.73554272775109",4,"nouveau modèle",20060101000000
5,"45.1869597893561,5.73664421456598",4,"nouveau modèle",20060101000000
6,"45.1864722231324,5.74353976324744",5,"nouveau modèle",20060101000000
7,"45.1864897514155,5.74405644571958",3,"nouveau modèle",20060101000000
8,"45.1870076908908,5.74491929886402",5,"nouveau modèle",20060101000000
9,"45.1868088520919,5.7424696232502",6,"nouveau modèle",20080101000000
10,"45.1839552461239,5.73084242975305",5,"nouveau modèle",20060101000000
11,"45.1839049957932,5.7307022372954",5,"nouveau modèle",20060101000000
12,"45.1803476081963,5.705588153214",3,"nouveau modèle",20060101000000
13,"45.1799003089039,5.70595345344841",3,"nouveau modèle",20101001000000
14,"45.1802120832043,5.70729991386744",3,"nouveau modèle",20060101000000
15,"45.1802312185855,5.70823243492219",3,"nouveau modèle",20060101000000
16,"45.1799751602537,5.708149118013",3,"nouveau modèle",20060101000000
17,"45.1802593108401,5.71036668439597",1,"nouveau modèle",20060101000000
18,"45.1802851152202,5.71115238040205",3,"nouveau modèle",20060101000000
19,"45.1799939373249,5.7112557124444",4,"nouveau modèle",20060101000000
20,"45.1803352314502,5.71213649761877",2,"nouveau modèle",20060101000000
21,"45.1803103234223,5.71228966498852",4,"nouveau modèle",20060101000000
22,"45.1799887229772,5.71243333928984",3,"nouveau modèle",20060101000000
23,"45.1800183652893,5.71459097848524",3,"nouveau modèle",20060101000000
24,"45.1805386079532,5.71706479788999",2,"nouveau modèle",20060101000000
25,"45.1803894485999,5.72100376294173",3,"nouveau modèle",20060101000000
26,"45.1807628713117,5.72305808010832",4,"nouveau modèle",20060101000000
27,"45.1884450770816,5.73718786261607",9,"ancien modèle",19930101000000
28,"45.1864038339024,5.73290445928313",3,"nouveau modèle",20000101000000
29,"45.1861098007979,5.73323001543866",3,"nouveau modèle",20000101000000
30,"45.18650690958,5.73182354104668",4,"nouveau modèle",20090101000000
31,"45.1861351641276,5.73111486994543",5,"nouveau modèle",19900101000000
32,"45.1859622474337,5.73208355836544",7,"nouveau modèle",19900101000000
33,"45.1857418693371,5.7319017520331",5,"nouveau modèle",19900101000000
34,"45.1847174791263,5.73001177413656",3,"nouveau modèle",19980101000000
35,"45.1851429915844,5.72977605809814",5,"nouveau modèle",20000101000000
36,"45.1852670654748,5.72943130675824",3,"nouveau modèle",19980101000000
37,"45.1854077541176,5.72952792789228",5,"ancien modèle",19930101000000
38,"45.1834971826769,5.72738992454452",6,"nouveau modèle",20100101000000
39,"45.1852051625545,5.72679864525672",2,"ancien modèle",19930101000000
40,"45.1860619442359,5.72627666835659",11,"nouveau modèle",20070101000000
41,"45.1847448924373,5.72491166228857",12,"nouveau modèle",20120101000000
42,"45.1852305163834,5.72540291186821",5,"nouveau modèle",20030101000000
43,"45.1857881207393,5.72474644071711",3,"nouveau modèle",20020101000000
44,"45.1859813842579,5.72452259781682",2,"nouveau modèle",19960101000000
45,"45.1866748902875,5.72640550700567",2,"nouveau modèle",20010101000000
311,"45.1929781648755,5.73261187344647",2,"nouveau modèle",20080101000000
312,"45.1989193100551,5.73650123111056",3,"nouveau modèle",20080101000000
313,"45.1843358918524,5.7225271474186",3,"nouveau modèle",20080101000000
314,"45.187995580041,5.72070286567232",5,"nouveau modèle",20080101000000
315,"45.1872196151596,5.71650386742022",6,"nouveau modèle",20120101000000
316,"45.1854276465788,5.70718546172021",2,"nouveau modèle",20070101000000
317,"45.1955818788338,5.71427770928305",2,"nouveau modèle",20070101000000
318,"45.1846541564067,5.70963771002502",3,"nouveau modèle",20070101000000
319,"45.1826708157666,5.71093129614937",2,"nouveau modèle",20070101000000
320,"45.1807195451293,5.71638799951666",3,"nouveau modèle",20070101000000
321,"45.1941691838526,5.73247187407746",13,"nouveau modèle",20070101000000
322,"45.1885719787959,5.73635818977655",3,"nouveau modèle",20070101000000
323,"45.1872381982576,5.73021227987786",5,"nouveau modèle",20070101000000
324,"45.1903241805136,5.72167758784112",2,"nouveau modèle",20070101000000
325,"45.1816193109558,5.71916858902824",7,"nouveau modèle",20140910000000
326,"45.1921125678489,5.7347230010883",2,"nouveau modèle",20070101000000
327,"45.1870348936559,5.70418754879876",3,"nouveau modèle",20020101000000
328,"45.1866973209869,5.70426974927654",4,"nouveau modèle",20010101000000
329,"45.1853789773425,5.7055463333476",3,"nouveau modèle",20000101000000
330,"45.1853827861066,5.70537009303076",2,"nouveau modèle",20000101000000
331,"45.1853072364494,5.70554218226125",5,"nouveau modèle",20000101000000
332,"45.1853014513878,5.7047605537913",4,"nouveau modèle",20000101000000
334,"45.1872339388253,5.71018125727711",3,"nouveau modèle",19900101000000
335,"45.1864815772932,5.71103128713009",4,"nouveau modèle",20100101000000
336,"45.1862815365494,5.71135100428645",6,"nouveau modèle",20040101000000
337,"45.1864328868855,5.71165976969401",3,"nouveau modèle",20040101000000
338,"45.1863012550528,5.71161675738172",11,"nouveau modèle",20040101000000
339,"45.18616996547,5.7116142199412",2,"nouveau modèle",20040101000000
340,"45.1857684169289,5.71229503137192",3,"nouveau modèle",20000101000000
341,"45.1857989166791,5.71311595542607",5,"nouveau modèle",20060101000000
342,"45.1858470687251,5.71452819413317",2,"nouveau modèle",20010101000000
343,"45.1854234964529,5.71493520702314",6,"nouveau modèle",20120101000000
344,"45.1853094488385,5.71546677993175",5,"nouveau modèle",20120101000000
345,"45.1858575014244,5.7167393611647",3,"nouveau modèle",19970101000000
346,"45.1858042688011,5.71661630495901",4,"nouveau modèle",19900101000000
347,"45.1870163895682,5.71383718395804",4,"nouveau modèle",20010101000000
348,"45.1868040572653,5.71433256884635",3,"nouveau modèle",19900101000000
349,"45.1850091716483,5.71318102792516",3,"nouveau modèle",20060101000000
350,"45.1849536497739,5.71202035507756",2,"nouveau modèle",19900101000000
351,"45.185078362516,5.71202225687951",2,"nouveau modèle",19900101000000
352,"45.1842190032972,5.71296551614646",2,"nouveau modèle",20040101000000
353,"45.1841512492904,5.71538419052357",7,"nouveau modèle",19900101000000
354,"45.1841316480574,5.71526880507062",2,"nouveau modèle",20010101000000
443,"45.1974531718985,5.73628746926494",2,"nouveau modèle",20010101000000
444,"45.1975886811432,5.73703963895042",2,"nouveau modèle",19960101000000
445,"45.1983873397033,5.73675405220294",2,"nouveau modèle",20080101000000
446,"45.1972378638988,5.7372246495266",2,"nouveau modèle",20010101000000
447,"45.1969638461687,5.73695438389804",2,"nouveau modèle",20080101000000
448,"45.1964150670491,5.73551480102741",3,"nouveau modèle",19900101000000
449,"45.1961534953475,5.73691453059519",2,"nouveau modèle",20030101000000
450,"45.1966529150854,5.73856594257072",2,"nouveau modèle",20040101000000
451,"45.1973635798244,5.73815416976668",2,"nouveau modèle",20040101000000
452,"45.1927431741887,5.73974886532895",3,"nouveau modèle",20030101000000
453,"45.1917462881421,5.73818119891634",3,"nouveau modèle",20030101000000
454,"45.1914382459131,5.71144854420732",10,"nouveau modèle",20030101000000
455,"45.1803550106567,5.74068921336555",2,"nouveau modèle",19900101000000
456,"45.1728073202306,5.7226941710832",1,"nouveau modèle",20000101000000
457,"45.1728529611602,5.7223508374854",1,"nouveau modèle",20000101000000
458,"45.1729656593538,5.72182508241718",1,"nouveau modèle",20000101000000
459,"45.1726394190334,5.72170460346331",1,"nouveau modèle",20000101000000
460,"45.1726086711682,5.72190074823608",2,"nouveau modèle",20000101000000
461,"45.1725291715518,5.72216242025613",2,"nouveau modèle",20000101000000
462,"45.1728133363977,5.72257815466558",2,"nouveau modèle",20000101000000
463,"45.1539914194695,5.73406760962703",8,"nouveau modèle",20000101000000
464,"45.1775748312923,5.70517400111377",2,"nouveau modèle",20030101000000
465,"45.1773318223683,5.7054876828486",5,"nouveau modèle",20030101000000
466,"45.1729267893767,5.70367888024882",23,"nouveau modèle",20070101000000
467,"45.172516520405,5.70594969702161",2,"nouveau modèle",20070101000000
468,"45.1725236916686,5.70574101574438",3,"nouveau modèle",20070101000000
469,"45.1727846140904,5.70547855870476",3,"nouveau modèle",20070101000000
470,"45.1733333443179,5.708078093622",4,"nouveau modèle",19900101000000
471,"45.1735506120669,5.70835736947214",4,"ancien modèle",19980101000000
472,"45.1746846813021,5.70856421962025",2,"nouveau modèle",20030101000000
473,"45.1749602133351,5.70844296259912",2,"nouveau modèle",20030101000000
474,"45.175397914692,5.70843161445852",2,"nouveau modèle",19980101000000
475,"45.1756579892391,5.70879143396362",3,"nouveau modèle",20060101000000
476,"45.1757576358483,5.70901398924224",3,"nouveau modèle",20080101000000
477,"45.1763821788282,5.70939532477068",2,"nouveau modèle",20040101000000
478,"45.1790381783723,5.70989843835112",2,"nouveau modèle",20060101000000
479,"45.1797073236745,5.71222844250673",5,"nouveau modèle",20040101000000
480,"45.1755434956365,5.70688973276368",3,"nouveau modèle",19980101000000
481,"45.178681771692,5.71381633009435",8,"nouveau modèle",20120101000000
482,"45.1767447830363,5.71305891625986",4,"nouveau modèle",20110101000000
483,"45.1773674958026,5.71138742154573",4,"nouveau modèle",20070101000000
484,"45.1768080306462,5.71067868649245",4,"nouveau modèle",20110101000000
485,"45.1760320338188,5.71268714229039",3,"nouveau modèle",20070101000000
486,"45.1739021208676,5.71116036560642",2,"nouveau modèle",20060101000000
487,"45.1739541299947,5.71135757219821",7,"nouveau modèle",20030101000000
488,"45.1737614137711,5.71179400762434",4,"nouveau modèle",20030101000000
489,"45.1736045402967,5.7120869454563",5,"nouveau modèle",20050101000000
490,"45.1723526118188,5.70943005224818",3,"nouveau modèle",20030101000000
491,"45.1722421866624,5.71310920210581",4,"nouveau modèle",20040101000000
492,"45.1721757011773,5.7134244270809",3,"nouveau modèle",20040101000000
493,"45.1729316316022,5.71375219175073",2,"nouveau modèle",19990101000000
494,"45.1746453642507,5.71387294525421",4,"nouveau modèle",19900101000000
495,"45.174851610838,5.71479386743679",3,"nouveau modèle",19990101000000
496,"45.174952814138,5.71481960359644",2,"nouveau modèle",19900101000000
497,"45.1754407513824,5.71498505293809",2,"nouveau modèle",19900101000000
498,"45.1763045232526,5.71535426372307",2,"nouveau modèle",20070101000000
499,"45.1771776682138,5.71507616345625",1,"nouveau modèle",20040101000000
500,"45.1774828691459,5.71566809405542",3,"nouveau modèle",19990101000000
501,"45.1773196217055,5.71561206078583",2,"nouveau modèle",19900101000000
502,"45.1780650261149,5.71547407369469",3,"nouveau modèle",19990101000000
503,"45.1786986641532,5.71608128551259",2,"nouveau modèle",20070101000000
504,"45.1787331143765,5.71556520985454",2,"nouveau modèle",20060101000000
505,"45.1800541186346,5.71660602797862",2,"nouveau modèle",19900101000000
506,"45.1784249313078,5.71729168933873",3,"nouveau modèle",20030101000000
507,"45.1713247633048,5.71313649002112",3,"nouveau modèle",19980101000000
508,"45.1698644733069,5.71240586547773",3,"nouveau modèle",20050101000000
509,"45.1690222569746,5.71236186301921",3,"nouveau modèle",20050101000000
510,"45.1682242333717,5.71208916319466",2,"nouveau modèle",19980101000000
511,"45.1669768033815,5.71174955922204",2,"nouveau modèle",20060101000000
512,"45.1670425507744,5.7122410087392",2,"nouveau modèle",19990101000000
513,"45.1672854496938,5.71221797254561",2,"nouveau modèle",20060101000000
514,"45.1677376572017,5.71235511560987",3,"nouveau modèle",19990101000000
515,"45.1660295163323,5.71188737295345",3,"nouveau modèle",19900101000000
516,"45.1656042490871,5.71174178321096",2,"nouveau modèle",19900101000000
517,"45.1686495222351,5.7144788745484",2,"nouveau modèle",20080101000000
518,"45.1693110985854,5.71467093435376",2,"nouveau modèle",20080101000000
519,"45.1697613842384,5.71442951317549",4,"nouveau modèle",20070101000000
520,"45.167192112619,5.71051665914901",2,"nouveau modèle",20060101000000
521,"45.1672126972654,5.71048865790129",2,"nouveau modèle",20060101000000
522,"45.1679040442661,5.70848103378502",5,"nouveau modèle",20060101000000
523,"45.1671727978687,5.70246372256876",12,"ancien modèle",20020101000000
524,"45.1669092167971,5.70520058300141",6,"nouveau modèle",20120101000000
525,"45.166595096851,5.70580823151694",3,"nouveau modèle",20020101000000
526,"45.1705724632532,5.70478966258926",4,"nouveau modèle",20080101000000
527,"45.1708096133516,5.70488320472568",2,"nouveau modèle",20060101000000
528,"45.1711644894444,5.7046152072472",3,"nouveau modèle",20080101000000
529,"45.1698261558592,5.70955505209871",4,"nouveau modèle",20020101000000
530,"45.1623041102432,5.71017235742656",2,"nouveau modèle",20020101000000
531,"45.1624681260547,5.71127323776467",2,"nouveau modèle",19900101000000
532,"45.1617272004408,5.70991086003572",4,"nouveau modèle",20030101000000
533,"45.1612872323688,5.70983256831711",2,"nouveau modèle",20020101000000
534,"45.1606330384697,5.70937222695521",3,"nouveau modèle",20020101000000
535,"45.1633239894233,5.70770357951744",3,"nouveau modèle",20020101000000
536,"45.1654233633288,5.7082637794588",3,"nouveau modèle",19900101000000
537,"45.1786308004859,5.72042911473205",3,"nouveau modèle",20040101000000
538,"45.1777740410961,5.72058133045157",3,"nouveau modèle",20080101000000
539,"45.1765562350079,5.7225287090434",3,"nouveau modèle",20070101000000
540,"45.1765114708711,5.72189308903192",8,"nouveau modèle",20060101000000
541,"45.1759533117472,5.72003967675578",4,"nouveau modèle",20050101000000
542,"45.1736029249046,5.71800923119048",2,"nouveau modèle",20040101000000
543,"45.1716311644807,5.719918370818",4,"nouveau modèle",20060101000000
544,"45.1714087866898,5.72349139423701",2,"nouveau modèle",20070101000000
545,"45.1697260792124,5.72024414964578",2,"nouveau modèle",20010101000000
546,"45.1694847481162,5.72080779990308",2,"nouveau modèle",20010101000000
547,"45.1693766857829,5.72097581919982",1,"nouveau modèle",20010101000000
548,"45.1688398421444,5.72190893224017",4,"nouveau modèle",20070101000000
549,"45.1688811831921,5.72194054324348",2,"nouveau modèle",20070101000000
550,"45.1693576386586,5.72268933646029",4,"nouveau modèle",20030101000000
551,"45.1622877752242,5.71611161027283",3,"nouveau modèle",20050101000000
552,"45.1621012207347,5.71233048439193",3,"nouveau modèle",20030101000000
553,"45.1707740512347,5.72530368621091",3,"nouveau modèle",20030101000000
554,"45.170120215112,5.72580262484198",2,"nouveau modèle",20030101000000
555,"45.1799703734742,5.72053467335671",3,"nouveau modèle",20050101000000
556,"45.1799460615946,5.72359826650921",3,"nouveau modèle",20060101000000
557,"45.1793924646988,5.72482816876784",5,"nouveau modèle",20070101000000
558,"45.1815061302146,5.72678627029373",4,"nouveau modèle",20100101000000
559,"45.1808819569339,5.72666788680851",3,"nouveau modèle",19980101000000
560,"45.1808148049146,5.72665166945325",6,"nouveau modèle",19980101000000
561,"45.17841138371,5.72589123427189",2,"nouveau modèle",19900101000000
562,"45.1782447581888,5.72604386964331",2,"nouveau modèle",19900101000000
563,"45.1771773457377,5.72606453052977",3,"nouveau modèle",20010101000000
564,"45.1773148266574,5.72441405837882",3,"nouveau modèle",20100101000000
565,"45.1765013040532,5.72413256443262",5,"nouveau modèle",20020101000000
566,"45.175723904043,5.72955876399268",2,"nouveau modèle",20050101000000
567,"45.1782109058652,5.7301317091995",2,"nouveau modèle",20040101000000
568,"45.1781461188596,5.73039487131004",2,"nouveau modèle",20070101000000
569,"45.1791878273181,5.72958063444414",7,"nouveau modèle",20060101000000
570,"45.1785465675362,5.72851827289681",4,"nouveau modèle",20030101000000
571,"45.1807358821514,5.72929162942365",2,"nouveau modèle",20050101000000
572,"45.1807230480196,5.73019159815357",6,"nouveau modèle",20080101000000
573,"45.1810504966773,5.72800174960245",2,"nouveau modèle",20060101000000
574,"45.1811684265832,5.72941070067725",2,"nouveau modèle",20040101000000
355,"45.1841874390066,5.71462195615635",3,"nouveau modèle",19900101000000
356,"45.1827831923973,5.71701637312455",3,"nouveau modèle",20140911000000
357,"45.181661848753,5.71668765187051",2,"ancien modèle",19930101000000
358,"45.1812553538633,5.71395745153747",6,"nouveau modèle",20060101000000
359,"45.1811727720345,5.71233523580865",5,"nouveau modèle",20060101000000
360,"45.1819275682551,5.71138006896915",2,"nouveau modèle",20060101000000
361,"45.1833437401179,5.71184598977363",2,"nouveau modèle",20020101000000
362,"45.1840374348601,5.71181863761512",3,"nouveau modèle",20020101000000
363,"45.1845394758075,5.70930153128365",2,"nouveau modèle",20060101000000
364,"45.1849808399429,5.70896989512113",2,"nouveau modèle",20040101000000
365,"45.1833329719576,5.70763491489149",4,"nouveau modèle",20030101000000
366,"45.1827600607165,5.70963756278749",1,"nouveau modèle",19900101000000
367,"45.1837233648936,5.70960495740692",3,"nouveau modèle",19900101000000
368,"45.1817484093342,5.70998135176291",3,"nouveau modèle",20100101000000
369,"45.1809179008842,5.71005188669051",3,"nouveau modèle",20060101000000
370,"45.181386320137,5.70676839519238",3,"nouveau modèle",20040101000000
371,"45.1816643262625,5.70340419589824",5,"nouveau modèle",19990101000000
372,"45.180350534641,5.70828836312715",2,"nouveau modèle",20060101000000
373,"45.1803564602491,5.71023212857211",2,"nouveau modèle",20060101000000
374,"45.1800581965662,5.71526648891772",3,"nouveau modèle",20060101000000
375,"45.1802401919843,5.71700875288905",3,"nouveau modèle",20060101000000
376,"45.1806810743988,5.71875233077541",4,"nouveau modèle",20060101000000
377,"45.1807195619317,5.71932266408771",3,"nouveau modèle",20060101000000
378,"45.1803026813033,5.7188069969066",3,"nouveau modèle",20060101000000
379,"45.1803381790327,5.7193074298575",3,"nouveau modèle",20060101000000
380,"45.1808074896598,5.71967816222187",5,"nouveau modèle",20060101000000
381,"45.1823371697647,5.72739838348381",4,"nouveau modèle",20060101000000
382,"45.1826602825229,5.72826344338972",5,"nouveau modèle",20100101000000
383,"45.1830944863318,5.72930315059957",4,"nouveau modèle",20060101000000
384,"45.1831285959718,5.73056019455377",3,"nouveau modèle",20060101000000
385,"45.1815245662969,5.72512151089795",3,"nouveau modèle",20060101000000
386,"45.1811629918878,5.72520562125695",3,"nouveau modèle",20060101000000
387,"45.1812363403402,5.72563338432663",3,"nouveau modèle",20060101000000
388,"45.1816878940001,5.727504560042",4,"nouveau modèle",20060101000000
389,"45.1820295232713,5.72828715590797",4,"nouveau modèle",20060101000000
390,"45.1820799127601,5.72867527059201",3,"nouveau modèle",20060101000000
391,"45.1833161934033,5.73095402122317",6,"nouveau modèle",20060101000000
392,"45.1864912331867,5.73544998640884",4,"nouveau modèle",20060101000000
393,"45.1869944904698,5.73673446870854",4,"nouveau modèle",20060101000000
394,"45.1870641409098,5.73691372850314",4,"nouveau modèle",20060101000000
395,"45.187113850577,5.73716447987384",3,"nouveau modèle",20060101000000
396,"45.1872236118327,5.73772881691991",6,"nouveau modèle",20060101000000
397,"45.1874540242307,5.73804285383402",6,"nouveau modèle",20060101000000
398,"45.1804679117942,5.704979559856",5,"nouveau modèle",20060101000000
399,"45.1797102905826,5.70523704443107",2,"nouveau modèle",20060101000000
400,"45.1796054767346,5.70524138241288",3,"nouveau modèle",20060101000000
401,"45.1802929533908,5.71145811273694",4,"nouveau modèle",20060101000000
402,"45.1802898817788,5.71169610373329",2,"nouveau modèle",20060101000000
403,"45.1805324489463,5.71541856212985",3,"nouveau modèle",20060101000000
404,"45.1804445007638,5.71527460720652",2,"nouveau modèle",20060101000000
405,"45.1805473150715,5.71726691800642",2,"nouveau modèle",20060101000000
406,"45.1821363124699,5.72835249695979",4,"nouveau modèle",20060101000000
407,"45.1841607968991,5.73212607039346",4,"nouveau modèle",20100101000000
408,"45.1914964310507,5.71285798379462",12,"nouveau modèle",19900101000000
409,"45.192686173759,5.71239920503396",2,"nouveau modèle",20060101000000
410,"45.1934917606238,5.71206086458384",4,"nouveau modèle",20060101000000
411,"45.1945019229594,5.71144418249982",3,"nouveau modèle",20060101000000
412,"45.195036931126,5.71169030793553",9,"nouveau modèle",20050101000000
413,"45.1953557150985,5.71144090469908",3,"nouveau modèle",20060101000000
414,"45.1944950670533,5.71018052275296",24,"nouveau modèle",20070101000000
415,"45.1932115824509,5.7091005353475",3,"nouveau modèle",19900101000000
416,"45.1928609800922,5.70910783912994",3,"nouveau modèle",20060101000000
417,"45.1895127087989,5.71314738738799",2,"nouveau modèle",20040101000000
418,"45.1973331681373,5.73633928099688",1,"nouveau modèle",20010101000000
419,"45.1868408519222,5.72409375106866",5,"nouveau modèle",20080101000000
420,"45.1985650354758,5.73762020721352",5,"nouveau modèle",20080101000000
421,"45.184815399668,5.71471055444903",3,"nouveau modèle",20080101000000
422,"45.1885892548825,5.70655900089295",6,"nouveau modèle",20080101000000
423,"45.1882959474053,5.71485222368722",2,"ancien modèle",19930101000000
424,"45.1914504425741,5.7385406003549",5,"nouveau modèle",20080101000000
425,"45.185711074124,5.73261073114134",3,"nouveau modèle",20080101000000
426,"45.1876237375711,5.71481838484081",6,"nouveau modèle",20010101000000
427,"45.1871551820246,5.71442684162455",2,"nouveau modèle",20010101000000
428,"45.1876492907531,5.71266299478196",2,"nouveau modèle",20010101000000
429,"45.1884056773548,5.71189832580762",5,"nouveau modèle",20030101000000
430,"45.1872414579597,5.71168976278593",5,"nouveau modèle",19980101000000
431,"45.1874067951249,5.71106220665895",3,"nouveau modèle",19900101000000
432,"45.1857490760867,5.70882559853289",3,"nouveau modèle",20070101000000
433,"45.1836852937194,5.70549372687316",3,"nouveau modèle",20070101000000
434,"45.1887832972996,5.70386919870045",4,"nouveau modèle",20070101000000
435,"45.1891200497257,5.71813861770002",3,"nouveau modèle",20070101000000
436,"45.1847689874693,5.70586945548984",2,"nouveau modèle",20070101000000
437,"45.2003951520217,5.73483104409114",4,"nouveau modèle",20070101000000
438,"45.1833373348692,5.72095853114093",5,"nouveau modèle",20070101000000
439,"45.1854035656186,5.72757269491194",5,"nouveau modèle",20070101000000
440,"45.1841410676671,5.71512812466551",3,"nouveau modèle",19900101000000
441,"45.1818645250463,5.70770242192065",2,"ancien modèle",19930101000000
442,"45.1975278405708,5.73652879035564",6,"nouveau modèle",20110101000000
223,"45.1919757774096,5.71762296235869",14,"nouveau modèle",20010101000000
224,"45.1922368607067,5.71754822875942",11,"nouveau modèle",20010101000000
225,"45.1916628251072,5.71697165173276",6,"nouveau modèle",20000101000000
226,"45.1917698167726,5.71691518474562",5,"nouveau modèle",19990101000000
227,"45.1915042556925,5.71488376340301",21,"nouveau modèle",19990101000000
228,"45.1915271936548,5.714982691135",22,"nouveau modèle",20040101000000
229,"45.1920172909653,5.7146310579018",5,"ancien modèle",19930101000000
230,"45.1920279834808,5.7147659457976",5,"ancien modèle",19930101000000
231,"45.192304249688,5.71453473541552",6,"nouveau modèle",20020101000000
232,"45.1952360639601,5.71364187821222",2,"nouveau modèle",20010101000000
233,"45.1964295336347,5.71871707103304",3,"nouveau modèle",19900101000000
234,"45.1952495547796,5.72025380482941",3,"nouveau modèle",20030101000000
235,"45.1935858234007,5.72026172184908",5,"nouveau modèle",19960101000000
236,"45.1938152218084,5.72526875952116",10,"nouveau modèle",19990101000000
237,"45.193788240322,5.72503370868582",3,"nouveau modèle",20010101000000
238,"45.1942532104184,5.72720619621823",3,"nouveau modèle",20040101000000
241,"45.1890309545505,5.71843468528508",3,"nouveau modèle",20070101000000
242,"45.1893619619452,5.71748340303572",2,"nouveau modèle",20030101000000
243,"45.1894063437237,5.71742946825408",2,"nouveau modèle",20030101000000
244,"45.1880545140669,5.71765502206344",4,"nouveau modèle",20080101000000
245,"45.1881453140336,5.71807631687831",2,"nouveau modèle",19900101000000
246,"45.1882339593527,5.71896508988273",3,"nouveau modèle",19990101000000
247,"45.1874935964531,5.71865847643264",3,"nouveau modèle",20080101000000
248,"45.187909941181,5.71879732963409",2,"nouveau modèle",20020101000000
249,"45.1866580127253,5.71821934702721",2,"nouveau modèle",19900101000000
250,"45.1862230588838,5.71822859602411",1,"nouveau modèle",19900101000000
251,"45.1860005996661,5.71821597381134",3,"nouveau modèle",19900101000000
252,"45.1861818602792,5.71820991998666",2,"nouveau modèle",19900101000000
253,"45.1854391453199,5.71796864621784",3,"nouveau modèle",19900101000000
254,"45.1844679096138,5.71814739398759",3,"nouveau modèle",20140821000000
255,"45.1846526000963,5.71774934359058",4,"nouveau modèle",20140821000000
256,"45.1846060869047,5.71761703863239",4,"nouveau modèle",20140821000000
257,"45.1894165278108,5.7297344522796",10,"nouveau modèle",20060101000000
258,"45.1892987005244,5.72981743396882",9,"nouveau modèle",20060101000000
259,"45.1931839128312,5.73157930590725",9,"nouveau modèle",20060101000000
260,"45.1888262370131,5.73923273421149",11,"nouveau modèle",19980101000000
261,"45.1887469493938,5.7390723408112",4,"nouveau modèle",20030101000000
262,"45.1912223133657,5.73686806177906",2,"nouveau modèle",20030101000000
263,"45.191154672086,5.73692280019941",3,"nouveau modèle",20030101000000
264,"45.1905217421688,5.73657627246533",2,"ancien modèle",19930101000000
265,"45.1883165152315,5.72760698444344",4,"nouveau modèle",20060101000000
266,"45.1909179754326,5.73030725589429",4,"nouveau modèle",20060101000000
267,"45.1908171433941,5.73028732868057",6,"nouveau modèle",20060101000000
268,"45.1907009111127,5.72320228292011",3,"nouveau modèle",19980101000000
269,"45.1918027348481,5.71304234666266",3,"nouveau modèle",19900101000000
270,"45.1917830969708,5.71295659734019",3,"nouveau modèle",19900101000000
271,"45.1935086729842,5.71188227434318",3,"nouveau modèle",20060101000000
272,"45.1949892149247,5.71038832330667",5,"nouveau modèle",20060101000000
273,"45.1942966850807,5.71053229479133",4,"nouveau modèle",20060101000000
274,"45.1924926989035,5.7095923849403",2,"nouveau modèle",20060101000000
275,"45.192213743348,5.70992413970774",2,"nouveau modèle",20060101000000
276,"45.1921876709727,5.70996192744337",2,"nouveau modèle",20060101000000
277,"45.1914290717763,5.71161403855021",4,"nouveau modèle",20030101000000
278,"45.190682756652,5.71188032088689",4,"nouveau modèle",20060101000000
279,"45.1906659950439,5.71204546281221",3,"nouveau modèle",20060101000000
280,"45.1901558039546,5.71245485135829",2,"nouveau modèle",19900101000000
281,"45.1903680291787,5.71309186143617",35,"nouveau modèle",19900101000000
282,"45.1891538244304,5.71301735684714",4,"nouveau modèle",20040101000000
283,"45.1886510213139,5.71298986363329",4,"nouveau modèle",20040101000000
284,"45.1883783615947,5.71447447312924",5,"nouveau modèle",20120101000000
285,"45.1901374846853,5.70518091322139",5,"nouveau modèle",20120101000000
286,"45.1907097008608,5.70791698344809",4,"nouveau modèle",20060101000000
287,"45.1887837815965,5.70863324497159",2,"nouveau modèle",20060101000000
288,"45.1891605355558,5.70943307799719",4,"nouveau modèle",20050101000000
289,"45.1894873943356,5.70946564195048",2,"nouveau modèle",20050101000000
290,"45.1899846755315,5.70959211000926",5,"nouveau modèle",20120101000000
291,"45.1900755627666,5.70999067411886",5,"nouveau modèle",20100101000000
292,"45.1886471844525,5.71056285745503",4,"nouveau modèle",20110101000000
293,"45.1888288420584,5.71043363338304",3,"nouveau modèle",19900101000000
294,"45.1876950873681,5.71643913447894",3,"nouveau modèle",20070101000000
295,"45.1801243879313,5.7177960268966",6,"nouveau modèle",20120101000000
296,"45.187872007385,5.73666477736593",3,"nouveau modèle",20080101000000
297,"45.1805276859501,5.72132265019315",3,"nouveau modèle",20070101000000
298,"45.1896891854871,5.72489097694879",2,"nouveau modèle",20000101000000
299,"45.186077886767,5.7141074699869",6,"nouveau modèle",20080101000000
300,"45.185799861091,5.71703556579804",5,"nouveau modèle",20080101000000
301,"45.1875872065071,5.71868273924919",2,"nouveau modèle",20080101000000
302,"45.1881243072451,5.71655204384175",4,"nouveau modèle",20080101000000
303,"45.1886860570218,5.7075561324822",4,"nouveau modèle",20080101000000
304,"45.1908869287535,5.70963994004587",2,"nouveau modèle",20080101000000
305,"45.1911588095048,5.71043651049381",2,"nouveau modèle",20080101000000
306,"45.1838110659385,5.71632614275909",6,"nouveau modèle",20080101000000
307,"45.1883210737771,5.71473132412892",5,"nouveau modèle",20080101000000
308,"45.1932810020668,5.73620060952409",3,"nouveau modèle",20080101000000
309,"45.1931618978381,5.73624966916721",3,"ancien modèle",19930101000000
310,"45.1896368364623,5.73669302444786",5,"nouveau modèle",20080101000000
751,"45.1672162479159,5.72493575542855",1,"nouveau modèle",20050101000000
752,"45.1672248079107,5.72528919347222",1,"nouveau modèle",20050101000000
753,"45.1672905128326,5.72554496995282",1,"nouveau modèle",20050101000000
754,"45.1672835875106,5.72602074516979",1,"nouveau modèle",20050101000000
755,"45.1673486021548,5.72738699691322",3,"nouveau modèle",19900101000000
756,"45.1672634135263,5.72727628028689",3,"nouveau modèle",19900101000000
757,"45.1638068206499,5.72556524060812",3,"nouveau modèle",20050101000000
758,"45.185113002067,5.70531341923218",2,"nouveau modèle",20000101000000
759,"45.1850411922496,5.70523556599022",3,"nouveau modèle",20000101000000
760,"45.1860526575437,5.7296582415966",4,"nouveau modèle",20080101000000
761,"45.1923884022022,5.73365647640741",7,"nouveau modèle",20080101000000
762,"45.1873375197978,5.72126354274694",3,"nouveau modèle",19900101000000
763,"45.1861699291708,5.72930572802519",4,"nouveau modèle",19900101000000
764,"45.1607061967767,5.7253596830609",2,"nouveau modèle",20030101000000
765,"45.1605410204422,5.72490549738363",2,"nouveau modèle",20030101000000
766,"45.1606514900498,5.7244701907805",2,"nouveau modèle",20030101000000
767,"45.180662705874,5.74674456905461",3,"nouveau modèle",20070101000000
768,"45.1887983821388,5.73850352820072",7,"nouveau modèle",20080101000000
769,"45.1887296597952,5.73851611088614",7,"nouveau modèle",20080101000000
770,"45.1887665607138,5.73874186521934",7,"nouveau modèle",20080101000000
771,"45.178133617226,5.74286883507128",1,"nouveau modèle",19900101000000
772,"45.1813535512377,5.74807002029431",2,"nouveau modèle",20030101000000
773,"45.1863206686305,5.71022906439395",2,"nouveau modèle",20000101000000
774,"45.1903441163181,5.71911492067893",4,"nouveau modèle",20000101000000
775,"45.196255472606,5.73030130241202",4,"nouveau modèle",19900101000000
776,"45.1987374019471,5.73274692528671",2,"nouveau modèle",20010101000000
777,"45.1659602698432,5.72948793231026",3,"nouveau modèle",19980101000000
778,"45.1664779418453,5.72983378824425",2,"nouveau modèle",20020101000000
779,"45.1754279145728,5.70937315334205",4,"nouveau modèle",19980101000000
780,"45.1794053320254,5.74491339377589",4,"nouveau modèle",20120101000000
781,"45.1908364607876,5.71146538911232",3,"arceaux moto",20050101000000
782,"45.1911094926685,5.72501864764222",2,"nouveau modèle",20020101000000
783,"45.1922684988124,5.73279457008483",2,"nouveau modèle",19990101000000
784,"45.1887688703311,5.73321341514338",2,"nouveau modèle",20010101000000
785,"45.1916642294788,5.73312965602084",1,"nouveau modèle",20000101000000
786,"45.1916717674507,5.73305478216782",1,"nouveau modèle",20000101000000
787,"45.1904585252068,5.73034397550251",3,"nouveau modèle",20090101000000
788,"45.184996772665,5.72978304412164",4,"nouveau modèle",19980101000000
789,"45.1769131052383,5.73592042559938",2,"nouveau modèle",19900101000000
790,"45.1747737291131,5.72452742173812",2,"nouveau modèle",20000101000000
791,"45.1725396759081,5.7218289013219",3,"nouveau modèle",20090101000000
792,"45.1724710086156,5.72207444228634",3,"nouveau modèle",20090101000000
793,"45.1659989285812,5.72896884874718",2,"nouveau modèle",20020101000000
794,"45.1603072541912,5.73371360096403",3,"nouveau modèle",20010101000000
795,"45.1838185958565,5.71180836540904",3,"nouveau modèle",19900101000000
796,"45.1796437921702,5.72633022146913",2,"nouveau modèle",20090101000000
797,"45.1671540099169,5.72829062329962",3,"nouveau modèle",19900101000000
798,"45.1901284675648,5.73590596086486",2,"ancien modèle",19930101000000
799,"45.1908727553116,5.71936522233006",3,"nouveau modèle",19990101000000
800,"45.1908641013226,5.71929718487799",3,"nouveau modèle",19990101000000
801,"45.1930561222435,5.72734189062005",7,"nouveau modèle",20090101000000
802,"45.1646517060296,5.72784855337105",3,"nouveau modèle",20090101000000
803,"45.163588701798,5.72951400235409",1,"nouveau modèle",20090101000000
804,"45.1635955927775,5.72550408078735",2,"nouveau modèle",20090101000000
805,"45.1631080582273,5.72508980485977",2,"nouveau modèle",20090101000000
806,"45.1632544740532,5.72608524801921",3,"nouveau modèle",20090101000000
807,"45.1880446410984,5.74436510951659",3,"nouveau modèle",20090101000000
808,"45.1850392841229,5.74179377734441",2,"nouveau modèle",20090101000000
809,"45.1598727430454,5.73608349259898",2,"nouveau modèle",20090101000000
810,"45.1797245628899,5.71646427234435",4,"nouveau modèle",20090101000000
811,"45.1695257776088,5.71376174372612",6,"nouveau modèle",20100101000000
812,"45.1696296459733,5.71481665563625",3,"nouveau modèle",20090101000000
813,"45.1651936070172,5.7115296138449",5,"nouveau modèle",20090101000000
814,"45.1902736919268,5.71948842012276",4,"nouveau modèle",20090101000000
815,"45.1879085367982,5.71923468153204",4,"nouveau modèle",20010101000000
816,"45.1922567293389,5.71425297204784",5,"nouveau modèle",20090101000000
817,"45.185088587843,5.71074934479779",3,"nouveau modèle",20090101000000
818,"45.1837554044003,5.71057536952326",4,"nouveau modèle",20090101000000
819,"45.185862791733,5.71217001032279",3,"nouveau modèle",20090101000000
820,"45.1907282257288,5.7065836392379",3,"nouveau modèle",20090101000000
821,"45.1891027656218,5.7144185134767",3,"nouveau modèle",20090101000000
822,"45.1893993159077,5.71630440471093",3,"nouveau modèle",20090101000000
823,"45.1897884117849,5.71738055325116",2,"nouveau modèle",20090101000000
824,"45.1821597559891,5.7173958421034",3,"nouveau modèle",20090101000000
825,"45.1958636665006,5.72981628840606",5,"nouveau modèle",20090101000000
826,"45.1972370507581,5.73161133204922",3,"nouveau modèle",20090101000000
827,"45.1903804630496,5.72886975482524",5,"nouveau modèle",20090101000000
828,"45.1840122540986,5.71060980954745",3,"nouveau modèle",20090101000000
829,"45.1791038316351,5.70663290179269",3,"nouveau modèle",20090101000000
830,"45.1718922344825,5.72450832563808",2,"nouveau modèle",20090101000000
831,"45.1746562732918,5.72834591523239",2,"nouveau modèle",20090101000000
832,"45.1756409115915,5.72955885491099",2,"nouveau modèle",20090101000000
833,"45.1769604324552,5.73409708036227",5,"nouveau modèle",20090101000000
834,"45.1820987463023,5.73325488000619",3,"nouveau modèle",20090101000000
835,"45.1621397644577,5.73844320500765",3,"nouveau modèle",20090101000000
836,"45.190150405086,5.71530568343994",7,"nouveau modèle",20090101000000
837,"45.1915771568983,5.71492224338577",20,"nouveau modèle",20090101000000
838,"45.1829583745653,5.73649285190722",15,"nouveau modèle",20090101000000
839,"45.1695821897648,5.73598414388293",4,"nouveau modèle",20090101000000
840,"45.1792460715418,5.74319893389651",3,"nouveau modèle",20090101000000
841,"45.182971764202,5.72570062633628",3,"nouveau modèle",20090101000000
842,"45.1825313551397,5.72576388167766",3,"nouveau modèle",20090101000000
843,"45.1828533025292,5.72554390938449",3,"nouveau modèle",20090101000000
844,"45.1823431843873,5.72590825942656",2,"nouveau modèle",20090101000000
845,"45.1822823040971,5.72496330723499",4,"nouveau modèle",20090101000000
846,"45.1825551456824,5.72484432126872",4,"nouveau modèle",20090101000000
847,"45.1820271615492,5.72400195490547",3,"nouveau modèle",20090101000000
848,"45.1823405851772,5.72379278398409",3,"nouveau modèle",20090101000000
849,"45.1831497548016,5.7254313459085",8,"nouveau modèle",20090101000000
850,"45.1920505229153,5.7311995160724",5,"nouveau modèle",20030101000000
851,"45.1924046342337,5.73140225907193",5,"nouveau modèle",20000101000000
852,"45.1815482195044,5.72281569801622",3,"nouveau modèle",20100101000000
853,"45.1817458798698,5.72331400577245",3,"nouveau modèle",20100101000000
854,"45.1718477448283,5.7371783662307",2,"nouveau modèle",20100101000000
855,"45.1718718100296,5.73699279897537",5,"nouveau modèle",20100101000000
856,"45.1791702796732,5.7427152051982",2,"nouveau modèle",20100101000000
857,"45.1784374911037,5.74966701850725",3,"nouveau modèle",20100101000000
858,"45.1834526971496,5.70367189661419",8,"nouveau modèle",20100101000000
859,"45.1834552036464,5.70351365085405",7,"nouveau modèle",20100101000000
860,"45.1843965965518,5.70364781765568",32,"nouveau modèle",20120101000000
861,"45.1938058417685,5.72918555980606",4,"nouveau modèle",20100101000000
862,"45.1922846883067,5.72472241960442",5,"nouveau modèle",20100101000000
863,"45.1912615565703,5.72191859859666",3,"nouveau modèle",20100101000000
864,"45.1899584368932,5.7353953740294",4,"nouveau modèle",20100101000000
865,"45.1935477532368,5.73377946709852",3,"ancien modèle",20000101000000
866,"45.1947012988441,5.7337674161832",3,"nouveau modèle",20100101000000
867,"45.1879800518278,5.73387524335455",2,"nouveau modèle",20100101000000
868,"45.1826518727001,5.72813299014128",3,"nouveau modèle",20060101000000
869,"45.1820634026371,5.72698471770903",3,"nouveau modèle",20100101000000
870,"45.181085181447,5.72325559269868",3,"nouveau modèle",20100101000000
871,"45.1809701973399,5.72263787354528",3,"nouveau modèle",20100101000000
872,"45.1808419024811,5.72160742299839",3,"nouveau modèle",20080101000000
873,"45.1806161317783,5.71780909129122",3,"nouveau modèle",20100101000000
874,"45.1851243667369,5.71963843759423",1,"nouveau modèle",20080101000000
875,"45.1867409029533,5.72660986117058",5,"nouveau modèle",20100101000000
876,"45.1983449405783,5.73838101074413",2,"nouveau modèle",20100101000000
877,"45.1986773170595,5.73837671742077",2,"nouveau modèle",20100101000000
878,"45.201677597673,5.73767617012097",2,"nouveau modèle",20100101000000
879,"45.1866896181895,5.72181270103078",2,"nouveau modèle",20100101000000
880,"45.1866400511739,5.72202840465696",2,"nouveau modèle",20100101000000
881,"45.1868463603557,5.72320963916087",2,"nouveau modèle",20100101000000
882,"45.1865209546411,5.72274982966568",2,"nouveau modèle",20100101000000
575,"45.180495746041,5.73282539416668",2,"nouveau modèle",20060101000000
576,"45.1818544484792,5.7294951222482",2,"nouveau modèle",20010101000000
577,"45.1820570049677,5.72880605800092",2,"nouveau modèle",20010101000000
578,"45.1818366842241,5.72995505156698",3,"nouveau modèle",20070101000000
579,"45.1818401921281,5.73033899938535",2,"nouveau modèle",20030101000000
580,"45.1817177503743,5.7319558301219",3,"nouveau modèle",20010101000000
581,"45.1822235245557,5.73178360575573",15,"nouveau modèle",20110101000000
582,"45.1838984861247,5.73208733122842",3,"nouveau modèle",20080101000000
583,"45.1815110160952,5.73473954863107",3,"nouveau modèle",19900101000000
584,"45.1769730784819,5.73402475034826",5,"nouveau modèle",20090101000000
585,"45.1769210622323,5.73536699247581",3,"nouveau modèle",20060101000000
586,"45.1771262543533,5.736138215597",2,"nouveau modèle",20010101000000
587,"45.1770876595125,5.73637704807933",2,"nouveau modèle",20010101000000
588,"45.17337642945,5.72464862717092",3,"nouveau modèle",20010101000000
589,"45.1733423959568,5.72463058396499",2,"nouveau modèle",20050101000000
590,"45.173248611859,5.72448591479254",2,"nouveau modèle",20050101000000
591,"45.172636595654,5.72452658123561",2,"nouveau modèle",20050101000000
592,"45.1723518347403,5.72465838354464",2,"nouveau modèle",20040101000000
593,"45.1721362918601,5.72585008488637",4,"nouveau modèle",20070101000000
594,"45.1707866180465,5.72702174736803",2,"nouveau modèle",20050101000000
595,"45.1694039883908,5.73036899138542",2,"nouveau modèle",20030101000000
596,"45.1693534891688,5.73111963157268",2,"nouveau modèle",20030101000000
597,"45.1699532610002,5.73627090268259",3,"nouveau modèle",20000101000000
598,"45.1699178509885,5.73628532307929",2,"nouveau modèle",20000101000000
599,"45.1702743261554,5.73801158862644",2,"nouveau modèle",20010101000000
600,"45.1701073435172,5.73800929874954",4,"nouveau modèle",20010101000000
601,"45.1703110770101,5.73891523248591",2,"nouveau modèle",19900101000000
602,"45.1703800547775,5.73922864320237",2,"nouveau modèle",19900101000000
603,"45.1706733200294,5.7395973875307",3,"nouveau modèle",20030101000000
604,"45.1684406164196,5.73283719202355",3,"nouveau modèle",20060101000000
605,"45.1710166440372,5.7395716098402",2,"nouveau modèle",20070101000000
606,"45.1712190965839,5.73880712388898",2,"nouveau modèle",20080101000000
607,"45.171150122822,5.73884492688011",3,"nouveau modèle",20080101000000
608,"45.1714675941412,5.73934762082873",5,"nouveau modèle",20050101000000
609,"45.1719119999053,5.7387773035108",4,"nouveau modèle",20010101000000
610,"45.1721988755385,5.73815477800226",3,"nouveau modèle",20030101000000
611,"45.1731647772008,5.7290313130485",5,"nouveau modèle",20060101000000
612,"45.1720307964638,5.7285370859655",4,"nouveau modèle",20060101000000
613,"45.1737668242383,5.73461490149428",6,"nouveau modèle",20010101000000
614,"45.1719562256169,5.73375827625347",12,"nouveau modèle",20040101000000
615,"45.1719055024672,5.73275839421651",10,"nouveau modèle",20040101000000
616,"45.1724947082201,5.73366937538976",4,"nouveau modèle",20040101000000
617,"45.1725809605031,5.73393668253734",6,"nouveau modèle",20040101000000
618,"45.172583020731,5.73416706714865",6,"nouveau modèle",20040101000000
619,"45.1725861450374,5.73438413753764",6,"nouveau modèle",20040101000000
620,"45.1720571336555,5.73179096265145",3,"nouveau modèle",20020101000000
621,"45.1719721713986,5.73179116667502",3,"nouveau modèle",20020101000000
622,"45.1757058918873,5.73771944594484",2,"nouveau modèle",20010101000000
623,"45.1861976038517,5.74220090682663",10,"nouveau modèle",20080101000000
624,"45.1858390003437,5.74248743862153",10,"nouveau modèle",20080101000000
625,"45.185704915643,5.74213254623851",10,"nouveau modèle",20080101000000
626,"45.1848673083484,5.74119598112369",6,"nouveau modèle",20080101000000
627,"45.1847153055109,5.7409492245527",3,"nouveau modèle",20080101000000
628,"45.1846645882623,5.74086866577524",6,"nouveau modèle",20080101000000
629,"45.1849793546001,5.74137870899969",7,"nouveau modèle",20080101000000
630,"45.1874216843075,5.74488722845717",3,"nouveau modèle",20080101000000
631,"45.1891325995265,5.71915848442296",3,"nouveau modèle",20080101000000
632,"45.1828187870721,5.73502366199819",3,"nouveau modèle",20070101000000
633,"45.1823593998906,5.73566561874906",3,"nouveau modèle",20060101000000
634,"45.1863415914842,5.71829488937772",2,"nouveau modèle",19900101000000
635,"45.1876861950274,5.71908509605219",3,"nouveau modèle",20010101000000
636,"45.1863793341365,5.71669161154008",2,"nouveau modèle",20150728000000
637,"45.1882915279192,5.72324102097483",4,"nouveau modèle",20080101000000
638,"45.1857683860167,5.74672993257552",2,"nouveau modèle",20010101000000
639,"45.1854366963064,5.74430851115503",4,"nouveau modèle",20040101000000
640,"45.1851139089626,5.74449371714254",2,"nouveau modèle",20040101000000
641,"45.1854263219082,5.74296020214835",2,"nouveau modèle",20060101000000
642,"45.1848761045343,5.74333564377219",3,"nouveau modèle",19980101000000
643,"45.1844718331494,5.74339664804776",2,"nouveau modèle",19980101000000
644,"45.1826557282471,5.74417825443808",2,"nouveau modèle",19980101000000
645,"45.1826095656343,5.74442936331479",2,"nouveau modèle",20030101000000
646,"45.1829923227158,5.73926516198703",7,"nouveau modèle",19990101000000
647,"45.1806374321789,5.73792737835073",2,"nouveau modèle",20080101000000
648,"45.1805862130346,5.73682220194339",3,"nouveau modèle",20060101000000
649,"45.1805792691537,5.73706240383333",2,"nouveau modèle",20060101000000
650,"45.1817907989289,5.74258490130702",5,"nouveau modèle",19990101000000
651,"45.1833624435039,5.7380457787487",3,"nouveau modèle",20070101000000
652,"45.1805980884004,5.73516729924486",3,"nouveau modèle",19900101000000
653,"45.1820537880937,5.74796713127104",2,"nouveau modèle",20030101000000
654,"45.1817594642973,5.74487769623093",2,"nouveau modèle",20010101000000
655,"45.1808085604231,5.74484363976674",4,"nouveau modèle",20000101000000
656,"45.180491237155,5.74519305242684",3,"nouveau modèle",20000101000000
657,"45.1795327003212,5.74515739800935",4,"nouveau modèle",19930101000000
658,"45.1789801465507,5.74555435808529",2,"nouveau modèle",19990101000000
659,"45.1788668804948,5.74487235121084",3,"nouveau modèle",20010101000000
660,"45.1800806246232,5.7419908238085",3,"nouveau modèle",19930101000000
661,"45.1802659985937,5.74187997148928",3,"nouveau modèle",19930101000000
662,"45.1794656671569,5.74195375402923",3,"nouveau modèle",19980101000000
663,"45.1796897156497,5.74259580416153",2,"nouveau modèle",19900101000000
664,"45.1772240844486,5.74283056569999",2,"nouveau modèle",19980101000000
665,"45.1773948225848,5.74322971167365",2,"nouveau modèle",20010101000000
666,"45.1750930319497,5.74434469910044",5,"nouveau modèle",20020101000000
667,"45.1749725144334,5.7444155502037",7,"nouveau modèle",20060101000000
668,"45.1792726402738,5.73982257381699",3,"nouveau modèle",20050101000000
669,"45.1783793384078,5.74156897263994",3,"nouveau modèle",20050101000000
670,"45.1781100948828,5.74088892336699",3,"nouveau modèle",19900101000000
671,"45.1782548116067,5.7407026775658",2,"nouveau modèle",19990101000000
672,"45.1750615310499,5.74105262447954",4,"nouveau modèle",20060101000000
673,"45.1746209232996,5.74163694352182",4,"nouveau modèle",20060101000000
674,"45.1714663900856,5.73965801762316",2,"nouveau modèle",20050101000000
675,"45.1713801194254,5.73974080660289",3,"nouveau modèle",20050101000000
676,"45.1714042006165,5.74012534052292",3,"nouveau modèle",20050101000000
677,"45.1709807435016,5.7402246383462",3,"nouveau modèle",20050101000000
678,"45.171005194557,5.7399064529175",3,"nouveau modèle",20050101000000
679,"45.1706281987904,5.74009291810446",2,"nouveau modèle",20050101000000
680,"45.1704911536002,5.73983485673126",2,"nouveau modèle",20020101000000
681,"45.1702490875984,5.74015996500578",2,"nouveau modèle",20020101000000
682,"45.1718714808435,5.74386547653483",4,"nouveau modèle",20020101000000
683,"45.1698660862446,5.74290519951296",6,"nouveau modèle",19900101000000
684,"45.1715093545213,5.74345604209768",6,"nouveau modèle",20020101000000
685,"45.1709447129447,5.74333270984589",4,"nouveau modèle",19900101000000
686,"45.1705244565891,5.74310146947321",3,"nouveau modèle",19900101000000
687,"45.170467787993,5.74431896438608",3,"nouveau modèle",19900101000000
688,"45.1722175124526,5.74267379566721",2,"nouveau modèle",19900101000000
689,"45.1716962269168,5.74275980125025",2,"nouveau modèle",19900101000000
690,"45.1725791392683,5.74253177723112",2,"nouveau modèle",19900101000000
691,"45.1724769198448,5.74339568822333",4,"nouveau modèle",19900101000000
692,"45.1725005162194,5.74299361272455",2,"nouveau modèle",19990101000000
693,"45.1710653613634,5.74066039351615",2,"nouveau modèle",19900101000000
694,"45.1706006023997,5.74520064417448",5,"nouveau modèle",20050101000000
695,"45.1718664855198,5.74683769652095",5,"nouveau modèle",20050101000000
696,"45.1750046115509,5.74964054876702",4,"nouveau modèle",20030101000000
697,"45.1678913491477,5.73234282241971",3,"nouveau modèle",20060101000000
698,"45.1672848423511,5.73263998578359",5,"nouveau modèle",20070101000000
699,"45.1672564514497,5.73281965590547",1,"nouveau modèle",20030101000000
700,"45.1666557983368,5.731022058054",2,"nouveau modèle",19900101000000
701,"45.1563847743473,5.73448793445226",7,"nouveau modèle",20080101000000
702,"45.1563768408546,5.73407304139729",15,"nouveau modèle",20080101000000
703,"45.1570684691541,5.73418962888333",13,"nouveau modèle",20020101000000
704,"45.1571383716755,5.7349695008416",14,"nouveau modèle",20020101000000
705,"45.1570963662522,5.73352618885602",8,"nouveau modèle",20050101000000
706,"45.1595938259953,5.73291339714821",8,"nouveau modèle",20120101000000
707,"45.1598721261011,5.73384365248586",2,"nouveau modèle",20030101000000
708,"45.1598679815683,5.73430219421196",2,"nouveau modèle",20030101000000
709,"45.1601599200211,5.73296879984405",2,"nouveau modèle",20030101000000
710,"45.1600826880435,5.73404190519828",2,"nouveau modèle",20030101000000
711,"45.1604506007448,5.73506433636889",5,"nouveau modèle",20010101000000
712,"45.1615118140862,5.73747511338971",2,"nouveau modèle",20010101000000
713,"45.1615907822214,5.73560139286727",2,"nouveau modèle",20070101000000
714,"45.1615036418337,5.73393135781031",3,"nouveau modèle",20070101000000
715,"45.1615604658056,5.73697430929134",3,"nouveau modèle",20010101000000
716,"45.1634259441733,5.73241042311829",2,"nouveau modèle",20020101000000
717,"45.1639513374645,5.73253314885099",2,"nouveau modèle",20100101000000
718,"45.1632967715323,5.72737883707222",3,"nouveau modèle",20010101000000
719,"45.1596026224536,5.7275497066215",6,"nouveau modèle",20070101000000
720,"45.1595263123192,5.72706951138559",6,"nouveau modèle",20070101000000
721,"45.1594746535851,5.72786508914909",6,"nouveau modèle",20070101000000
722,"45.1640269312259,5.72767807372036",3,"nouveau modèle",20030101000000
723,"45.1636535323394,5.72780664441436",12,"nouveau modèle",20090101000000
724,"45.1645956910527,5.72677655182231",2,"nouveau modèle",20010101000000
725,"45.1645523222721,5.72573940928314",2,"nouveau modèle",20100101000000
726,"45.1646648486688,5.7251128575663",2,"nouveau modèle",20010101000000
727,"45.164723099963,5.72784449207246",2,"nouveau modèle",20050101000000
728,"45.1647226012862,5.72781363991919",2,"nouveau modèle",20050101000000
729,"45.165470540998,5.72539413496068",2,"nouveau modèle",20040101000000
730,"45.1654500725376,5.72442401217985",1,"nouveau modèle",20040101000000
731,"45.1653649176213,5.72402886076501",2,"nouveau modèle",20040101000000
732,"45.1653724254681,5.72452437030343",2,"nouveau modèle",20050101000000
733,"45.1657964171103,5.72671963671394",2,"nouveau modèle",20040101000000
734,"45.1664091430399,5.72353838383888",3,"nouveau modèle",20070101000000
735,"45.1660676126639,5.72355942791677",2,"nouveau modèle",20070101000000
736,"45.166392161048,5.72389958698021",2,"nouveau modèle",20050101000000
737,"45.1675631634656,5.72341694199384",3,"nouveau modèle",20080101000000
738,"45.1665065610737,5.72441837566528",1,"nouveau modèle",20050101000000
739,"45.1663947333899,5.72453216289892",1,"nouveau modèle",20050101000000
740,"45.1665242796708,5.72543598556764",1,"nouveau modèle",20050101000000
741,"45.166420791369,5.72535395795917",1,"nouveau modèle",20050101000000
742,"45.1665473054214,5.72602079820696",1,"nouveau modèle",20050101000000
743,"45.1665004073373,5.72780279796455",3,"nouveau modèle",20070101000000
744,"45.1664679132419,5.72833166532908",3,"nouveau modèle",20070101000000
745,"45.166420587683,5.72831647027219",3,"nouveau modèle",20070101000000
746,"45.1663696078304,5.72831879550943",3,"nouveau modèle",20070101000000
747,"45.1656936828999,5.72834420897601",3,"nouveau modèle",20070101000000
748,"45.1656575409244,5.72834179773256",3,"nouveau modèle",20070101000000
749,"45.1658724766319,5.72833808901708",3,"nouveau modèle",20070101000000
750,"45.1658425094159,5.7283407288142",3,"nouveau modèle",20070101000000
971,"45.1834649691066,5.72632682721803",3,"nouveau modèle",20100101000000
972,"45.1606864513448,5.7244660728569",3,"nouveau modèle",20100101000000
973,"45.1914444718172,5.71062565521253",2,"nouveau modèle",20100101000000
974,"45.1912702223931,5.71097565975955",2,"nouveau modèle",20100101000000
975,"45.1910445469263,5.71142005996454",8,"nouveau modèle",20150601000000
976,"45.1895031535556,5.71924546573691",3,"nouveau modèle",20100101000000
977,"45.1918718344633,5.71344615051557",6,"nouveau modèle",20050101000000
978,"45.1883257056958,5.70492511812713",11,"nouveau modèle",20100101000000
979,"45.1922217050921,5.71196335499134",14,"nouveau modèle",20090101000000
980,"45.1922933002754,5.73043773783163",5,"nouveau modèle",19900101000000
981,"45.1900433294579,5.72870895430931",4,"nouveau modèle",20100101000000
982,"45.1902079110965,5.72873594126739",4,"nouveau modèle",20100101000000
983,"45.1908504941863,5.72819531078778",5,"nouveau modèle",20100101000000
984,"45.1874291804151,5.73036207784247",3,"nouveau modèle",20100101000000
985,"45.1903534623628,5.73033946406741",3,"nouveau modèle",20100101000000
986,"45.1746742838322,5.708310464681",1,"nouveau modèle",20030101000000
987,"45.174518114636,5.70824073401386",2,"nouveau modèle",20110101000000
988,"45.1873887708687,5.70924438808074",4,"nouveau modèle",20110101000000
989,"45.1773980368976,5.72420355031377",3,"nouveau modèle",19900101000000
990,"45.1785909212301,5.73156294177818",3,"nouveau modèle",20100101000000
991,"45.1821144520404,5.73022892752221",2,"nouveau modèle",20100101000000
992,"45.1932393951784,5.73163109217651",2,"nouveau modèle",20110101000000
993,"45.1926362954071,5.72745591456493",5,"nouveau modèle",20110101000000
994,"45.1925793070081,5.72745349145912",7,"nouveau modèle",20110101000000
995,"45.1706695925605,5.74060154108173",7,"nouveau modèle",20100101000000
996,"45.1806794800704,5.73191030881487",2,"nouveau modèle",20100101000000
997,"45.1822727599074,5.73439630142182",5,"nouveau modèle",20110101000000
998,"45.1782045866776,5.7428466239511",4,"nouveau modèle",20110101000000
999,"45.1645815702283,5.73167267938224",2,"nouveau modèle",20100101000000
1000,"45.1800519260012,5.71283882604684",3,"nouveau modèle",20110101000000
1001,"45.1830873854631,5.72221275458225",11,"nouveau modèle",20110101000000
1002,"45.1903982738305,5.72778588485887",5,"nouveau modèle",20100101000000
1003,"45.1862530638915,5.74218179396406",5,"nouveau modèle",20080101000000
1004,"45.182671821994,5.7268336173095",2,"nouveau modèle",20110101000000
1005,"45.1825452792398,5.72674101534619",2,"nouveau modèle",20110101000000
1006,"45.1819516300885,5.72512719921963",4,"nouveau modèle",20110101000000
1007,"45.1820546001154,5.72502708352492",2,"nouveau modèle",20110101000000
1008,"45.1820431150119,5.72485977011739",3,"nouveau modèle",20110101000000
1009,"45.1818718574468,5.72390688912543",3,"nouveau modèle",20110101000000
1010,"45.1824621141004,5.72364292555329",3,"nouveau modèle",20110101000000
1011,"45.182861603633,5.7217104995798",1,"nouveau modèle",20110101000000
1012,"45.188097872361,5.72328613785247",2,"nouveau modèle",19900101000000
1013,"45.1872189715606,5.72386005517977",4,"nouveau modèle",19900101000000
1014,"45.1858515952847,5.72868103802153",3,"nouveau modèle",20140917000000
1103,"45.185737567316,5.70585235407789",2,"nouveau modèle",20120101000000
1104,"45.1777007915711,5.74421855474037",4,"nouveau modèle",20120101000000
1105,"45.1618320235865,5.73251897268937",3,"nouveau modèle",20120101000000
1106,"45.1820893338507,5.7387003038224",3,"nouveau modèle",20120101000000
1107,"45.1860197615354,5.70708280646584",3,"nouveau modèle",20120101000000
1108,"45.1879376314115,5.71949516878925",2,"nouveau modèle",20120101000000
1109,"45.1976551559353,5.74018850586408",3,"nouveau modèle",20120101000000
1110,"45.1889775365025,5.72568812564171",4,"nouveau modèle",20120101000000
1111,"45.1679439285541,5.72671973058123",4,"nouveau modèle",20120101000000
1112,"45.1902775161674,5.72466446283661",3,"nouveau modèle",20120101000000
1113,"45.1936077507846,5.71203113423081",3,"nouveau modèle",20120101000000
1114,"45.1933880089487,5.71447113573122",3,"nouveau modèle",20120101000000
1115,"45.1753166228446,5.74239276058224",3,"nouveau modèle",20120101000000
1116,"45.175184828166,5.72868596649828",2,"nouveau modèle",20120101000000
1117,"45.1874508823325,5.71739284384922",2,"nouveau modèle",20120101000000
1118,"45.1903167702087,5.72198701597118",2,"nouveau modèle",20120101000000
1119,"45.1901477723623,5.73615675289996",4,"nouveau modèle",20120101000000
1120,"45.1879884471222,5.72576654553213",4,"nouveau modèle",20120101000000
1121,"45.1878786695443,5.7264640630423",3,"nouveau modèle",20120101000000
1122,"45.1994696874177,5.73644213791136",2,"nouveau modèle",20120101000000
1123,"45.2005497370282,5.73719978938945",2,"nouveau modèle",20120101000000
1124,"45.1941881138093,5.7319540168173",4,"nouveau modèle",20120101000000
1125,"45.194683179746,5.73110223755246",2,"nouveau modèle",20120101000000
1126,"45.1824206526741,5.73913164394335",2,"nouveau modèle",20120101000000
1127,"45.1708348921289,5.73758665496474",3,"nouveau modèle",20120101000000
1128,"45.1701924800286,5.73225250313586",4,"nouveau modèle",20120101000000
1129,"45.1815666571703,5.72536371985084",3,"nouveau modèle",20120101000000
1130,"45.167760064206,5.72829159557814",3,"nouveau modèle",20120101000000
1131,"45.1724155273267,5.73679967152565",2,"nouveau modèle",20120101000000
1132,"45.1722729876365,5.73626594721972",2,"nouveau modèle",20120101000000
1133,"45.1887879728949,5.71451979057725",2,"nouveau modèle",20120101000000
1134,"45.1761888919673,5.73281765354657",2,"nouveau modèle",20120101000000
1135,"45.1901747182155,5.72982054228972",4,"nouveau modèle",20120101000000
1136,"45.1872491934859,5.71261160659325",3,"nouveau modèle",20120101000000
1137,"45.1721604967461,5.72460890150273",2,"nouveau modèle",20120101000000
1138,"45.1775120540184,5.7259832214097",1,"nouveau modèle",20120101000000
1139,"45.1756329449613,5.73835229379947",3,"nouveau modèle",20120101000000
1140,"45.1884654437955,5.72809514243744",4,"nouveau modèle",20120101000000
1141,"45.1895183330466,5.72459069859965",3,"nouveau modèle",20120101000000
1144,"45.1828034319187,5.71757900842204",6,"nouveau modèle",20140910000000
1145,"45.1841893960443,5.71744571276742",8,"nouveau modèle",20140910000000
1164,"45.1830090996241,5.71703534864853",8,"nouveau modèle",20140911000000
1184,"45.1859379210804,5.72861287187435",5,"ancien modèle",20140917000000
1204,"45.1865423582338,5.71668184824661",4,"nouveau modèle",20150728000000
1205,"45.1887897400403,5.71565763142692",3,"nouveau modèle",20150728000000
1015,"45.1887151409499,5.73019037560263",3,"nouveau modèle",20100101000000
1016,"45.1876789027031,5.71928871350142",1,"nouveau modèle",20010101000000
1017,"45.182080419699,5.73221067710841",3,"nouveau modèle",20120101000000
1018,"45.1821137828535,5.73397569839634",3,"nouveau modèle",20110101000000
1019,"45.1845334027364,5.74121715291573",2,"nouveau modèle",20110101000000
1020,"45.1828839123496,5.73565467379914",15,"nouveau modèle",20110101000000
1021,"45.1863231872235,5.71096494143372",4,"nouveau modèle",20100101000000
1022,"45.1874988092482,5.71107575730091",3,"nouveau modèle",19900101000000
1023,"45.1854735251452,5.70583491462493",3,"nouveau modèle",20110101000000
1024,"45.188437750525,5.71123696981715",3,"nouveau modèle",20110101000000
1025,"45.1889311644917,5.70569357369851",2,"nouveau modèle",20110101000000
1026,"45.1880661598794,5.70575220450394",2,"nouveau modèle",20100101000000
1027,"45.1818070565114,5.71047794310679",3,"nouveau modèle",20120101000000
1028,"45.1816953681208,5.70860480393688",3,"nouveau modèle",19900101000000
1029,"45.1917510991848,5.7125188361894",3,"nouveau modèle",20110101000000
1030,"45.1873293584292,5.71157583445233",5,"nouveau modèle",20110101000000
1031,"45.1834361523086,5.70432412138923",3,"nouveau modèle",20120101000000
1032,"45.1806978462457,5.71322072442194",2,"nouveau modèle",19900101000000
1033,"45.182763231769,5.71682030720428",3,"nouveau modèle",20110101000000
1034,"45.1892074081615,5.7066873718676",3,"nouveau modèle",20110101000000
1035,"45.1876646458234,5.71327087158185",3,"ancien modèle",19930101000000
1036,"45.187668772759,5.71320215277376",2,"nouveau modèle",19900101000000
1037,"45.1876946204084,5.7127439483121",4,"nouveau modèle",19900101000000
1038,"45.1814152996493,5.71312680874811",4,"nouveau modèle",20120101000000
1039,"45.181376124248,5.71562326550035",3,"nouveau modèle",20120101000000
1040,"45.1858261080198,5.71397538498867",2,"nouveau modèle",20120101000000
1041,"45.1950980123252,5.71164371683986",10,"nouveau modèle",20120101000000
1042,"45.1948796213283,5.71041750512461",10,"nouveau modèle",20120101000000
1043,"45.1926026495208,5.71211934132128",2,"nouveau modèle",20120101000000
1044,"45.1925117796757,5.71215745047115",2,"nouveau modèle",20120101000000
1045,"45.1847316298941,5.71534061574529",3,"nouveau modèle",20120101000000
1046,"45.1809351444851,5.71535500393667",3,"nouveau modèle",20120101000000
1047,"45.1852765290752,5.70633443488858",2,"nouveau modèle",20120101000000
1048,"45.1724573541757,5.70750505026961",3,"nouveau modèle",20110101000000
1049,"45.1724672894291,5.7072743311029",6,"nouveau modèle",20110101000000
1050,"45.1724787199076,5.7069803431577",3,"nouveau modèle",20110101000000
1051,"45.1725813795034,5.70652281558178",5,"nouveau modèle",20110101000000
1052,"45.1685781248673,5.71361985685354",4,"nouveau modèle",20110101000000
1053,"45.1771166557111,5.71096248500053",2,"nouveau modèle",20110101000000
1054,"45.1679609821504,5.7120012082876",2,"nouveau modèle",20110101000000
1055,"45.1799935772306,5.71310648714489",4,"nouveau modèle",20100101000000
1056,"45.1780905696803,5.71021590467196",2,"nouveau modèle",20120101000000
1057,"45.1904715177976,5.73295064643552",3,"nouveau modèle",20110101000000
1058,"45.1887165899208,5.73726100760282",2,"nouveau modèle",19900101000000
1059,"45.1884840147958,5.72968621446692",2,"nouveau modèle",19900101000000
1060,"45.1895455549923,5.73434106191839",4,"nouveau modèle",19900101000000
1061,"45.1903110240388,5.7365964396208",4,"nouveau modèle",20100101000000
1062,"45.1882112782195,5.71697971289919",4,"nouveau modèle",20110101000000
1063,"45.1868892361076,5.71716154752189",4,"nouveau modèle",20120101000000
1064,"45.18709693214,5.71648901053955",2,"nouveau modèle",20120101000000
1065,"45.1860900815192,5.71642996113765",3,"nouveau modèle",20110101000000
1066,"45.1880467155176,5.71976077770847",2,"nouveau modèle",20120101000000
1067,"45.1843342196577,5.72378885408765",3,"nouveau modèle",20100101000000
1068,"45.1851773217979,5.72234019969713",5,"nouveau modèle",20110101000000
1069,"45.1879639874663,5.72550901396431",2,"nouveau modèle",19990101000000
1070,"45.1879366593089,5.7251205204688",4,"nouveau modèle",19900101000000
1071,"45.1877398251162,5.72417097677525",3,"nouveau modèle",19900101000000
1072,"45.186335117489,5.72327855072677",5,"nouveau modèle",20110101000000
1073,"45.1938062257511,5.73265486793346",4,"nouveau modèle",20110101000000
1074,"45.1891399175201,5.71599212935267",2,"nouveau modèle",20120101000000
1075,"45.1889786524218,5.7164481173595",3,"nouveau modèle",19900101000000
1076,"45.1942370872299,5.73146910927349",2,"nouveau modèle",19900101000000
1077,"45.1938348032078,5.73205406097573",3,"nouveau modèle",20120101000000
1078,"45.1928671408941,5.73286350715094",2,"nouveau modèle",20120101000000
1079,"45.1917656087071,5.72432152402717",3,"nouveau modèle",19900101000000
1080,"45.1887062115942,5.71986842264996",3,"nouveau modèle",20120101000000
1081,"45.1886815246052,5.72017828725291",6,"nouveau modèle",19900101000000
1082,"45.1886373500822,5.72078175070135",4,"nouveau modèle",19900101000000
1083,"45.1886200321441,5.72098922773554",1,"nouveau modèle",19900101000000
1084,"45.1982878666087,5.74206216320529",3,"nouveau modèle",20120101000000
1085,"45.1891036422137,5.72295846888338",4,"nouveau modèle",20120101000000
1086,"45.1876716024078,5.73410969864774",2,"nouveau modèle",20120101000000
1087,"45.1913798416105,5.72496851887765",4,"nouveau modèle",20120101000000
1088,"45.1750363364281,5.74150883601976",3,"nouveau modèle",20060101000000
1089,"45.1703957877251,5.7338835157683",3,"nouveau modèle",20110101000000
1090,"45.1696051758257,5.73391753491942",2,"nouveau modèle",20110101000000
1091,"45.1822321301451,5.74461024673026",3,"nouveau modèle",20110101000000
1092,"45.1871689726257,5.7451699903155",3,"nouveau modèle",20110101000000
1093,"45.1693319268299,5.73508739207022",2,"nouveau modèle",20110101000000
1094,"45.1715656233542,5.74241497733345",2,"nouveau modèle",20110101000000
1095,"45.1714230718158,5.74248497229869",1,"nouveau modèle",20110101000000
1096,"45.1796803495961,5.74198110333555",2,"nouveau modèle",20120101000000
1097,"45.1717396131225,5.73648833703312",3,"nouveau modèle",20120101000000
1098,"45.1799245525544,5.74866846837465",4,"nouveau modèle",20120101000000
1099,"45.183655448638,5.70573480663181",2,"nouveau modèle",20120101000000
1100,"45.1777335776586,5.71217423466596",3,"nouveau modèle",20120101000000
1101,"45.173323867963,5.7192182042087",4,"nouveau modèle",20120101000000
1102,"45.1718114100384,5.72223349172575",2,"nouveau modèle",20120101000000
883,"45.1867632071935,5.71105565149128",4,"nouveau modèle",20100101000000
884,"45.1909490578384,5.70892883060466",2,"nouveau modèle",20100101000000
885,"45.180480569111,5.71605542380108",2,"nouveau modèle",20100101000000
886,"45.1804498361767,5.71304014798486",3,"nouveau modèle",20100101000000
887,"45.1802217546903,5.70690555039443",2,"nouveau modèle",20100101000000
888,"45.1884889050857,5.70647537240046",4,"nouveau modèle",20100101000000
889,"45.1885768409198,5.71819455103007",5,"nouveau modèle",20100101000000
890,"45.1905773847124,5.71314264021216",15,"nouveau modèle",20100101000000
891,"45.180241280663,5.70567410654716",5,"nouveau modèle",20100101000000
892,"45.1817468396685,5.71014175290129",8,"nouveau modèle",20110101000000
893,"45.1809800568643,5.70989494546239",4,"nouveau modèle",20100101000000
894,"45.1838780871344,5.71428264348887",3,"nouveau modèle",20100101000000
895,"45.1848368510517,5.71449164268345",3,"nouveau modèle",20100101000000
896,"45.1908084092636,5.71822000835938",4,"nouveau modèle",20100101000000
897,"45.1974468632275,5.71159971791571",2,"nouveau modèle",20100118000000
898,"45.1806430514251,5.72225100736769",2,"nouveau modèle",20100101000000
899,"45.1808297792098,5.72360505858741",3,"nouveau modèle",20100101000000
900,"45.1810852684608,5.72484329642629",3,"nouveau modèle",20100101000000
901,"45.182503314259,5.72881825057716",3,"nouveau modèle",20100101000000
902,"45.1830607561739,5.73019567100409",3,"nouveau modèle",20100101000000
903,"45.1759314661804,5.72962208005968",3,"nouveau modèle",20100101000000
904,"45.1842573525202,5.73234597566006",4,"nouveau modèle",20060101000000
905,"45.1672858530053,5.72538211550151",2,"nouveau modèle",19900101000000
906,"45.1674511490148,5.72446557195218",2,"nouveau modèle",19900101000000
907,"45.16657013458,5.72668094248853",1,"nouveau modèle",19900101000000
908,"45.1665743113895,5.72682461094187",1,"nouveau modèle",19900101000000
909,"45.1674492520741,5.72432605660868",1,"nouveau modèle",19900101000000
910,"45.1706650945235,5.73444014874722",4,"nouveau modèle",20100101000000
911,"45.1799657862225,5.70580722672705",2,"nouveau modèle",20100101000000
912,"45.1798958303693,5.70608160139947",3,"nouveau modèle",20060101000000
913,"45.1799439750838,5.70702451602416",3,"nouveau modèle",20100101000000
914,"45.1799789992649,5.7104281878014",3,"nouveau modèle",20100101000000
915,"45.1799379154546,5.71283579888579",7,"nouveau modèle",20100101000000
916,"45.1799911551147,5.71327953892273",11,"nouveau modèle",20100101000000
917,"45.1799311113561,5.71604313874871",4,"nouveau modèle",20100101000000
918,"45.1773258885647,5.71429159093589",2,"nouveau modèle",20070101000000
919,"45.1773452430514,5.71427291916684",3,"nouveau modèle",20100101000000
920,"45.1905895093055,5.73336532216308",4,"nouveau modèle",20100101000000
921,"45.192227767747,5.72730593026951",7,"nouveau modèle",20090101000000
922,"45.1820528202765,5.71557699495716",2,"nouveau modèle",20100101000000
923,"45.1822046090165,5.71530377789448",3,"nouveau modèle",20100101000000
924,"45.1831870226204,5.73574181768659",4,"nouveau modèle",20100101000000
925,"45.163980448234,5.73253442617529",2,"nouveau modèle",20020101000000
926,"45.1740451571112,5.74196205642013",5,"nouveau modèle",20100101000000
927,"45.1735683277237,5.74004180003549",4,"nouveau modèle",20100101000000
928,"45.173135425811,5.73928950437341",4,"nouveau modèle",20100101000000
929,"45.1722128054708,5.74141336506828",3,"nouveau modèle",20100101000000
930,"45.1846918107052,5.72525852786821",12,"nouveau modèle",20100101000000
931,"45.1846511163572,5.72512170850202",4,"nouveau modèle",20100101000000
932,"45.1845790053692,5.72492411496398",4,"nouveau modèle",20100101000000
933,"45.1845029847478,5.72470967480968",4,"nouveau modèle",20100101000000
934,"45.184358586855,5.72428124037697",4,"nouveau modèle",20100101000000
935,"45.1842162557426,5.72382999620743",2,"nouveau modèle",20100101000000
936,"45.1841623111263,5.72365770321033",5,"nouveau modèle",20100101000000
937,"45.1836962109131,5.72228302347659",5,"nouveau modèle",20100101000000
938,"45.1838007892728,5.72224590882049",2,"nouveau modèle",20100101000000
939,"45.1834323838376,5.72154924515569",4,"nouveau modèle",20100101000000
940,"45.1834513370949,5.72159959725159",4,"nouveau modèle",20100101000000
941,"45.18313531133,5.72207638455857",8,"nouveau modèle",20100101000000
942,"45.1832023007212,5.72229856532551",3,"nouveau modèle",20100101000000
943,"45.1837769386852,5.72409092848548",11,"nouveau modèle",20100101000000
944,"45.1843850319999,5.7257777671177",3,"nouveau modèle",20100101000000
945,"45.1835466948725,5.7264977724787",3,"nouveau modèle",20100101000000
946,"45.1823873872516,5.726059394135",3,"nouveau modèle",20100101000000
947,"45.1820734940019,5.7237553768317",3,"nouveau modèle",20100101000000
948,"45.1822143942102,5.72367728360875",3,"nouveau modèle",20100101000000
949,"45.178514371041,5.70942940197527",3,"nouveau modèle",20100101000000
950,"45.1828271151747,5.72468323566473",7,"nouveau modèle",20100101000000
951,"45.1837499561682,5.72399935301727",6,"nouveau modèle",20100101000000
952,"45.172361409767,5.70579788646821",4,"nouveau modèle",20100101000000
953,"45.1751591203669,5.70860075030185",3,"nouveau modèle",20100101000000
954,"45.1758900780114,5.70897040931542",3,"nouveau modèle",20100101000000
955,"45.1794541518571,5.71762110867919",3,"nouveau modèle",20100101000000
956,"45.1611022808744,5.73572230016078",2,"nouveau modèle",19900101000000
957,"45.1647423026654,5.72619364389965",2,"nouveau modèle",20010101000000
958,"45.1635146348323,5.72564629385274",2,"nouveau modèle",20100101000000
959,"45.1630790367334,5.72286520725221",2,"nouveau modèle",20100101000000
960,"45.1607532668307,5.72542205975263",3,"nouveau modèle",20030101000000
961,"45.1814788652525,5.72263736215236",3,"nouveau modèle",20100101000000
962,"45.1814995877124,5.72248360893",3,"nouveau modèle",20100101000000
963,"45.1816102277958,5.7225343223096",4,"nouveau modèle",20100101000000
964,"45.1820592172304,5.72250844438888",3,"nouveau modèle",20110101000000
965,"45.1821371526314,5.72219457654506",6,"nouveau modèle",20100101000000
966,"45.1824017609736,5.72351848650975",3,"nouveau modèle",20100101000000
967,"45.1830397927074,5.72541171011816",3,"nouveau modèle",20100101000000
968,"45.1831010524443,5.72561748910652",3,"nouveau modèle",20100101000000
969,"45.1824686896119,5.72600680621236",2,"nouveau modèle",20100101000000
970,"45.1821992519501,5.72553238401635",2,"nouveau modèle",20100101000000
