id,ogc_fid,uid_filaire,x,y,boucle,emplacement,orientation,type,fiabilite,orien_etiq,commentaire,tmja_2022_mois1,tmja_2022_mois2,tmja_2022_mois3,tmja_2022_mois4,tmja_2022_mois5,tmja_2022_mois6,tmja_2022_mois7,tmja_2022_mois8,tmja_2022_mois9,tmja_2022_mois10,tmja_2022_mois11,tmja_2022_mois12,tmja_2022_moistmja_2022,fid,geo_point_2d
521,25,39793362-8412-40d5-bcbd-8ef69be36fd6,1913110,4221889,521,"Cours de la libération ",10,"double droit large","Bonne fiabilite. Utilisable pour les comptages",76,"Validation par comparaison avec comptage ponctuel",4663.879032258064,5061.901785714286,5102.137096774193,4961.016666666667,5130.193548387097,6280.555555555554,4465.709677419353,3802.4274193548385,4811.675,4594.016129032259,4625.9333333333325,4462.798387096775,4830.186969299369,1,"45.164884249841776, 5.711344053672686"
501,30,9f8ec2e9-a38f-4fbd-b862-6b9c46dbf4c2,1913232,4222478,501,"Cours de la libération ",12,"simple droit","Bonne fiabilite. Utilisable pour les comptages",260,"Validation par comparaison avec comptage ponctuel",5185.443548387097,5596.437499999999,5702.701612903226,5551.158333333334,5715.548387096775,7295.509259259259,4989.532258064516,4299.040322580645,5441.624999999999,5170.2661290322585,5255.233333333334,5008.379032258064,5434.239559687375,2,"45.17015214753706, 5.7131480264681045"
1451,50,7b5d0e3b-282b-4b58-bf29-68c72d9571ef,1915488,4222214,1451,"Avenue Jean Jaures ",340,"double droit large","Inutilisable pour les comptages",292,"Inapte au comptage",1.435483870967742,1.1964285714285714,12.596774193548386,10210.8,16079.999999999993,14111.351851851845,336.41129032258056,9.70967741935484,4.083333333333334,4.314516129032258,990.4583333333334,7.911290322580644,3480.8557482790006,3,"45.1670878958861, 5.741723847387878"
1551,42,c675a1bf-f540-42ee-9092-278b2480d2df,1914756,4221329,1551,"Avenue de l'Europe",266,"double droit large","Inutilisable pour les comptages",,"Différence avec ponctuel (-45%) / Observation terrain PC feux",14442.008064516127,14229.285714285716,13959.790322580646,13919.508333333333,13573.120967741937,14833.75925925926,13061.459677419352,12930.282258064517,13907.283333333331,13681.637096774193,14427.300000000001,14513.47580645161,13956.575902813333,4,"45.15935148078644, 5.732036936398457"
31,18,13b0ca5e-9d46-4cd2-b037-fc96f34c9422,1913131,4223582,31,"Boulevard Joseph Vallier",86,"double droit etroit","Bonne fiabilite. Utilisable pour les comptages",,"Validation par comparaison avec comptage ponctuel",9852.943548387097,10278.169642857143,11159.290322580646,11350.008333333331,11451.33870967742,14415.407407407409,10568.354838709674,9978.217741935487,12073.675000000001,11494.137096774188,11708.75,11351.919354838712,11306.850999708426,5,"45.18010688658654, 5.712335893328637"
902,21,20aafe73-f2cc-4de1-bf09-e65b8c4cdb36,1912477,4222178,902,A480,91,"double droit large","Bonne fiabilite. Utilisable pour les comptages",,"Validation par comparaison avec comptage ponctuel",4898.620967741935,4750.267857142857,4958.645161290321,4589.85,4781.677419354838,8747.888888888889,4253.814516129032,3850.120967741936,5304.258333333333,4980.548387096775,5210.574999999998,5188.975806451613,5126.27027543096,6,"45.16768021842284, 5.70341829528973"
491,31,7b028a7a-8484-42ba-9653-016e49dcce03,1913303,4222938,491,"Cours de la libération ",192,"double droit large","Bonne fiabilite. Utilisable pour les comptages",254,"Validation par comparaison avec comptage ponctuel",5680.790322580645,6286.053571428572,6218.790322580645,6117.549999999999,6099.233870967742,8518.083333333332,5314.153225806452,4741.580645161291,9372.616666666669,35995.96774193547,35995.833333333336,35992.741935483864,13861.116247439835,7,"45.17426088914538, 5.714252899026754"
901,22,5aaaaabd-3710-42e1-a412-e026f91537db,1912438,4222198,901,A480,90,"double droit large",Inconnue,,"A valider",71997.84677419353,71991.07142857142,71894.08064516127,23544.29166666666,8017.653225806453,12980.268518518518,8298.68548387097,7698.185483870968,10347.775000000001,10009.72580645161,10047.700000000003,9653.709677419356,26373.41614254423,8,"45.16786792097199, 5.702935570267243"
906,23,5c9ec433-9ce3-472f-8611-d6bc1f28184f,1912588,4222303,906,"Avenue Rhin et Danube",181,"double droit large","Inutilisable pour les comptages",,"Inapte au comptage",,,,,,,,,,,,,,9,"45.168766792167695, 5.70488236722285"
903,24,c388dc6b-4dec-4df2-aee7-5485b207eb62,1912628,4222144,903,"Rue Albert Reynier",301,"double droit large","Bonne fiabilite. Utilisable pour les comptages",323,"Validation par comparaison avec comptage ponctuel",47999.79032258067,47994.03571428573,47930.096774193575,18982.808333333334,9467.653225806449,13674.60185185185,8326.91129032258,7027.298387096774,9712.025000000001,9219.00806451613,9544.050000000001,9040.677419354837,19909.91303194516,10,"45.167324322958905, 5.705330633127202"
511,26,162ade0b-78e5-4e04-a437-0d45c25d2120,1913135,4222092,511,"Cours de la libération ",189,"double droit large","Bonne fiabilite. Utilisable pour les comptages",78,"Validation par comparaison avec comptage ponctuel",6437.475806451614,6080.991071428571,11312.161290322578,21600,21599.99999999999,14332.749999999998,4968.306451612903,4829.403225806451,5577.65,5308.9516129032245,5396.333333333334,5098.008064516128,9378.502571364565,11,"45.16670861835186, 5.711758099591758"
1541,40,daa86e22-e8ea-473a-ad16-21c7f39405f7,1914515,4221368,1541,"Avenue Marie Reynoard",355,"double droit large","Inutilisable pour les comptages",269,,55.35483870967742,1.7857142857142856,17.193548387096776,3.8833333333333337,18.266129032258064,14753.08333333333,24000.000000000015,24000.000000000015,24000,24000.000000000015,24000,24000.000000000015,13237.46390809012,12,"45.159773924053766, 5.7289868129480865"
411,128,df62a945-b937-4b3b-be0b-dcc9007a25ba,1913711,4224971,411,"Pont de la porte de France",151,"double droit large","Inutilisable pour les comptages",,"Différence avec ponctuel (-25%)",9921.774193548386,11059.76785714286,10831.024193548388,10859.858333333332,10511.443548387097,11964.305555555555,10186.193548387097,9537.983870967742,10435.333333333334,10068.98387096774,10211.258333333333,9883.927419354839,10455.987838154973,13,"45.19242587348127, 5.720305881010011"
533,27,6de0437f-73ce-4f36-90ee-0c52bb0821d5,1913009,4221208,533,"Rue Pierre de Coubertin",306,"double droit large",Inconnue,325,"A valider",9.661290322580644,10.696428571428571,2435.435483870968,21931.1,106.38709677419354,1908.4629629629628,25.241935483870968,13718.766129032254,24000,23997.84677419356,23999.441666666666,23996.76612903227,11344.983824742563,14,"45.15879746511424, 5.70977291756588"
532,28,f390f0cd-51f8-40e9-8113-204900b0489c,1912951,4221253,532,"Cours de la libération ",210,"tourne a droite double",Inconnue,63,"A valider",1303.3306451612905,1520.151785714285,2466.08064516129,10326.258333333333,1622.9516129032256,2830.990740740741,812.3709677419356,6743.41935483871,11250.408333333333,11326.056451612903,11318.63333333333,11061.709677419356,6048.530156774478,15,"45.15921584426639, 5.709051996765881"
531,29,d2a924a4-65fd-41ab-8aea-dea465b45978,1912997,4221333,531,"Cours de la libération ",11,"simple droit","Bonne fiabilite. Utilisable pour les comptages",261,"Validation par comparaison avec comptage ponctuel",2428.145161290323,5440.5714285714275,6871.42741935484,8618.591666666667,4515.564516129031,5873.861111111112,3521.927419354838,3196.943548387097,5444.941666666666,5181.677419354838,1099.2,301.2177419354838,4374.505758235194,16,"45.159921045572446, 5.709670471551636"
462,32,ceb7a5cf-09a6-4977-a24f-e844462cb9db,1913550,4224035,462,"Jaurès bis",11,"simple droit","Bonne fiabilite. Utilisable pour les comptages",80,"Validation par comparaison avec comptage ponctuel",4537.709677419355,4937.642857142858,4940.822580645161,5078.091666666666,4978.040322580646,6508.333333333334,4517.4838709677415,4023.193548387096,4863.008333333333,4660.241935483871,4756.241666666667,4529.491935483871,4860.858477342551,17,"45.184052433233596, 5.717858674193856"
1581,43,58fd367e-1538-4f4f-9d6d-3a39cb4431db,1914762,4221265,1581,"Avenue de l'Europe",87,"double droit large",Inconnue,,"A valider",3910.3145161290317,4246,4382.846774193548,4137.5666666666675,4087.209677419354,5228.055555555556,3512.040322580644,3124.9193548387098,4001.558333333333,3900.209677419354,4197.616666666668,4206.975806451613,4077.9427792712067,18,"45.158774681517656, 5.732083783167686"
32,19,aa975ce9-6788-449b-84d5-aa5c4fc72264,1913010,4223588,32,"Boulevard Joseph Vallier",268,"double droit etroit","Bonne fiabilite. Utilisable pour les comptages",,"Validation par comparaison avec comptage ponctuel",11212.854838709676,11545.249999999998,11798.467741935481,12274.966666666667,12437.887096774191,15596.777777777776,12413.56451612903,11333.33064516129,13062.733333333334,12538.73387096774,12481.666666666664,12178.927419354837,12406.263381123057,19,"45.18020158429374, 5.710804710042459"
52,4,96355b6c-ae48-4900-8884-0466599afc4b,1914088,4223738,52,Foch,250,"double droit etroit",Inconnue,24,"A valider",10145.330645161292,10353.044642857141,10574.58064516129,10388.366666666665,10567.338709677419,12544.296296296294,9531.282258064515,8366.677419354839,10970.441666666666,10556.274193548388,10794.749999999998,10248.750000000002,10420.094428621209,20,"45.181222046672865, 5.724570989436702"
61,5,aebdd74f-d0e8-4a1a-a157-6e33160de153,1914156,4223745,61,Joffre,69,"double droit etroit",Inconnue,16,"A valider",248.38709677419354,0,14.516129032258064,245,51.61290322580645,5394.444444444445,46.77419354838709,35.483870967741936,13.333333333333334,59.67741935483871,81.66666666666667,27.41935483870968,518.1929510155317,21,"45.18126285205018, 5.725435128325918"
63,6,cfefc1ec-f6d4-4f49-8e9c-53e194a3e92f,1914329,4223804,63,"Rue Nestor Cornier",333,"simple droit",Inconnue,299,"A valider",41.33064516129031,0,2.411290322580645,40.825,8.57258064516129,899.0277777777777,7.782258064516129,5.903225806451612,2.216666666666667,10.008064516129032,13.591666666666669,4.564516129032258,86.35280764635603,22,"45.18174554804054, 5.727663193086952"
44,8,c5f1a19e-6ab4-4cd0-8062-a5131a2b01e7,1913497,4223610,44,"Boulevard Marechal Foch",83,"double droit etroit",Inconnue,,"A valider",10135.064516129032,10360.919642857143,10991.209677419352,10996.399999999998,11100.379032258064,14257.388888888889,10012.016129032256,9103.84677419355,11453.708333333328,11154.467741935483,11522.8,10934.467741935483,11001.889039831882,23,"45.1802506100631, 5.71699791477574"
1452,51,7b5d0e3b-282b-4b58-bf29-68c72d9571ef,1915486,4222201,1452,"Avenue Jean Jaures ",160,"double droit large","Bonne fiabilite. Utilisable pour les comptages",107,"Validation par comparaison avec comptage ponctuel",1.435483870967742,1.1964285714285714,12.596774193548386,10210.8,16079.999999999993,14111.351851851845,336.41129032258067,2212.016129032258,3940.8500000000004,3885.516129032257,994.0916666666667,7.911290322580645,4316.181420322011,24,"45.16697296909005, 5.741682546496457"
821,52,d022eb7f-4843-4255-865f-4e2e77a9a8d5,1915238,4222853,821,"Avenue Jean Perrot ",338,"double droit large","Bonne fiabilite. Utilisable pour les comptages",289,"Validation par comparaison avec comptage ponctuel",4461.459677419355,4524.169642857143,4764.870967741935,4692.358333333334,4560.185483870967,5303.87962962963,3950.5967741935488,3518.4919354838707,4719.483333333333,4651.935483870968,4799.625000000001,4408.419354838708,4529.622968047733,25,"45.172913429994665, 5.738811847403622"
43,9,d6fdd92a-97ff-457c-8321-09762fbbede9,1913474,4223676,43,"Cours Jean Jaures",10,"double droit etroit","Inutilisable pour les comptages",78,"Différence avec ponctuel (-25%)",7891.145161290324,8390.13392857143,8483.096774193547,8762.7,8717.741935483871,12124.638888888889,8008.064516129032,7419.798387096775,8694.45,8218,8579.199999999999,8196.653225806453,8623.801901455026,26,"45.1808539949765, 5.716733169516304"
42,10,8e22e945-b9aa-4ceb-a8eb-b1d8583a3692,1913367,4223621,42,"Boulevard Joseph Vallier",260,"double droit etroit","Inutilisable pour les comptages",17,"Différence avec ponctuel (-25%)",12344.709677419354,12373.9375,12825.661290322578,13175.800000000001,13479.403225806453,16828.638888888887,12982.717741935485,11584.548387096775,13663.066666666664,13325.919354838708,13626.283333333331,13248.314516129032,13288.250048536438,27,"45.18038709433267, 5.715350266611976"
41,11,234a615f-43ee-4f4a-8563-8ec016d3867f,1913429,4223553,41,"Cours de la libération ",190,"simple droit",Inconnue,261,"A valider",6339.903225806451,6985.1339285714275,6901.5564516129025,6955.991666666664,6820.9516129032245,7477.962962962962,6131.33064516129,5477.209677419354,6551.424999999999,6363.596774193548,6595.850000000001,6171.903225806452,6564.40126425869,28,"45.179759221087224, 5.716113812881661"
13,12,6da3a069-b3bd-4c72-80d3-8dad92bf5fd4,1912348,4223559,13,Catane,267,"double droit large",Inconnue,,"A valider",7233.266129032259,8872.767857142855,8258.709677419356,6852.2666666666655,6993.064516129033,10565.435185185186,6405.790322580644,5715.629032258066,6887.308333333335,6433.1612903225805,6749.133333333334,6060.435483870967,7252.247318939523,29,"45.18013315934961, 5.7023656596543635"
12,13,3e56f085-4d71-49aa-88bd-b13018039bfd,1912403,4223592,12,A480,303,"double droit large",Inconnue,328,"A valider",8498.032258064517,6354.321428571429,8287.483870967742,12028.983333333334,11852.693548387098,15509.342592592591,11493.838709677417,10615.306451612902,12293.016666666668,12455.927419354837,12157.991666666667,12103.548387096773,11137.540527749332,30,"45.18042124138338, 5.7030775310980655"
11,14,f2f4e34e-f251-44f6-bf9b-e0ea73975f33,1912514,4223545,11,Catane,87,"double droit large",Inconnue,,"A valider",13196.266129032256,12839.223214285712,14831.524193548388,16040.766666666666,16559.6935483871,21232.1574074074,15535.201612903227,15262.016129032254,17914.149999999994,17062.58064516129,17139.75,16677.564516129034,16190.90783854611,31,"45.179961557313575, 5.704477182189881"
181,59,c3ee8704-7c2c-45fc-9456-782f06d87f86,1914668,4223354,181,"Avenue Marcelin Berthelot",175,"double droit etroit","Inutilisable pour les comptages",94,"Différence avec ponctuel (+36%)",3142.1612903225805,3301.580357142858,3440.2338709677415,3256.0666666666666,3400.9516129032263,6656.370370370371,2794.41129032258,2564.233870967742,3356.875,3319.3306451612902,3730.208333333333,3802.7338709677415,3563.7630982605115,32,"45.17759409091148, 5.7317886391225965"
51,2,52c48050-299b-4b9b-90aa-50ed71258918,1913866,4223662,51,Foch,80,"double droit etroit","Inutilisable pour les comptages",15,"Observation terrain PC feux",9794.548387096773,10007.83035714286,10625.314516129032,10638.224999999999,10686.064516129032,12464.990740740739,9709.064516129034,8882.879032258063,11563.275000000001,11102.241935483871,11411.650000000001,10675.596774193547,10630.14006460858,33,"45.18060711883252, 5.721715529336884"
2031,17,483bc58e-c5aa-440d-948c-178d7c4f81ff,1912889,4223567,2031,"Boulevard Joseph Vallier",86,"double droit etroit","Bonne fiabilite. Utilisable pour les comptages",,"Validation par comparaison avec comptage ponctuel",9350.90322580645,9405.196428571428,10458.201612903227,10964.483333333335,11180.185483870968,10739.972222222223,10471.403225806449,9882.403225806454,11881.566666666666,11411.983870967742,11543.274999999998,11152.024193548386,10703.466540791944,34,"45.18004364538458, 5.709246424009485"
581,3,20d06e14-e05f-4e4e-b118-2a67ada6c8af,1913827,4223673,581,"Boulevard Marechal Foch",264,"double droit etroit","Inutilisable pour les comptages",9,"Observation terrain PC feux",10531.072580645161,10765.205357142857,10943.45967741935,10713.058333333334,10851.249999999998,12018.22222222222,9876.564516129032,8763.177419354839,11059.183333333334,10795.717741935483,11182.974999999999,10671.935483870964,10680.985138782215,35,"45.18071628329281, 5.7212207569724"
1532,41,daa86e22-e8ea-473a-ad16-21c7f39405f7,1914507,4221397,1532,"Avenue Marie Reynoard",177,"simple droit","Bonne fiabilite. Utilisable pour les comptages",271,"Validation par comparaison avec comptage ponctuel",4047.0645161290317,4164.714285714286,4292.395161290323,4191.508333333333,4173.322580645162,4454.055555555556,3607.1370967741927,3230.290322580645,4209.7,4135.185483870967,4298.516666666666,4106.903225806451,4075.899435697218,36,"45.16004586372754, 5.728897879990615"
1501,44,75e32557-30eb-4255-b0c2-740f41234bd9,1914793,4221099,1501,"Avenue Salvador Allende",270,"simple droit",Inconnue,,"A valider",1709.3951612903224,1767.1874999999995,1922.3951612903224,1800.1750000000002,1906.8145161290322,3484.9907407407404,1536.2499999999998,1167.1209677419356,1636.7583333333328,1710.1532258064517,1857.0499999999997,2071.322580645161,1880.8010989147745,37,"45.15727849314454, 5.732410330482655"
1582,45,a6b0e51f-f7fc-46cf-98de-20c696080dc7,1914897,4221185,1582,"Avenue d'Innsbruck",357,"double droit large","Bonne fiabilite. Utilisable pour les comptages",272,"Validation par comparaison avec comptage ponctuel",3826.0322580645156,3828.794642857142,3793.758064516129,3794.2833333333324,3694.177419354839,4952.018518518519,3828.4596774193537,3566.4919354838703,4133.941666666665,4044.7580645161293,4407.958333333333,4443.370967741936,4026.170406817147,38,"45.15801387430494, 5.733758822731724"
1232,109,a7f210e1-8c9e-4e29-85c0-cd73fcf2c2e1,1914664,4225653,1232,"Quai Xavier Jouvin",6,"simple droit",Inconnue,82,"A valider",2669.766129032258,2859.919642857143,2935.7903225806444,2853.3499999999995,2960.1129032258054,2990.694444444444,2556.1693548387098,2252.887096774193,2849.524999999999,2734.58064516129,2678.6166666666663,2591.1612903225814,2744.3811246586442,39,"45.19827103978876, 5.732715776972549"
414,129,5d683997-a034-487b-ab77-260e712e7743,1913618,4224972,414,"Quai Claude Bernard",284,"simple droit",Inconnue,344,"A valider",2688.2499999999995,2065.044642857143,2046.6290322580642,2185.15,2027.2338709677422,3180.5740740740735,2044.66129032258,1916.4032258064517,2147.4666666666667,2233.8306451612907,2156.858333333333,2220.8790322580644,2242.7484011421175,40,"45.19246068325503, 5.719126948967029"
1281,133,740a8ebb-5136-4a40-870c-b79efec27eb8,1913579,4225102,1281,"Porte de France ",108,"double droit large",Inconnue,349,"A valider",16503.97580645161,18312.758928571424,17883.919354838716,17384.141666666666,17039.717741935485,23620.37037037037,16022.89516129032,15867.74193548387,17231.833333333332,16433.879032258064,17110.808333333334,16604.145161290326,17501.34890215196,41,"45.1936412077175, 5.718677417548748"
1282,134,0f7250d1-e8d5-4465-8598-ea4a75509397,1913632,4225118,1282,"Quai de France",308,"simple droit",Inconnue,317,"A valider",5356.354838709678,6145.6785714285725,5811.274193548387,5034.391666666667,5240.31451612903,7908.898148148147,4518.838709677419,5076.564516129034,5522.499999999998,5151.467741935485,5669.35,5448.298387096775,5573.6609407891,42,"45.19377500787194, 5.719360176010696"
1531,39,ce98063b-22f3-4013-97c5-1d480884f5c2,1914497,4221425,1531,"Avenue Marie Reynoard",176,"simple droit","Inutilisable pour les comptages",270,"Différence avec ponctuel (+140%)",1.129032258064516,0,3.8709677419354835,0.6666666666666666,5.483870967741935,512.0370370370371,2.7419354838709675,5.967741935483871,0.6666666666666666,0,20.833333333333336,3.387096774193548,46.3986957387495,43,"45.16029218862078, 5.728780190178792"
23,16,b8311c24-6140-4c73-8232-c214189d525d,1912734,4223571,23,"Boulevard Joseph Vallier",268,"double droit etroit","Inutilisable pour les comptages",,"Observation terrain PC feux",11425.862903225807,11409.92857142857,11850.540322580648,12545.516666666668,12675.483870967742,15804.296296296296,12110.5,10855.564516129029,12899.116666666669,12590.419354838712,12828.491666666663,12433.282258064517,12452.416924460944,44,"45.18013307686929, 5.707277016565991"
461,33,566db243-25be-409c-9fa5-7ebb19dd1500,1913523,4223999,461,"Cours Jean Jaures",192,"simple droit","Inutilisable pour les comptages",78,"Différence avec ponctuel (-44%) / Observation terrain PC feux",21441.838709677413,21441.42857142857,21494.967741935474,21534.73333333333,21510.225806451603,21532.592592592595,21566.45161290322,21493.41935483871,21472.966666666667,21519.032258064508,21516.43333333333,21386.645161290315,21492.56126187631,45,"45.18374340557645, 5.71749966905667"
1562,35,a17f640f-4234-4a49-a0be-ccceac70b4d7,1914103,4221320,1562,"Rue Esmond Esmonin",98,"tourne a gauche double","Inutilisable pour les comptages",353,"Différence avec ponctuel (-50%)",1483.6451612903222,1597.2589285714284,1696.7741935483868,1618.3666666666668,1784.8870967741939,1938.4166666666665,1432.6290322580649,1356.3629032258066,1645.8833333333332,1545.6048387096773,1598.2083333333337,1488.6935483870966,1598.894225230415,46,"45.15947147075948, 5.723730968435367"
1561,36,a17f640f-4234-4a49-a0be-ccceac70b4d7,1914110,4221312,1561,"Rue Esmond Esmonin",102,"double droit large","Inutilisable pour les comptages",356,"Différence avec ponctuel (-50%)",4681.145161290323,4626.357142857143,4519.395161290323,4385.45,4326.669354838709,6082.777777777777,4184.451612903225,3930.9032258064517,4870.124999999999,4819.83064516129,5352.808333333334,5268.7338709677415,4754.05394051886,47,"45.1593984475829, 5.723811481588515"
22,15,35418cc9-39a1-4fcf-ae75-8af1cc7a8162,1912539,4223561,22,Catane,269,"double droit large",Inconnue,,"A valider",16769.314516129027,16632.6875,17827.959677419352,19853.674999999996,19759.54032258064,25355.555555555555,19051.564516129034,17333.774193548386,20192.591666666664,19828.975806451617,19678.558333333327,18933.887096774193,19268.173682048982,48,"45.180100161497684, 5.704794989798029"
2032,20,4ec9bec9-1548-4069-89c2-90e3f24179fb,1912962,4223627,2032,"Rue Leon Drivier",179,"simple droit",Inconnue,92,"A valider",2452.4435483870966,2606.633928571429,2576.427419354839,2686.0916666666667,2365.7258064516122,2328.25,2186.782258064516,2054.4596774193546,2486.5333333333338,2330.2338709677424,2436.5583333333334,2336.185483870968,2403.8604438684074,49,"45.18056063774978, 5.7102032991856255"
1564,37,8ba65f3d-418a-42ff-bc9e-27922cb29e39,1914146,4221322,1564,"Rue Esmond Esmonin",275,"tourne a gauche simple",Inconnue,351,"A valider",1489.7903225806454,1538.991071428571,1534.75,1596.4916666666663,1566.6129032258063,1624.1203703703704,1434.6854838709678,1396.4516129032256,1511.7666666666667,1441.4435483870966,1485.0166666666667,1523.217741935484,1511.9448378918476,50,"45.15947615706372, 5.724270892512328"
1563,38,8ba65f3d-418a-42ff-bc9e-27922cb29e39,1914146,4221328,1563,"Rue Esmond Esmonin",278,"double droit large",Inconnue,349,"A valider",5263.290322580646,5542.776785714284,5774.967741935482,5460.425,5657.104838709678,7700.351851851851,4886.645161290322,4325.58064516129,5601.108333333333,5412.298387096773,5870.6,5670.370967741936,5597.126669617966,51,"45.15952662091296, 5.724278798750085"
1283,135,d11a9325-6f4e-49c3-8f07-3dd468ea429b,1913528,4225140,1283,"Porte de France ",274,"double droit large",Inconnue,338,"A valider",12821.959677419354,13585.821428571428,13579.491935483868,13363.158333333331,13730.766129032258,18820.435185185186,12279.435483870964,11669.169354838708,13746.666666666666,13018.677419354839,13292.224999999997,12979.620967741936,13573.952298458213,52,"45.1940048136313, 5.7180499544147185"
1742,138,a3652ef2-78c4-44e4-87c4-a3b3f7fce562,1912164,4226259,1742,"Avenue des Martyrs ",134,"double droit large",Inconnue,313,"A valider",8427.22580645161,9040.3125,7637.935483870968,7606.033333333332,7141.8064516129025,9138.574074074073,7054.346774193547,6807.629032258063,7967.908333333333,6921.225806451613,7395.4,6545.6209677419365,7640.33488027678,53,"45.20447200978831, 5.701167846476504"
1022,159,5c40a4f0-bab4-4e54-9652-d972ad0cb88d,1912530,4224870,1022,"Rue du Vercors",303,"simple droit",Inconnue,327,"A valider",3599.9999999999973,3599.9999999999973,3595.161290322578,3600,3599.9999999999973,3600.000000000001,3599.9999999999973,3599.9999999999973,3600,3599.9999999999973,3600,3599.9999999999973,3599.596774193547,54,"45.191868982723754, 5.705240594870008"
1031,160,81916c39-e41d-4336-a5cf-10af026979b3,1912482,4224721,1031,"Rue Felix Esclanglon",-320,"triple droit",Inconnue,44,"A valider",9905.56451612903,10140.714285714284,10543.096774193547,9940.983333333335,9480.741935483873,10469.611111111111,9578.870967741936,9160.185483870966,12800.583333333332,11432.903225806449,11206.524999999998,10890.443548387093,10462.518626258747,55,"45.19054556659731, 5.704566463558037"
192,46,afdb1359-98f8-4358-bc83-8283ac0f8e39,1914723,4222549,192,"Avenue Marcelin Berthelot",356,"tourne a droite double",Inconnue,274,"A valider",1540.016129032258,1535.4821428571427,1640.5887096774193,1486.9083333333335,1539.4516129032256,2334.7592592592587,1176.048387096774,1083.3870967741934,1582.6666666666663,1591.7419354838707,1747.55,3853.4354838709673,1759.3363130795924,56,"45.17034047048416, 5.732142323534214"
194,48,ee578354-0b7d-45cb-9d7e-96bd3d215d05,1914709,4222719,194,"Avenue Marcelin Berthelot",180,"tourne a gauche",Inconnue,276,"A valider",2429.790322580645,2495.026785714286,2645.879032258065,2465.7916666666665,2517.4758064516127,3303.453703703704,2010.7580645161286,1772.862903225806,2563.975,2501.6693548387093,2630.1249999999995,4578.959677419354,2659.6472764479145,57,"45.17187145872997, 5.732030803566314"
822,53,fac1071d-7b7d-4670-94dc-17387aa636c6,1915206,4222864,822,"Rue Paul Claudel",72,"triple droit","Bonne fiabilite. Utilisable pour les comptages",18,"Validation par comparaison avec comptage ponctuel",4418.927419354839,4776.517857142858,5229.92741935484,4904.991666666666,5310.209677419353,6406.898148148148,2955.3306451612902,2672.6854838709683,3772.666666666666,4816.5887096774195,5756.649999999999,4962.24193548387,4665.302969078909,58,"45.1730192941729, 5.738417542706961"
184,61,3e0f436c-82ae-4997-9963-6e6b0f36aaa1,1914696,4223207,184,"Rue Ponsard ",280,"tourne a gauche",Inconnue,336,"A valider",623.9758064516127,633.5803571428571,654.6290322580645,633.1166666666666,635.5080645161293,808.3703703703703,498.2903225806452,380.7096774193549,552.0499999999998,554.6935483870968,611.3833333333333,593.741935483871,598.3374262175001,59,"45.176265337710866, 5.732079215973593"
121,63,99725db1-7566-41a2-bf0f-0907a00f7db4,1914609,4223836,121,"Avenue Albert 1er de Belgique",88,"triple droit",Inconnue,,"A valider",8612.427419354839,8930.866071428572,9063.943548387097,8887.9,8255.806451612903,10566.98148148148,7545.7661290322585,6972.83064516129,8727.008333333333,8599.40322580645,8837.25,8259.879032258064,8605.005194821357,60,"45.1819487574245, 5.731234650618669"
122,64,b6b830e3-7f19-4247-98ae-8e8d09f944bf,1914634,4223856,122,"Avenue General Champon",176,"double droit etroit",Inconnue,273,"A valider",4423.201612903225,4442.428571428572,4517.112903225806,4317.166666666666,4308.927419354838,4353.972222222221,3798.362903225807,3581.580645161291,4010.6,4054.0887096774186,4340.041666666667,4380.927419354839,4210.700894990612,61,"45.18211621384875, 5.731564932061154"
123,65,7ca7e9ef-a549-4408-badc-1c2b8ee65903,1914669,4223844,123,"Avenue Albert 1er de Belgique",266,"simple droit",Inconnue,,"A valider",1249.298387096774,1309.1874999999998,1327.314516129032,1294.4083333333333,5127.75806451613,3037.2222222222217,63.516129032258064,445.3387096774194,1132.9583333333337,1273.7338709677417,1348.808333333333,1209.508064516129,1568.2543720131423,62,"45.18200153955095, 5.732002965406112"
1032,161,5af48f0b-bb11-41c1-ab55-eb74afa36d50,1912476,4224728,1032,"Rue Felix Esclanglon",-138,"simple droit",Inconnue,45,"A valider",517.3548387096774,765.1607142857142,912.2016129032259,968.1749999999998,458.1612903225806,772.759259259259,348.92741935483866,397.0564516129033,490.51666666666665,904.6290322580645,918.6916666666665,833.2822580645164,690.5763508420094,63,"45.190616402351594, 5.704495422165104"
153,68,6cb74529-6bc8-492b-957d-f973b72dd1c0,1914931,4223702,153,"Rue Moyrand ",268,"simple droit","Inutilisable pour les comptages",,"Inapte au comptage",4.564516129032258,0,8.580645161290322,1.9416666666666669,1.0725806451612903,903.9814814814815,6.975806451612904,5.903225806451612,3.041666666666667,5.096774193548387,13.591666666666669,5.362903225806452,80.00941109119873,64,"45.18064553794745, 5.7352713669869795"
152,69,e71c089c-a664-45cc-9856-26eb8fde8962,1914890,4223698,152,"Rue Mallifaud",88,"double droit etroit","Inutilisable pour les comptages",,"Inapte au comptage",9.129032258064516,0,17.193548387096772,3.8833333333333337,2.1451612903225805,1807.9814814814813,13.95967741935484,11.814516129032258,6.091666666666667,10.20967741935484,27.208333333333336,10.733870967741936,160.02919155714852,65,"45.18062283164391, 5.734753793944711"
282,74,a36a5139-3069-4b8d-b4f1-8d0a9d382d47,1915498,4224321,282,"Avenue de Jeanne d'Arc",336,"simple droit","Inutilisable pour les comptages",295,"Observation terrain PC feux",1794.9112903225805,1867.803571428571,1965.4435483870968,1890.05,1868.338709677419,2361.472222222222,1499.5080645161288,1319.6451612903224,1850.3166666666664,1772.3629032258061,1819.875,1776.2016129032256,1815.494062553337,66,"45.18603634291392, 5.742754833734383"
191,47,afdb1359-98f8-4358-bc83-8283ac0f8e39,1914720,4222561,191,"Avenue Marcelin Berthelot",355,"simple droit",Inconnue,278,"A valider",852.5403225806451,874.5803571428571,908.0967741935482,869.0749999999999,855.1129032258066,1022.574074074074,711.532258064516,609.4516129032257,731.1999999999999,677.5887096774193,738.0166666666667,1036.0161290322578,823.8154006300847,67,"45.17044572702412, 5.732099145914331"
193,49,ee578354-0b7d-45cb-9d7e-96bd3d215d05,1914706,4222700,193,"Avenue Marcelin Berthelot",177,"simple droit",Inconnue,271,"A valider",2443.75,2529.142857142858,2624.08064516129,2508.808333333333,2443.282258064516,3269.398148148147,2049.540322580645,1827.975806451613,2482.3,2395.1451612903224,2602.733333333333,4494.693548387097,2639.237534491096,68,"45.17169721019981, 5.731985312949541"
162,57,d8b6517e-99ae-4f86-b13a-a0746688040d,1915111,4223120,162,"Rue Ponsard ",99,"simple droit",Inconnue,350,"A valider",1376.8951612903224,1351.866071428571,1477.5241935483864,1313.3916666666669,1383.7661290322583,3039.462962962962,1058.959677419355,875.2822580645161,1120.183333333333,1048.2983870967741,1133.0333333333333,1045.0161290322578,1351.9732752673947,69,"45.17535614778664, 5.7373159520798005"
163,58,ad5d7b69-0483-4f24-ad44-319954c67b16,1915126,4223187,163,"Rue de la station Ponsard",249,"simple droit",Inconnue,23,"A valider",1531.5000000000002,1290.6874999999998,1194.9112903225807,829.6083333333333,1475.524193548387,3217.9999999999995,1435.879032258064,1228.3951612903224,1616.1499999999999,1581.467741935484,1653.7416666666663,1568.225806451613,1552.007560483871,70,"45.1759510562472, 5.737530299096987"
182,60,f03f0c01-f7e9-4176-a814-195475ac4f88,1914680,4223142,182,"Avenue Marcelin Berthelot",357,"simple droit",Inconnue,281,"A valider",1407.483870967742,1411.339285714286,1506.7419354838707,1387.45,1389.4596774193549,1877.0648148148148,1146.717741935484,818.3145161290322,157.70833333333334,139.70967741935488,157.33333333333331,208.9274193548387,967.354217158787,71,"45.17568537462113, 5.73185048853396"
183,62,3e0f436c-82ae-4997-9963-6e6b0f36aaa1,1914694,4223213,183,"Rue Ponsard ",279,"simple droit",Inconnue,334,"A valider",815.0322580645162,828.3392857142857,854.4435483870967,808.5666666666668,823.0000000000001,984.2777777777777,640.6854838709678,517.8145161290323,835.8333333333335,820.7903225806449,913.0583333333333,857.1209677419354,808.2468744666326,72,"45.17632148615954, 5.732052972582479"
131,66,57ed1958-a88f-4306-b51f-763e8af53505,1914875,4223854,131,"Boulevard Clemenceau",65,"double droit etroit",Inconnue,27,"A valider",2130.0483870967737,2270.241071428571,2310.1209677419356,2242.908333333333,2282.6370967741937,4092.61111111111,2115.7500000000005,1792.274193548387,2222.6833333333334,2158.887096774194,1394.2083333333333,1769.7016129032259,2231.8392947815323,73,"45.18202373692329, 5.734623717518176"
151,67,e6f41c77-9888-48f4-a535-d9e71dce1667,1914917,4223683,151,"Perrot ",340,"double droit etroit",Inconnue,289,"A valider",5499.024193548388,5704.017857142858,6014.733870967742,5952.908333333334,5912.879032258064,8648.48148148148,5174.5241935483855,4540.217741935484,5795.633333333333,5680.564516129031,5850.633333333332,5550.096774193548,5860.309555100415,74,"45.18047272932958, 5.735084066332321"
202,70,987b99e5-5a43-4bcf-9138-0aaf954bc2a3,1914367,4223504,202,Déportés,199,"simple droit",Inconnue,70,"A valider",3.225806451612903,0,0,3.3333333333333335,13.709677419354838,2582.407407407408,95.16129032258064,118.54838709677419,20,9.677419354838708,38.333333333333336,8.870967741935484,241.10563520509763,75,"45.17902918977884, 5.728017269186152"
201,71,987b99e5-5a43-4bcf-9138-0aaf954bc2a3,1914375,4223514,201,Déportés,19,"simple droit",Inconnue,62,"A valider",3.225806451612903,0,0,3.3333333333333335,13.709677419354836,2582.4074074074074,95.16129032258064,118.5483870967742,20,9.677419354838708,38.333333333333336,8.870967741935484,241.10563520509757,76,"45.17911919686529, 5.72812347302879"
321,82,2cc42965-4209-4056-a661-79f0d4aaa418,1915853,4224565,321,"Rue Jules Flandrin",278,"double droit large",Inconnue,,"A valider",7220.354838709676,7509.758928571428,7548.185483870968,7347.450000000001,7112.43548387097,12425.592592592591,6480.596774193549,5812.967741935484,7472.166666666666,7387.370967741935,7434.316666666667,7004.467741935486,7562.971990562953,77,"45.188124190848335, 5.747371603951035"
161,56,e67a055a-b8d9-45b4-a6f1-7ee1a6617da1,1915150,4223079,161,"Avenue Jean Perrot",338,"double droit etroit","Bonne fiabilite. Utilisable pour les comptages",291,"Validation par comparaison avec comptage ponctuel",5516.887096774194,5776.767857142857,6058.854838709678,5743.583333333335,5631.516129032258,12635.88888888889,4914.693548387096,4322.387096774194,5815.074999999998,5918.056451612903,6342.100000000001,5898.556451612903,6214.530557689027,78,"45.174977599126784, 5.737789513943358"
351,72,7eae3886-c00b-47e2-8c06-8eb37cb5fffd,1915254,4224091,351,"Boulevard Clemenceau",240,"double droit etroit","Bonne fiabilite. Utilisable pour les comptages",33,"Validation par comparaison avec comptage ponctuel",4786.903225806451,4839.437500000001,5104.225806451613,5003.199999999999,5081.395161290324,7670.777777777775,4422.387096774193,3904.209677419355,5108.141666666665,4991.241935483871,5003.283333333334,4515.2661290322585,5035.872442502986,79,"45.18404807835216, 5.739546727722815"
352,73,7eae3886-c00b-47e2-8c06-8eb37cb5fffd,1915283,4224100,352,"Boulevard Clemenceau",59,"double droit etroit","Bonne fiabilite. Utilisable pour les comptages",35,"Validation par comparaison avec comptage ponctuel",6463.2258064516145,6762.383928571429,7147.9838709677415,6957.691666666666,6883.040322580645,8724.703703703704,6195.25806451613,5683.8387096774195,7111.858333333333,6988.653225806452,6937.191666666666,6316.83064516129,6847.72166200859,80,"45.18411514932807, 5.739919076154301"
1184,83,f4cdad3b-d481-4271-98b5-d053e1b5b8eb,1915451,4224650,1184,"Rue du 19 mars 1962",328,"triple droit","Bonne fiabilite. Utilisable pour les comptages",301,"Validation par comparaison avec comptage ponctuel",6955.693548387096,7457.428571428571,7549.0161290322585,7488.266666666665,7178.435483870968,8172.2870370370365,6500.572580645162,5768.677419354839,7448.833333333333,7369.088709677418,7340.299999999999,6965.685483870968,7182.85708027536,81,"45.189013311498286, 5.742299556343113"
1182,84,f50aca86-7ed2-425a-a8cd-4d0dfb66580e,1915402,4224665,1182,"Jean Pain",-320,"triple droit",Inconnue,44,"A valider",10199.717741935485,10870.6875,11185.935483870968,10541.549999999997,10446.604838709678,11592.97222222222,9366.943548387097,8304.290322580644,10597.166666666666,10339.556451612903,10509.083333333332,10239.887096774191,10349.5329338411,82,"45.18915951664012, 5.741685298473596"
1185,85,5208d151-8a13-4218-8315-851aef62c7d1,1915379,4224732,1185,"Rue du 19 mars 1962",146,"triple droit","Bonne fiabilite. Utilisable pour les comptages",303,"Validation par comparaison avec comptage ponctuel",6586.830645161292,7227.767857142857,7253.903225806452,6923.025000000001,6931.225806451613,8499.22222222222,6335.645161290321,5658.467741935485,6921.625000000001,6735.612903225807,6975.308333333334,6498.7016129032245,6878.944625789383,83,"45.18977087275379, 5.7414156408150525"
332,77,4de5277b-59f6-4135-a0a3-46efdf3ca2a4,1915653,4224443,332,"Rue Jules Flandrin",-315,"double droit large","Bonne fiabilite. Utilisable pour les comptages",45,"Validation par comparaison avec comptage ponctuel",1817.2177419354841,1987.9285714285706,2004.564516129032,1885.7749999999996,2083.064516129032,3449.8518518518517,1556.2822580645163,1594.032258064516,1595.0166666666673,1476.0000000000002,1558.8583333333331,1762.2903225806454,1897.573503015304,84,"45.18708761876618, 5.7447777041178085"
323,79,e252fc82-527d-414c-bec2-be0192ecd8a7,1915703,4224574,323,"Rue du 19 mars 1962",96,"double droit large","Bonne fiabilite. Utilisable pour les comptages",351,"Validation par comparaison avec comptage ponctuel",6763.74193548387,6993.36607142857,7221.266129032259,7574.583333333333,7681.83064516129,12807.749999999996,6826.717741935485,5980.483870967739,7691.924999999998,7478.491935483869,7721.641666666667,7271.887096774193,7667.807118855606,85,"45.188252486960366, 5.745474062139556"
324,80,259f2295-8743-40ea-a303-a28ee6c1ff96,1915736,4224578,324,"Rue du 19 mars 1962",276,"double droit large","Bonne fiabilite. Utilisable pour les comptages",354,"Validation par comparaison avec comptage ponctuel",7738.161290322582,8058.125,8203.927419354839,8123.183333333333,7916.50806451613,13143.555555555555,8082.427419354838,6900.032258064514,8147.35,8061.967741935485,7977.074999999999,7578.5241935483855,8327.569772998804,86,"45.188278591693, 5.74588856156927"
111,97,d7a23e95-1bdd-43fd-845b-269f20da2599,1915144,4224515,111,"J Pain",243,"triple droit","Inutilisable pour les comptages",37,"Différence avec ponctuel (-20%)",12522.725806451612,14053.732142857145,15116.31451612903,15973.991666666663,17344.74193548387,15004.305555555551,24829.846774193553,21592.16935483871,14264.316666666666,14132.362903225803,14361.975,14177.91129032258,16114.5328010326,87,"45.18789448752537, 5.738333940850425"
322,81,49b94587-3363-4443-a844-65cd551fd2f5,1915803,4224552,322,"Rue Jules Flandrin",93,"double droit large","Bonne fiabilite. Utilisable pour les comptages",,"Validation par comparaison avec comptage ponctuel",8086.814516129032,8366.526785714286,8331.798387096773,8138.416666666668,8103.862903225805,10633.97222222222,7406.016129032257,6938.274193548386,8332.308333333334,8090.685483870967,8388.875,7999.266129032257,8234.734729156,88,"45.18802546812208, 5.746735978744391"
823,55,685a9302-648e-4930-9394-2867dbb062e1,1915244,4222885,823,"Avenue des Jeux Olympiques",254,"double droit large","Inutilisable pour les comptages",18,"Différence avec ponctuel (-25%) / Observation terrain PC feux",582.782258064516,599.2053571428572,695.5806451612905,609.6166666666667,621.9516129032261,6018.092592592592,582.8709677419355,475.54032258064507,632.5999999999999,637.5403225806451,1315.4666666666665,620.2338709677418,1115.9567735890655,89,"45.173200394274104, 5.738909570778202"
281,75,ba2af557-c7dd-4189-a8fc-a808f50a8ddc,1915477,4224436,281,"Avenue de Valmy",285,"simple droit","Inutilisable pour les comptages",342,"Observation terrain PC feux",1821.7177419354837,1915.875,1952.7096774193542,2126.808333333333,1979.532258064516,2274.3888888888887,1774.0483870967744,1590.6532258064515,2040.6166666666666,2009.5161290322576,2079.4833333333327,2061.717741935484,1968.9222819593786,90,"45.18707806550814, 5.742533358064092"
283,76,f4cf5afe-01ba-49a8-ba51-06fb6824a253,1915435,4224477,283,"Avenue de Valmy",160,"simple droit","Inutilisable pour les comptages",298,"Observation terrain PC feux",3924.411290322579,4105.419642857142,3905.2661290322576,3253.1583333333338,3145.459677419354,3745.0833333333335,2621.1693548387093,2368.556451612904,3140.874999999999,3026.1451612903224,3120.9833333333336,3014.427419354838,3280.9129272273426,91,"45.18745849503861, 5.742022624951008"
331,78,799ab263-2d1d-4b15-932f-fe8c17bf9449,1915660,4224477,331,"Rue Jules Flandrin",-138,"double droit large","Inutilisable pour les comptages",42,"Différence avec ponctuel (-17%) / Observation terrain PC feux",5150.854838709678,5310.660714285714,5550.064516129031,5874.733333333334,6480.31451612903,8370.26851851852,5310.870967741935,5175.217741935484,6080.216666666666,5922.725806451614,6085.924999999999,5894.322580645161,5933.847933378848,92,"45.187389006576005, 5.744883060425429"
1183,86,8fc48f80-39c6-4257-b45d-514efc32fed5,1915438,4224710,1183,"Jean Pain /RD 1090",-138,"tourne a gauche","Inutilisable pour les comptages",44,"Observation terrain PC feux",1487.9274193548388,1662.8392857142853,1598.3790322580642,1852.7500000000002,1837.6774193548388,2166.4629629629626,1869.6209677419354,1760.2903225806454,1922.5500000000002,1844.2338709677417,1661.108333333333,1685.8790322580644,1779.1432205438925,93,"45.18955433954505, 5.74216015848679"
1191,93,3c691336-12c3-4e24-b77c-699537977dca,1915776,4225050,1191,"Avenue de Verdun",-136,"double droit etroit","Inutilisable pour les comptages",41,"Différence avec ponctuel (+185%) / Observation terrain PC feux",5432.193548387097,5980.044642857145,6246.9112903225805,5836.658333333331,5895.887096774194,7405.740740740743,5402.66935483871,4425.387096774194,6163.4,5807.096774193547,5900.291666666668,5760.06451612903,5854.695421751437,94,"45.192507552252906, 5.746599655880124"
824,54,fac1071d-7b7d-4670-94dc-17387aa636c6,1915211,4222876,824,"Rue Paul Claudel",256,"simple droit","Bonne fiabilite. Utilisable pour les comptages",12,"Validation par comparaison avec comptage ponctuel",1.8709677419354838,0.8928571428571428,11,2.7750000000000004,2.935483870967742,895.3333333333333,7.790322580645161,8.32258064516129,3.041666666666667,5.911290322580645,116.63333333333333,3.758064516129032,88.35540834613414,95,"45.17312973798633, 5.738483415331305"
71,104,78a1ae71-63fe-4a7b-8e86-a062ebcec6ed,1914526,4223967,71,"Boulevard Joffre",57,"triple droit","Bonne fiabilite. Utilisable pour les comptages",35,"Validation par comparaison avec comptage ponctuel",7652.830645161291,8035.330357142856,8308.411290322581,7758.341666666669,7818.16935483871,10396.777777777777,6980.354838709676,6160.548387096773,7761.816666666667,7756.145161290323,7819.4833333333345,7652.508064516129,7841.726461960233,96,"45.18315221497972, 5.730234219985176"
62,105,1428e7b2-619c-42ca-bec7-4cfb958bf21d,1914477,4223958,62,Joffre,237,"double droit etroit","Inutilisable pour les comptages",28,"Différence avec les ponctuels (-50%)",124.19354838709677,0,7.258064516129032,122.5,25.806451612903224,2697.2222222222226,23.387096774193548,17.741935483870968,6.666666666666667,29.838709677419352,40.833333333333336,13.70967741935484,259.09647550776583,97,"45.18308316562651, 5.729616626356269"
1197,91,8645606c-5b60-4243-8935-b855205f8899,1915702,4225089,1197,"Avenue du Grand Sablon",207,"droit large",Inconnue,59,"A valider",2574.0322580645166,2625.964285714286,2635.048387096774,2506.7249999999995,2594.9758064516136,3163.453703703704,2452.862903225807,2241.7661290322576,2651.3666666666663,2589.645161290322,2634.816666666667,2491.1774193548385,2596.8195322722872,98,"45.19288514753629, 5.745679616075197"
1194,95,4b01f4c0-4aac-49ef-bf84-adf35c03d072,1915689,4224951,1194,"Avenue de Verdun",-319,"tourne a gauche","Bonne fiabilite. Utilisable pour les comptages",49,"Validation par comparaison avec comptage ponctuel",1720.25,1714.1339285714282,1752.3709677419356,1653.8666666666663,1711.6451612903222,2235.083333333333,1556.2499999999998,1493.975806451613,1752.8,1771.072580645161,1771.0333333333333,1695.8870967741939,1735.6974062339987,99,"45.19164365042324, 5.74545754294762"
112,98,d3fb8fc1-83cf-409c-a75b-aaed94846325,1915124,4224492,112,"J Pain",56,"triple droit","Inutilisable pour les comptages",35,"Différence avec ponctuel (-25%)",14975.927419354835,17023.19642857143,15753.177419354839,16558.533333333333,17027.991935483868,18243.342592592588,11348.032258064517,9291.935483870966,11695.383333333333,11326.435483870968,11419.333333333334,11259.34677419355,13826.886316279799,100,"45.187690346689536, 5.738072102939685"
101,101,6e0ae96a-7213-4bbf-bce6-888b650f636e,1914676,4224234,101,"Jean Pain / Chavant",239,"triple droit","Inutilisable pour les comptages",31,"Différence avec ponctuel (-40%)",10392.943548387095,10202.973214285714,10732.733870967744,10497.508333333333,10540.137096774191,13178.99074074074,12025.572580645161,11401.096774193546,10590.349999999997,10386.137096774193,10543.666666666668,10162.475806451612,10887.882144101666,101,"45.18550792694205, 5.732259743219029"
383,108,d2508350-8f8f-463f-927c-eb0fc1f6a31c,1914692,4225556,383,"Pont de Charteuse ",289,"double droit large","Inutilisable pour les comptages",345,"Différence avec ponctuel (+46%)",4759.16129032258,4077.535714285714,4005.943548387097,3992.8583333333336,4017.411290322581,4541.907407407407,3586.9758064516136,3870.741935483871,4043.0666666666666,4132.927419354838,3825.2999999999997,3969.403225806451,4068.6027198185125,102,"45.1973877768384, 5.733033208837068"
1193,92,3c691336-12c3-4e24-b77c-699537977dca,1915766,4225046,1193,"Avenue de Verdun",-136,"tourne a droite","Inutilisable pour les comptages",48,"Différence avec ponctuel (+300%)",3496.798387096774,3971.1964285714284,4164.201612903225,3871.758333333333,4050.7419354838707,4594.138888888888,3817.3064516129025,3163.645161290322,4156.816666666666,3862.3306451612893,3920.0750000000003,3595.3709677419356,3888.6983732292188,103,"45.19248045884923, 5.746470240173909"
1181,87,8fc48f80-39c6-4257-b45d-514efc32fed5,1915435,4224714,1181,"Jean Pain /RD 1090",-131,"double droit etroit","Inutilisable pour les comptages",41,"Observation terrain PC feux",16369.491935483871,16778.73214285714,17119.21774193548,16387.9,16284.120967741936,17564.824074074073,15691.43548387097,14963.717741935488,16388.666666666664,16090.967741935487,16225.400000000001,16026.338709677419,16324.234433848209,104,"45.18959236619093, 5.742117898397196"
1192,94,4b01f4c0-4aac-49ef-bf84-adf35c03d072,1915694,4224947,1192,"Jean Pain /RD 1090",-319,"triple droit","Inutilisable pour les comptages",53,"Observation terrain PC feux",14195.983870967739,15389.883928571426,15772.951612903224,15336.241666666663,15043.943548387093,16424.518518518515,13883.959677419352,12136.701612903222,15209.408333333331,14841.98387096774,14761.841666666669,14431.241935483873,14785.72168689907,105,"45.19160921757945, 5.745512372835627"
1198,88,76dce122-2743-47fa-aa58-600c5c0a7e1a,1915692,4225053,1198,"Avenue du Grand Sablon",25,"droit large",Inconnue,57,"A valider",2442.3951612903224,2401.553571428571,2462.0080645161283,2316.4916666666663,2399.870967741935,3066.157407407407,2267.2741935483864,2003.0967741935483,2455.3916666666664,2323.66935483871,2391.5916666666667,2271.798387096774,2400.1082401718154,106,"45.19256233921863, 5.745533268205825"
91,99,c9b41bcc-244e-47a3-9885-d5e10d5b14c8,1914626,4224140,91,"Rue Jean Bistesi",187,"double droit etroit",Inconnue,80,"A valider",99.99999999999999,6319.0714285714275,8437.362903225807,8053.441666666667,8164.040322580645,10753.99074074074,6900.088709677422,6128.5161290322585,8141.658333333332,7980.7258064516145,8216.108333333334,7849.395161290321,7253.699961241964,107,"45.184677383221505, 5.731592031263738"
1196,89,527705ac-2059-4627-987f-b241b8919cb1,1915728,4225045,1196,"Avenue du Grand Sablon",157,"double droit etroit","Bonne fiabilite. Utilisable pour les comptages",285,"Validation par comparaison avec comptage ponctuel",3702.9032258064512,3884.4464285714294,3940.370967741935,3694.8166666666666,3782.7822580645166,4912.351851851851,3546.5322580645166,3181.5161290322576,3902.333333333334,3875.5645161290317,4040.5499999999993,3840.346774193548,3858.709534121294,108,"45.19247630579754, 5.745993393175661"
93,102,e8688fb8-f6bd-4e97-a654-ccbf1889b995,1914642,4224231,93,"Rue du Manege ",195,"simple droit",Inconnue,70,"A valider",1328.1693548387095,1352.1607142857142,1413.709677419355,1338.1000000000001,1298.8145161290327,1481.0185185185182,1125.2661290322578,965.491935483871,1261.2583333333332,1275.2903225806451,1440.7250000000001,1529.1290322580644,1317.4277944899586,109,"45.18548401417465, 5.731832980177746"
1195,90,8645606c-5b60-4243-8935-b855205f8899,1915709,4225095,1195,"Avenue du Grand Sablon",207,"tourne a gauche",Inconnue,66,"A valider",2818.274193548387,3103.0267857142862,3117.3467741935483,2976.2416666666663,3009.3870967741937,3438.3425925925926,2699.2580645161283,2539.9919354838707,3043.475,3054.387096774194,3033.283333333333,2939.879032258064,2981.0744643212715,110,"45.192935543459214, 5.745771576557591"
94,103,a6f0ca65-38aa-4fde-a4cb-1cde12868717,1914621,4224220,94,Lyautey,287,"double droit etroit",Inconnue,343,"A valider",3913.185483870968,4023.794642857143,4109.862903225807,4167.408333333334,4099.750000000001,4928.37962962963,3801.0241935483873,3392.3306451612902,4089.6,4065.3629032258063,4168.541666666666,4293.24193548387,4087.706861416908,111,"45.185394286186686, 5.731551839989083"
1202,106,40264266-769f-4eb3-8437-5a16d25001a1,1915166,4225752,1202,"Avenue Marechal Randon",41,"simple droit","Bonne fiabilite. Utilisable pour les comptages",53,"Validation par comparaison avec comptage ponctuel",7029.693548387096,7824.741071428571,7508.25,8344.44166666667,7842.693548387095,9395.75925925926,6840.6290322580635,5957.99193548387,6919.766666666667,6799.862903225805,7002.675,6791.395161290324,7354.8249827544505,112,"45.19901068441375, 5.7391465712197585"
1201,107,8d04b9b3-2f2c-45b3-bcd8-09d641d2522b,1915159,4225759,1201,"Avenue Marechal Randon",-133,"simple droit","Bonne fiabilite. Utilisable pour les comptages",47,"Validation par comparaison avec comptage ponctuel",4183.6612903225805,4392.9375,4625.419354838709,4283.691666666667,4513.532258064516,6444.499999999998,4617.209677419354,3825.3387096774195,4960.491666666667,4768.250000000002,4925.733333333334,4520.258064516129,4671.751960125448,113,"45.19907794574427, 5.7390629903571915"
113,96,a3bcf65a-8e1e-48f1-8e60-a2710b89eb96,1915113,4224529,113,"Rue Joseph Chanrion",150,"simple droit","Bonne fiabilite. Utilisable pour les comptages",302,"Validation par comparaison avec comptage ponctuel",2195.0241935483864,2383.651785714286,2602.532258064517,2962.4249999999993,3201.967741935485,3563.5185185185173,3109.9193548387093,2838.41935483871,2655.233333333333,2920.1532258064512,2545.7166666666662,2821.0322580645156,2816.632807610798,114,"45.18802930838895, 5.737950558877623"
92,100,5bf3359b-b88e-4878-8e44-b967ae3dda3a,1914707,4224239,92,"Jean Pain / Chavant",58,"double droit etroit","Bonne fiabilite. Utilisable pour les comptages",37,"Validation par comparaison avec comptage ponctuel",13.274193548387098,6641.642857142858,9027.862903225805,8446.066666666668,8531.983870967742,8733.712962962964,7427.870967741934,6654.5967741935465,8599.033333333333,8423.806451612902,8419.808333333332,8099.782258064515,7418.2867977328315,115,"45.185541349831695, 5.7326552797459716"
622,121,88bda5d5-221b-45ea-9ee1-55db80196b79,1914177,4224486,622,"Cours Lafontaine",264,"simple droit",Inconnue,358,"A valider",4188.99193548387,3984.830357142857,4003.120967741935,3947.8500000000004,3981.185483870968,4609.648148148148,3779.0887096774195,3289.9112903225805,3762.458333333333,3662.645161290322,3617.116666666667,3941.177419354839,3897.335372752746,116,"45.18792124525893, 5.726023328026367"
413,130,b86ef3dd-5b9b-4a83-8044-283c424adcc9,1913699,4224865,413,"Jaurès bis",193,"simple droit","Bonne fiabilite. Utilisable pour les comptages",81,"Validation par comparaison avec comptage ponctuel",3746.048387096774,4246.303571428572,3966.6612903225805,4226.95,4002.2499999999995,4699.9537037037035,3599.717741935484,3398.2903225806454,3837.1,3694.064516129032,3785.941666666667,3514.7096774193546,3893.1659064402343,117,"45.19147706057841, 5.720103772857769"
1252,116,afba2d92-9167-497b-8870-6df496262e45,1914468,4225200,1252,"Quai Claude Brosse",-314,"tourne a droite","Bonne fiabilite. Utilisable pour les comptages",38,"Validation par comparaison avec comptage ponctuel",5862.693548387097,6489.410714285715,6387.879032258064,6211.458333333334,6205.8467741935465,6581.018518518519,5778.887096774193,5279.903225806452,6243.191666666666,6010.887096774192,6161.958333333334,5941.66129032258,6096.2329692211415,118,"45.19425863478119, 5.730028051905276"
384,112,d684d27f-fa74-41d9-8baa-0dc350e732fe,1914712,4225459,384,"Quai Jongkind",-320,"tourne a gauche","Inutilisable pour les comptages",241,"Inapte au comptage / Observation terrain PC feux",0,0,0,0,0,0,0,0,0,0,0,0,0,119,"45.196513720456636, 5.733250499424119"
1251,117,3560d3fc-3f50-41aa-8ee6-04a191fde6b6,1914500,4225247,1251,"Quai Claude Brosse",-314,"double droit large","Bonne fiabilite. Utilisable pour les comptages",49,"Validation par comparaison avec comptage ponctuel",8424.975806451614,9380.607142857141,9271.241935483871,8901.141666666666,8683.435483870968,8070.064814814817,4138.6935483870975,3238.435483870968,6896.983333333333,8942.370967741937,9298.258333333333,8995.806451612903,7853.501247368721,120,"45.19466616511463, 5.730462148282219"
702,118,cfedb7f3-651d-4b21-b5dc-ccfa2476fc34,1914159,4224130,702,"Boulevard Gambetta",335,"simple droit","Bonne fiabilite. Utilisable pour les comptages",301,"Validation par comparaison avec comptage ponctuel",4421.887096774192,4723.36607142857,4759.338709677418,4788.758333333334,4763.709677419355,5519.842592592593,4499.733870967741,4147.75,4799.724999999999,4581.475806451613,4534.233333333333,4573.629032258064,4676.120793686351,121,"45.18472856302933, 5.725641355656192"
1261,113,b6853130-c12a-4f04-a482-e1f56e42db70,1914477,4225355,1261,Quais,-137,"double droit large","Inutilisable pour les comptages",42,"Différence avec ponctuel (+150%) / Observation terrain PC feux",4216.693548387097,4045.008928571429,4112.629032258064,4191.841666666666,4509.895161290323,4757.064814814815,4133.653225806452,4467.99193548387,3733.2,4002.733870967743,429.8666666666666,319.4596774193548,3576.66987736104,122,"45.195648029931135, 5.730216898301855"
621,122,97a7f5cd-bedf-4a15-9c6d-8ba9f0306e45,1914231,4224503,621,"Place du Dr Martin",250,"simple droit","Inutilisable pour les comptages",36,"Observation terrain PC feux",4169.822580645161,4105.464285714285,4195.645161290323,4070.916666666666,4081.693548387096,4515.027777777778,3953.7822580645156,3422.5241935483873,3873.1833333333334,3751.6451612903224,3857.033333333333,4018.0483870967746,4001.2322239289974,123,"45.188063594767705, 5.72671333195193"
691,120,34bec583-e2ad-42a5-b5b0-875b0bd38a89,1914127,4224303,691,"Rue Lesdigueres",63,"double droit large","Bonne fiabilite. Utilisable pour les comptages",36,"Validation par comparaison avec comptage ponctuel",5877.66935483871,6135.392857142858,6139.806451612904,6171.325000000001,6034.040322580646,6857.407407407407,6010.209677419356,5609.935483870968,6147.624999999998,5882.370967741935,5952.3083333333325,5862.790322580645,6056.740098210731,124,"45.18629396728663, 5.725310882721733"
402,124,5a87cd04-d84b-4ce5-abfd-47a4bf31b1d8,1914006,4225031,402,"Pont Marius Gontard",168,"double droit large",Inconnue,285,"A valider",9394.225806451612,8966.19642857143,8675.862903225805,8344.266666666665,8678.467741935485,10373.75,7850.467741935485,7403.0241935483855,8642.008333333333,13715.491935483866,8457.091666666665,8358.758064516127,9071.63429019457,125,"45.19288049048235, 5.724088297927302"
661,126,f300af14-c68b-44cf-85d8-6f0500129177,1913835,4224749,661,Gambetta,153,"triple droit",Inconnue,300,"A valider",7030.5967741935465,7763.10714285714,7699.32258064516,7489.741666666667,7509.822580645163,8213.48148148148,7224.975806451612,6595.459677419354,9854.441666666668,9847.10483870968,7619.175,7569.959677419358,7868.099074429654,126,"45.190390841033526, 5.721790627508641"
401,125,908738bd-92d9-4bd2-be50-331225bdd2ba,1914047,4225017,401,Quais,78,"double droit large","Inutilisable pour les comptages",13,"Différence avec ponctuel (-25%)",18672.580645161295,19362.16964285714,19291.604838709678,18963.35833333333,19170.459677419356,20221.583333333332,18631.701612903227,17878.677419354837,19327.591666666667,20663.93548387097,19158.183333333323,18587.74193548387,19160.798993535587,127,"45.192739655283276, 5.724603705172963"
412,127,b8c1d938-2dbd-4234-9e52-7ec53007106c,1913758,4224933,412,"Place Hubert Dubedout",-314,"double droit large",Inconnue,51,"A valider",7995.89516129032,8901.642857142859,8765.572580645161,8614.658333333331,8709.838709677419,10372.370370370372,8326.645161290322,7670.161290322579,8691.833333333332,8338.145161290322,8447.05,8012.169354838709,8570.498526127894,128,"45.19207309608102, 5.720886990182203"
1331,136,c65750ff-e209-44ea-9562-0103c9254a7f,1913413,4225804,1331,"Route de Lyon",329,"simple droit","Bonne fiabilite. Utilisable pour les comptages",303,"Validation par comparaison avec comptage ponctuel",1147.8870967741937,1239.839285714286,1231.491935483871,1318.2666666666669,1225.459677419355,1475.4629629629628,1065.3548387096773,958.0080645161289,1251.416666666667,1225.1612903225807,1250.4583333333333,1149.3709677419354,1211.5148155259715,129,"45.200010731168696, 5.71686633814281"
631,123,918618e8-9550-4ef4-92ff-45e0f4ee4efe,1914081,4224666,631,"Place Victor Hugo",319,"double droit large","Inutilisable pour les comptages",318,"Inapte au comptage / Observation terrain PC feux",0,0,0,0,0,0,0,0,0,0,0,0,0,130,"45.18956830026849, 5.724881245255884"
421,131,0e08ade0-29b1-4af9-a426-efe935d8765b,1913671,4224727,421,"Cours Jean Jaures",190,"tourne a droite double","Inutilisable pour les comptages",78,"Observation terrain PC feux",5224.725806451613,5805.089285714285,5529.2338709677415,5856.041666666667,5737.2258064516145,6467.601851851853,5588.790322580644,5095.846774193547,5578.033333333333,5339.177419354839,5493.966666666666,5319.354838709678,5586.25730357854,131,"45.190244854445936, 5.719693981915691"
422,132,d215b530-49ba-4d6d-b1fe-74ac1613b490,1913686,4224723,422,"Cours Jean Jaures",12,"tourne a droite double","Inutilisable pour les comptages",77,"Observation terrain PC feux",6090.233870967742,6640.580357142858,6714.266129032258,6946.774999999998,6724.741935483871,7501.083333333331,5984.8064516129025,5177.241935483871,6606.866666666668,6445.838709677419,6341.241666666667,5972.0887096774195,6428.81373047875,132,"45.1902063897714, 5.719878121265411"
1231,110,a7f210e1-8c9e-4e29-85c0-cd73fcf2c2e1,1914660,4225654,1231,"Quai Xavier Jouvin",189,"simple droit",Inconnue,80,"A valider",3146.217741935483,3374.562499999999,3412.0645161290317,3304.558333333333,3525.951612903226,3518.5277777777765,2924.6774193548385,2980.16129032258,3484.0249999999996,3245.6854838709683,3214.233333333333,3108.4758064516127,3269.9284012843486,133,"45.198277993680065, 5.732669266111487"
382,111,9138651a-8578-4bd7-af97-b9b55b3dde59,1914696,4225458,382,"Voie de Corato",-139,"simple droit",Inconnue,52,"A valider",1719.9596774193546,4554.67857142857,5049.516129032257,4354.924999999998,4341.00806451613,5297.574074074074,4736.491935483869,3296.9677419354834,4701.283333333334,4096.233870967743,4212.9,3530.4112903225805,4157.662474042783,134,"45.196506871218745, 5.733047652929136"
1263,114,617c20d5-7d15-4c4a-8e35-c8a0409948ad,1914471,4225316,1263,"Pont de la citadelle",-225,"simple droit",Inconnue,314,"A valider",3029.4516129032254,3292.2142857142853,3231.516129032258,3212.091666666666,3368.395161290323,3770.555555555555,2895.741935483871,2930.895161290322,3918.0583333333334,4576.943548387098,3473.491666666666,3378.6129032258063,3423.1639966291173,135,"45.19530070306143, 5.730117680463393"
1253,115,617c20d5-7d15-4c4a-8e35-c8a0409948ad,1914502,4225277,1253,"Pont de la citadelle",-47,"simple droit",Inconnue,308,"A valider",520.6693548387096,543.9642857142857,642.4838709677417,554.9000000000001,562.2016129032255,891.5833333333333,674.8467741935482,587.0241935483871,642.4083333333333,671.3790322580647,528.7,520.9516129032259,611.759366999488,136,"45.194942060953444, 5.730493211954662"
1741,137,37144297-c77c-40ba-9ca9-b7d75c8dbbab,1912169,4226432,1741,"Pont d'Oxford ",16,"simple droit","Bonne fiabilite. Utilisable pour les comptages",84,"Validation par comparaison avec comptage ponctuel",4882.959677419355,6499.5267857142835,5942.1209677419365,5730.066666666667,6123.709677419356,7047.675925925926,6149.2338709677415,5701.491935483869,6691.474999999998,6781.451612903225,6340.933333333333,5240.701612903226,6094.278922206577,137,"45.20602513650461, 5.70131276698859"
992,151,a4fc31a4-b76a-4823-aaed-b70a478337ae,1912943,4225182,992,"Rue Felix Esclanglon",25,"double droit large","Inutilisable pour les comptages",62,"Différence avec les ponctuels ",2210.3790322580635,2691.964285714286,2933.177419354839,2469.7999999999997,2419.1370967741937,4189.759259259258,2278.6209677419356,2333.564516129032,2515.0999999999995,2766.306451612903,2670.308333333333,2177.387096774194,2637.95870491267,138,"45.19455094320191, 5.710622914969512"
1002,147,c5070199-0a8e-4e5d-b8ee-fecb4c46bd45,1912638,4225780,1002,"Avenue des Martyrs ",-230,"simple droit",Inconnue,342,"A valider",5111.653225806451,6146.38392857143,5330.153225806452,4835.375,5115.201612903225,6943.249999999998,4892.5564516129025,4658.8387096774195,5569.941666666666,4974.814516129032,5346.408333333333,4568.975806451612,5291.129373079876,139,"45.20064213903788, 5.7086882862589805"
1801,155,cd8e9fbc-3d3f-42d5-8333-d3b1dad545a3,1912894,4225559,1801,"Rue Felix Esclanglon",347,"double droit large","Inutilisable pour les comptages",280,"Différence avec ponctuel (-20%)",5757.540322580645,6362.55357142857,7075.104838709677,6734.325000000001,7008.709677419355,8468.527777777776,6467.7258064516145,6449.838709677421,7252.433333333333,7765.774193548387,7281.916666666666,6023.524193548386,6887.33117426182,140,"45.19796224487966, 5.710164418613014"
1812,148,86758eef-ab82-4549-a440-cdcff52b0bb4,1912770,4225678,1812,"Avenue des Martyrs",318,"simple droit",Inconnue,313,"A valider",4326.217741935484,5904.883928571429,6367.524193548387,5794.808333333333,5891.467741935484,6976.064814814815,6152.572580645161,5321.403225806451,6235.075,6138.169354838708,5961.875000000001,4981.241935483871,5837.608654242761,141,"45.19907179285052, 5.708636671323959"
991,152,5ee4ad7d-febf-4cdd-8913-e6e7f1273463,1912944,4225211,991,"Rue Felix Esclanglon",193,"double droit large","Inutilisable pour les comptages",79,"Inapte au comptage",3.758064516129032,9.508928571428571,1.6129032258064515,2.216666666666667,7.508064516129031,1781.9814814814813,25.782258064516128,10.733870967741934,9.975,9.129032258064516,25.541666666666664,4.290322580645161,157.66985495960628,142,"45.19481919087694, 5.710648010254983"
1813,156,cbdf7884-0615-4102-ae34-baa32442fb58,1912885,4225531,1813,"Rue Felix Esclanglon",132,"triple droit","Inutilisable pour les comptages",231,"Inapte au comptage",2.5806451612903225,0,1.935483870967742,2.6666666666666665,6.451612903225806,2121.4814814814813,32.903225806451616,13.548387096774192,12.666666666666666,12.258064516129032,1619.9916666666668,5765.314516129031,799.3165347471127,143,"45.19771486032307, 5.710039739458698"
1792,141,1c83047b-01f8-4bca-b880-72fff222a95f,1912015,4226416,1792,"Avenue des Martyrs ",134,"double droit large","Inutilisable pour les comptages",315,"Observation terrain PC feux / En travaux",4944.475806451614,5627.874999999999,3835.3951612903224,4933.666666666665,5321.241935483871,6900.935185185186,5137.064516129031,5261.370967741935,5821.333333333335,5297.959677419355,5356.008333333331,4741.137096774196,5264.871973317403,144,"45.20593125223794, 5.699344841238641"
1752,139,21d93784-e758-4884-915b-d3306ff03e53,1911999,4226325,1752,"Rue Charles Horowitz",-133,"simple droit",Inconnue,43,"A valider",1055.4596774193549,1166.4285714285713,1278.7419354838707,1081.3916666666667,1232.7016129032259,2175.009259259259,1058.1451612903224,970.0725806451616,1407.9833333333336,1195.8467741935485,1338.2166666666667,1162.5161290322578,1260.2094473601867,145,"45.2051148271421, 5.699103805188189"
1751,140,1c83047b-01f8-4bca-b880-72fff222a95f,1912030,4226421,1751,"Avenue des Martyrs ",310,"double droit large","Bonne fiabilite. Utilisable pour les comptages",319,"Validation par comparaison avec comptage ponctuel",3.008064516129032,0,1.2903225806451613,4.441666666666666,12.024193548387096,1416.2037037037037,25.782258064516128,9.016129032258064,56.858333333333334,9.443548387096774,23.525,3.435483870967742,130.41905864197534,146,"45.20596962061757, 5.69953542136882"
1791,142,8c995923-5d6e-43ca-adb3-db27980688ec,1911917,4226537,1791,"Avenue des Martyrs ",317,"simple droit",Inconnue,314,"A valider",0.8548387096774194,0,0,2.216666666666667,2.1370967741935485,704.3425925925925,14.379032258064516,4.491935483870968,5.083333333333332,5.991935483870968,11.758333333333333,3.64516129032258,62.908410493827155,147,"45.20705022701845, 5.698154712760582"
1793,143,625ca1c6-944a-46c2-9e16-4e76d25c881d,1911892,4226537,1793,"Avenue des Martyrs ",-141,"simple droit",Inconnue,328,"A valider",1.6129032258064506,1.4285714285714282,1.71774193548387,2.166666666666667,1.903225806451612,265.537037037037,7.096774193548387,2.6612903225806446,3.216666666666667,3.2580645161290316,5.283333333333333,2.112903225806451,24.832931529840135,148,"45.20705881633304, 5.6978313067812065"
1731,144,25dcf355-6cd9-48f7-b908-2d0bae8152dc,1912377,4226075,1731,"Avenue des Martyrs ",317,"simple droit",Inconnue,313,"A valider",1.0725806451612903,0,0,1.1083333333333334,2.6774193548387095,885.4166666666666,11.548387096774192,5.629032258064516,7.225,5.096774193548387,14.7,2.137096774193548,78.05094086021505,149,"45.2027567875762, 5.703806745113835"
1001,146,3bc45256-bff1-443b-b969-a5f3da119ecd,1912648,4225791,1001,"Avenue des Martyrs ",47,"simple droit",Inconnue,313,"A valider",4266.887096774193,5863.258928571429,6285.991935483869,5703.341666666665,5808.935483870967,7555.990740740741,6127.701612903225,5210.685483870968,5982.616666666667,6085.040322580645,5772.316666666667,4878.879032258065,5795.137136421175,150,"45.200736247493936, 5.708827759516699"
1811,149,5047aa5f-a457-4463-9906-0bcc607f2471,1912839,4225624,1811,"Place Nelson Mandela",72,"simple droit",Inconnue,316,"A valider",4931.282258064515,5645.928571428573,5330.491935483871,5463.099999999999,5297.08870967742,6175.88888888889,5022.169354838709,3193.5725806451615,4.199999999999999,4.064516129032258,11.091666666666667,1.7096774193548385,3423.3823466035155,151,"45.198561787587145, 5.709484644755927"
993,150,6e0cd53a-8c60-4a88-9409-c6c61e021ce8,1912969,4225196,993,"Avenue du Doyen Louis Weil",282,"simple droit",Inconnue,354,"A valider",2083.290322580645,2395.2589285714284,2529.6451612903224,2323.5583333333334,2380.822580645161,2977.3055555555547,2123.8145161290327,1908.3790322580649,2582.216666666667,2430.798387096774,2629.95,2407.935483870968,2397.747913999829,152,"45.19466860893846, 5.710960492452338"
981,153,3812e878-35d5-48d6-ac0f-0cf71d90897a,1912964,4225489,981,"Rue Felix Esclanglon",-247,"double droit large",Inconnue,299,"A valider",3.435483870967742,0,1648.516129032258,3512.816666666666,3627.6370967741937,6398.611111111111,3461.4193548387093,3606.83064516129,3707.2833333333333,4004.1532258064512,3798.8999999999987,2992.419354838709,3063.501866786141,153,"45.197305989146955, 5.7110178382017045"
982,154,cbdf7884-0615-4102-ae34-baa32442fb58,1912957,4225468,982,"Rue Felix Esclanglon",-68,"double droit large",Inconnue,295,"A valider",7011.9435483870975,9542.258928571428,6354.604838709677,5880.833333333332,6030.314516129032,9522.944444444443,6867.645161290323,6070.217741935484,6985.474999999999,6541.6693548387075,6787.708333333333,6108.701612903225,6975.359734489673,154,"45.197125964592665, 5.710928032246161"
1011,157,f9128df0-12e4-4a69-8933-0dd34d7e56a3,1912766,4224983,1011,"Rue Felix Esclanglon",220,"tourne a droite double",Inconnue,49,"A valider",6197.370967741936,7292.17857142857,7273.49193548387,6178.608333333333,5725.024193548386,6782.648148148149,5505.645161290323,5292.935483870968,3284.475,4578.274193548388,6625.583333333334,6335.653225806449,5922.657378961143,155,"45.192815929403686, 5.7082843174950115"
1021,158,e00a3e31-32f0-4dde-a9af-1e2dcfc02c1e,1912650,4224859,1021,"Rue Felix Esclanglon",-320,"tourne a droite double",Inconnue,231,"A valider",5406.282258064517,5874.258928571428,6400.072580645161,5916.033333333334,5635.903225806453,5995.805555555555,5344.556451612902,5309.338709677419,6147.475,6344.18548387097,6166.166666666668,5628.749999999998,5847.402349483701,156,"45.1917416361242, 5.706755399492836"
1732,145,f0edfffd-c5bc-44de-b907-2d49bec7055d,1912371,4226066,1732,"Avenue des Martyrs ",132,"simple droit","Bonne fiabilite. Utilisable pour les comptages",321,"Validation par comparaison avec comptage ponctuel",4685.653225806451,5692.758928571429,4830.661290322581,4418.858333333334,4673.209677419356,6288.824074074075,4519.201612903225,4293.701612903226,5036.241666666666,4517.258064516128,4878.133333333334,4179.564516129032,4834.505527998236,157,"45.20268063853588, 5.703731502990719"
