# Validation data for sensors in Grenoble, France
# https://aqicn.org/station/validation/@530863/
# Generated on 2025-11-27T08:24:22.259Z
# Hourly PM2.5 AQI data
time,522601,368140,183157,121567,80761,525991,495421,361837,66682,61684,189697,70084,525526,220114,502414,530863,74698,231595,188446,253609
2025-11-20T17:00:00.000Z,2,0.03,1.4,0.6,3.93,2.83,0.5,1,,2.98,1.6,2.83,4.22,5.78,6,1.04,0.67,0,3
2025-11-22T05:00:00.000Z,5.4,0,6.53,0.98,,3.42,2.29,0.77,6.29,6.09,5.28,7.65,1.7,,,3.46,4,2,13.33
2025-11-22T10:00:00.000Z,5.77,0.1,6.75,0.9,11.54,3.63,5.58,1.3,6.93,8.12,5.76,8.77,2.59,,9.17,5.29,3,2,18.33
2025-11-22T22:00:00.000Z,8.57,0,13.45,1.85,18.45,4.18,2,4.9,23.72,16.35,9.89,13,4.35,39.72,35.17,6.43,32.5,9.33,26
2025-11-13T17:00:00.000Z,1.59,0.1,1.8,0.5,,2.51,,1.75,,3.62,1.62,2.5,,1.2,2.09,1.67,4,9.67,5
2025-11-14T10:00:00.000Z,2.2,0.1,2.5,0.63,3.78,1.54,,1.34,1.58,3.43,1.85,3.55,,2.17,2,2.46,3,1,5.25
2025-11-14T20:00:00.000Z,1.3,0.1,1.2,0.2,2.17,0.8,0.92,1.33,2.1,1.39,1.63,1.9,,,0.09,1.41,5.67,3.33,
2025-11-19T16:00:00.000Z,2.99,0.1,4.53,0.98,2.54,2.8,0.58,1.47,5.06,8.55,3.74,8.37,2.1,11.9,9,3.51,302,0.5,10
2025-11-26T23:00:00.000Z,2.6,0,2.2,1,,1.73,2,2.5,,3.89,2.28,,1.35,,0.17,1.95,2,52.13,5.55
2025-11-22T03:00:00.000Z,4.89,,5.9,0.79,,3.25,2.17,,5.55,5.62,4.72,,1.52,,,3.3,11.67,6,12.33
2025-11-22T14:00:00.000Z,6.1,0.17,7.28,0.7,11.58,3.97,4.75,,6.4,8.99,5.75,9.9,2.42,,9.17,5.74,3.33,2,18.67
2025-11-23T23:00:00.000Z,15.67,0.05,25.83,2.47,,7.19,,3.72,,6.64,9.73,,6.2,,5.25,9.64,13.25,86.25,30.33
2025-11-27T04:00:00.000Z,3.2,0,2.76,0.6,,2.36,2.5,0.88,,4.06,2.67,,1.38,,,2.45,1,0.33,5.5
2025-11-16T21:00:00.000Z,14.5,0,16.98,0.98,14.2,0.53,,4.22,15.57,13.27,11.65,18.87,4.47,14.19,8.33,8.77,11.33,46.67,14
2025-11-20T02:00:00.000Z,6.37,,7.22,1.02,,5.44,0.09,,,1.37,4.93,,1.8,5.5,,3.76,7,0,14.25
2025-11-20T16:00:00.000Z,1.2,0,1.35,0.5,2.12,2.29,0.08,1.02,,2.8,1.25,2.03,0.65,6.3,1,0.94,0.5,0,2
2025-11-21T14:00:00.000Z,2.8,0.1,2.69,0.4,3.5,0.77,0.67,1.1,2.9,3.72,2.32,3.83,0.95,,1,0.81,174,0,4
2025-11-21T18:00:00.000Z,,0.1,3.37,0.4,6.81,1.67,1.92,1.35,12.88,5.57,2.67,5.03,,,1,1.53,48,65.5,6.88
2025-11-15T13:00:00.000Z,0.8,0.1,0.9,0.2,1.3,0.43,0.25,0.4,,1.25,1.14,1.07,,1.83,,0.7,33.75,0,0
2025-11-17T01:00:00.000Z,6.45,,10.55,1,,4.7,0.08,,11.39,6.25,6.71,,3.97,7.53,,7.54,12.67,13.33,10.5
2025-11-17T23:00:00.000Z,1.3,0,0.93,0.5,,0.8,0.08,0.6,1.3,1.97,1.2,,0.9,5.06,,0.78,3,0,2
2025-11-18T11:00:00.000Z,3.83,0.02,3.88,0.63,6.43,3.85,1.75,0.5,4.75,4.53,3.28,4.92,2.17,9.52,5.59,2.58,8,1,7
2025-11-23T15:00:00.000Z,3.8,0.1,3.2,1.19,7.39,5.13,0.17,1.45,6.53,5.7,3.59,5.68,11.9,13.76,21.33,3.32,5,43.67,13.25
2025-11-14T01:00:00.000Z,,,3.58,0.9,,1.3,,,,3.09,3.3,,,3.9,,3.19,12,2.75,9
2025-11-13T21:00:00.000Z,4.67,0.1,3.17,1,3.59,0.6,,4.4,,9.95,3.33,8.87,,1.47,3.33,3.12,13.67,3.25,11.8
2025-11-15T04:00:00.000Z,2.23,0.1,2.42,0.31,,1.64,0.08,0.5,3.59,1.5,2.97,,,6.03,,1.99,38.5,0,0
2025-11-17T21:00:00.000Z,1.2,0,1,0.62,2.22,0.89,0.08,0.98,1.3,2.09,1.1,1.7,1.2,3.78,0.92,0.72,3.33,0,2
2025-11-22T06:00:00.000Z,5.6,0,6.59,0.85,11.52,3.72,2.67,0.8,6.4,6.37,5.62,8.32,1.8,,9.17,3.68,2,1.33,13.84
2025-11-23T00:00:00.000Z,7.83,0,12.52,1.83,,3.5,2.17,4.75,28.68,10.6,8.7,,4.32,32.72,,5.78,37.25,38,24
2025-11-24T09:00:00.000Z,0.8,0,0.6,0.6,13.54,0.3,,0.57,,0.75,0.43,1.96,0.7,,,0.44,0,0,1
2025-11-25T15:00:00.000Z,0.9,0,0.5,0.2,1.63,1.33,0.46,1.3,,1.67,0.7,1.15,0.4,,5.92,0.53,1,0,0
2025-11-16T05:00:00.000Z,2.45,0,2.39,0.65,,3.21,,1.3,,2.35,2.42,3.34,,5.07,4.67,1.92,36.25,1,5.75
2025-11-16T14:00:00.000Z,3.2,0,2.58,0.5,5.53,1.47,3.17,1.08,4.13,3.65,2,3.44,2.58,6.15,3,1.66,2,49.88,4.75
2025-11-20T21:00:00.000Z,2.13,0,1.4,0.72,3.3,4.4,7.08,2,1.9,3.84,1.42,2.9,1.3,,1,0.85,11.67,0.5,3
2025-11-22T08:00:00.000Z,5.73,0,6.65,0.75,12.95,2.62,2.75,0.7,6.79,7.29,5.63,8.7,2.65,,6.59,4.51,1.33,1,15
2025-11-23T11:00:00.000Z,5.5,0.1,5.15,1.14,9.41,4.4,1.5,2,5.7,7.22,5.38,8.54,3.7,11.97,25,4.92,9,33.5,17.84
2025-11-23T12:00:00.000Z,4.56,0.1,4.98,1,7.55,4.75,2.25,1.9,3.92,6.43,4.05,7.35,4.9,11.07,26.17,4.82,8.67,47.5,18.33
2025-11-26T06:00:00.000Z,2.2,0,1.65,0.57,5.07,2.22,,1.4,2.17,2.56,1.65,2.9,0.5,6.6,4.83,1.17,0,0,2.25
2025-11-26T16:00:00.000Z,,0,1.6,0.6,5.78,4.39,1.42,2.7,,3.82,1.79,3.41,0.89,5.47,1,1.55,1,0,3.5
2025-11-15T12:00:00.000Z,0.8,0.1,0.77,0.2,1.37,0.4,,0.52,,0.97,1.17,1.09,,1.9,4,0.94,2.67,0,0
2025-11-15T19:00:00.000Z,2.63,0.1,2.6,0.55,2.59,1.58,0.04,1.7,,9.37,2.03,3.41,,,1,3.28,83.67,0,5.25
2025-11-22T01:00:00.000Z,4.97,,6.4,0.75,,2.64,1.92,,5.88,5.42,4.78,,1.41,,,1.98,26.25,17.67,11.25
2025-11-22T18:00:00.000Z,7.7,0,10.75,1.75,15.52,4.82,2,5.63,13.38,10.47,6.93,12,5.98,,30,5.15,25,44,21.17
2025-11-17T02:00:00.000Z,5.09,,13.02,1,,1.83,0,,11.9,3.46,6.37,,3.2,7.72,,7.54,13.33,9,9.75
2025-11-24T12:00:00.000Z,0.4,0,0.5,0.2,0.93,0.3,,0.46,,0.7,0.5,0.75,3.97,,0.5,0.59,0.33,0,1
2025-11-24T15:00:00.000Z,1.4,0,0.8,0.32,2.8,0.8,,0.4,,1.05,1.11,2.42,1.23,,5.75,0.77,14.13,14,1
2025-11-24T22:00:00.000Z,0.9,0,0.7,0.2,,1.01,0,0.4,,2.53,0.81,1.05,0.9,4.82,1,0.4,0,57.25,0
2025-11-26T12:00:00.000Z,1.83,0,1.52,0.4,2.71,3.49,0.08,1.8,1.44,3.07,1.62,3.8,1.2,,3,1.3,3,0,3.68
2025-11-18T04:00:00.000Z,2.27,0,1.5,0.4,,0.93,0.08,0.3,1.8,2.4,1.65,,0.9,6.69,,1.23,1,0,4
2025-11-18T10:00:00.000Z,3.95,0,4.03,0.7,8.07,2.84,1.5,0.45,5.43,5.59,3.4,5.7,2.08,8.99,3,3.07,5,1.75,9.25
2025-11-18T20:00:00.000Z,6.67,0.09,6.69,1.13,9.93,10.03,1.29,1.65,,11.66,5.11,10.49,2.83,20.88,29.59,4.4,19.13,2.33,14.25
2025-11-19T08:00:00.000Z,5.73,0,6.02,1.25,9.24,4.57,0.33,2,9.93,5.97,4.78,8.77,2.95,13.43,19.17,4.03,11.33,1.45,14.75
2025-11-21T22:00:00.000Z,,0.1,4.48,1.02,6.72,2.85,4.17,0.9,4.07,5.05,3.6,5.42,,,1.67,1.2,3,32,8.29
2025-11-20T12:00:00.000Z,1.04,0,1.1,0.3,1.75,0.85,0.08,0.6,,1.61,1.08,1.37,0.7,4.62,1,0.67,3,0,1
2025-11-22T12:00:00.000Z,5.93,0.2,7.1,0.8,10.45,3.53,4.29,1.88,7.4,7.6,5.9,9.13,2.48,,13.75,5.85,3,3.67,19.33
2025-11-24T11:00:00.000Z,0.9,0,0.98,0.3,2.5,1.05,,0.45,,0.88,0.5,0.7,14.18,,,0.88,0,0,4.75
2025-11-21T20:00:00.000Z,,0.1,3.9,0.47,6.7,2.03,39.59,1.17,3.73,4.69,3.17,4.88,,,1,1.74,4,12.67,7.75
2025-11-16T18:00:00.000Z,5.97,0,8.1,0.85,10.01,1.46,0.09,2.5,11.5,5.96,3.6,8.52,2.98,15.49,9.84,5.8,6.33,51,10.88
2025-11-21T11:00:00.000Z,2.62,0.1,2.53,0.3,6.03,1.09,1.08,0.85,2.7,3.4,2.2,3.5,1.05,,1,1.29,9,0,4
2025-11-25T20:00:00.000Z,4.2,0,2.9,0.3,5.48,4.4,,6.93,,1.7,1.8,0.75,2.9,,7.59,2.22,2.33,0,7.25
2025-11-13T16:00:00.000Z,1.2,0.1,1.27,0.3,1.67,0.64,,0.92,,2.1,1.23,1.77,,,1,1.1,3,13.67,8.25
2025-11-14T12:00:00.000Z,1,0.1,0.82,0.5,1.58,0.99,0.08,1.75,1.4,1.61,1.3,1.38,,2.17,0.25,0.82,2,1,
2025-11-15T09:00:00.000Z,1.02,0.1,1,0.47,1.83,1.74,0.08,0.6,,1.19,1.62,1.3,,2.28,0.25,0.92,1.33,0,0
2025-11-24T06:00:00.000Z,0.4,0,0.4,0.31,5.69,0.3,,1.2,,0.74,0.4,0.53,0.9,,0,0.2,0,1.6,0
2025-11-24T14:00:00.000Z,0.9,0,0.7,0.2,4.03,1.3,,0.4,,0.6,0.6,0.79,1.15,,,0.79,25,17.33,1
2025-11-27T08:00:00.000Z,4.1,0,4.31,0.96,10.65,3.9,2.42,1.02,5.22,6.3,3.83,6.85,1.8,,7.67,3.55,2,0,9
2025-11-16T15:00:00.000Z,5.17,0,4,0.7,13.05,5.45,0.5,1.08,7.25,3.49,3,4.33,2.6,8.82,3,2.37,1.17,52.75,6
2025-11-16T17:00:00.000Z,6.88,0,5.6,0.98,13.27,10.56,,1.6,3.2,2.76,2.78,7.69,2.6,13.9,4,4.06,3,59,12.5
2025-11-19T04:00:00.000Z,2.7,0,2.85,1.15,,2.29,0.92,1.42,,3.69,2.42,,2.53,12.33,,2.88,172.5,2.38,5.25
2025-11-19T05:00:00.000Z,2.4,0,4.28,1.05,,2.5,0.5,1.35,8.68,3.35,2.6,3.2,2,11.63,,2.75,86.67,1.75,5
2025-11-15T18:00:00.000Z,2.33,0.1,2.61,0.38,2.33,1.08,,1.45,3.4,5.46,2.5,2.5,,,2,2.7,75.67,0,4
2025-11-18T23:00:00.000Z,7.43,0,8.3,1.35,,3,1.25,2,,14.38,5.76,,3.5,10.95,9,5.02,162.25,4.33,16.25
2025-11-21T03:00:00.000Z,2.67,,2.2,0.4,,2.54,0.09,,1.39,1.73,1.4,,0.6,,,0.4,0,0,2
2025-11-26T04:00:00.000Z,0.8,0,0.4,0.4,,3.5,,1.73,,0.92,0.6,,0.4,,,0.32,2,0,0
2025-11-19T15:00:00.000Z,1.83,0.1,4.07,0.75,1.98,5.43,0.75,1.3,2.33,3.03,3.38,3.43,1.83,7.74,9.67,2.9,212,0.75,4
2025-11-25T12:00:00.000Z,0.7,0,0.5,0.3,1.3,1.6,47.08,1.25,,1.63,0.7,0.7,0.5,3.45,1,0.44,0,0,0
2025-11-26T01:00:00.000Z,1.6,,1.6,0.95,,3.76,,,,1.5,1.78,,0.7,,,1.35,9,0,1
2025-11-14T09:00:00.000Z,2.03,0.1,,0.55,3.15,1.2,,1.4,1.65,2.5,1.9,2.95,,1.87,2,2.22,3,1.5,3.75
2025-11-17T03:00:00.000Z,3.5,,6.78,1.27,,1.44,,,9.65,3.9,5.57,,2.6,6.85,,7.06,13,5.33,5
2025-11-18T01:00:00.000Z,1.4,,1,0.35,,0.88,0.08,,1.25,1.7,1.13,,0.85,5.64,,0.76,1,0,2
2025-11-18T17:00:00.000Z,4.26,0,4.03,0.93,7.15,5.69,1.5,1.02,,6.44,3.57,6.39,6.06,23.74,7.5,2.68,39.75,0.75,8.65
2025-11-21T21:00:00.000Z,,0,3.95,0.6,6.13,2.5,12.71,1,3.85,5.1,3.17,4.92,,,1,1.73,2,22.67,7.25
2025-11-15T02:00:00.000Z,1.88,,2.25,0.3,,1.6,0.08,,3.96,1.5,2.83,,,,,1.7,41.75,0,0.25
2025-11-18T16:00:00.000Z,3.73,0,3.42,0.8,5.43,3.76,1.75,0.6,,5.81,2.63,4.43,1.5,12.21,3.33,2.38,19.75,0.5,7
2025-11-24T19:00:00.000Z,3.94,0,1.7,1.05,10,4.97,,0.7,8.98,5.05,1.85,3.08,3.35,,,1.48,14,23.67,4
2025-11-26T08:00:00.000Z,2.83,0,2.03,0.55,6.57,4.1,0.25,1.7,1.93,3.57,2.25,4.1,1,,2,1.17,0,0,3.88
2025-11-19T09:00:00.000Z,3.84,0,3.9,1,8,4.25,0.17,2.01,7.15,6.2,4.05,6.95,3.08,7.6,10.33,3.47,8.67,2,10.75
2025-11-22T02:00:00.000Z,4.9,,6.5,0.85,,2.97,1.92,,6.25,5.64,4.98,,1.55,,,2.87,13.67,13,11.29
2025-11-13T09:00:00.000Z,2.3,0.1,2.1,0.8,4.13,2.09,,1.38,,3.13,2,3.89,,,8.5,2.3,8,3.67,7
2025-11-18T07:00:00.000Z,3.47,0,2.5,0.5,6.64,1.75,0.17,0.51,3.78,3.88,2.67,4.39,1.73,7.56,6.42,1.88,5,0,5.5
2025-11-18T15:00:00.000Z,2.9,0.08,2.91,0.67,4.15,3.88,1.25,0.6,,3.74,2.4,3.83,1.4,9.89,3.33,1.94,3,0.25,5.75
2025-11-19T03:00:00.000Z,4.33,,4.68,1.4,,2.67,1,,,4.65,3.14,,3.28,9.72,,3.21,190.25,3.5,8.5
2025-11-18T09:00:00.000Z,4.33,0,3.72,0.75,7.57,9.95,1,0.5,4.47,5.53,3.38,5.81,1.92,8.48,3,2.65,4.33,1.75,8
2025-11-18T13:00:00.000Z,2.52,0,2.35,0.68,3.91,3.32,1.33,0.5,3.78,3.7,2.4,3.5,1.7,8.25,4.5,1.9,6,0.75,4.55
2025-11-21T09:00:00.000Z,3.38,0,2.95,0.6,4.48,0.92,3.5,0.8,2.7,3.74,2.72,4.49,1.2,,,1.08,1,0,6.75
2025-11-25T18:00:00.000Z,3.1,0.1,3.08,0.69,5.75,11.18,,5.7,,3.04,1.73,4.03,1.52,,2,1.65,3,0,5.25
2025-11-19T17:00:00.000Z,3.5,0.1,3.75,1,8.34,4.25,0.33,2.6,6,8.03,3.92,6.74,2.38,15.9,14.83,4.13,309.33,1.5,12
2025-11-25T08:00:00.000Z,0.6,0,0.35,0.4,1.79,3.75,,0.7,,1.36,0.8,0.9,1.3,,1,0.38,0,0,0
2025-11-25T19:00:00.000Z,3.44,0.08,3.01,0.95,5.78,5.59,,8.09,,2.2,2.38,3.26,1.83,,6.67,2.25,2,0,5
2025-11-14T08:00:00.000Z,2.2,0.1,,0.5,3.24,1.1,0.09,1.3,0.82,2.14,1.95,3.6,,1.7,2.67,1.97,3.67,1.75,5.75
2025-11-14T13:00:00.000Z,1.39,0.1,0.95,0.25,1.74,0.73,0.04,1.8,1.48,1.48,1.6,1.8,,2.65,0.17,0.95,1,0.75,
2025-11-14T22:00:00.000Z,1.3,0.1,1.32,0.25,2.54,0.9,0.08,0.9,2.1,1.49,1.75,1.77,,3.67,,0.94,12.33,3.33,0
2025-11-19T14:00:00.000Z,2.7,0.1,4.47,0.85,1.9,3.78,0.58,1.45,2.63,2.54,2.53,1.99,1.99,6.75,9.5,3.99,190.25,0.75,9.25
2025-11-21T10:00:00.000Z,3,0.05,2.96,0.32,4.45,0.79,1.33,0.89,2.53,3.45,2.46,4.22,0.99,,,1.34,33.75,0,6
2025-11-22T21:00:00.000Z,8.27,0,12.88,1.85,16.86,4.32,1.5,4.47,21.5,15.03,9.88,13.5,4.8,37.22,33.84,6.84,53.25,12.33,26
2025-11-24T01:00:00.000Z,16.23,,17.66,1.88,,4.25,,,,6.34,7.63,,5.68,,,6.77,12,52.38,20.75
2025-11-24T10:00:00.000Z,2.5,0,1.1,0.76,14.05,1.25,,0.5,,1.5,0.5,6.22,0.9,,,1.4,0,0,4
2025-11-13T10:00:00.000Z,2.7,0.1,2.01,0.47,2.78,1.4,,1.2,,1.95,1.99,3.51,,,4.25,2.51,66.25,3,6.25
2025-11-14T11:00:00.000Z,0.87,0.1,2.5,0.65,1.55,1.66,0.04,1.7,1.25,2.17,1.17,1.4,,2.22,,2.93,3.67,1,10.5
2025-11-16T01:00:00.000Z,4.4,,4.24,0.81,,4.3,,,,4.57,3.2,,,12.73,,3.05,63.75,1,8.25
2025-11-16T23:00:00.000Z,11.77,0,18.27,1.38,,2.95,,3.92,12.96,11.38,9.8,,5.43,12.38,2.84,8.46,13.88,32,19.75
2025-11-27T02:00:00.000Z,2.9,,2.88,0.7,,1.77,1.67,,,4.02,2.88,,1.4,,,2.44,1,5,6
2025-11-16T03:00:00.000Z,3.5,,3.33,0.57,,3.88,,,,4.15,2.5,,,8.02,,2.77,37.38,1.75,7.75
2025-11-16T16:00:00.000Z,5.1,0,4.13,0.97,14.21,11.54,0.04,1.2,4.1,7.11,3.3,3.6,2.33,9.54,10.5,2.96,1.33,60,5.25
2025-11-19T06:00:00.000Z,2.8,0,4.4,1.1,3.87,2.78,0.42,1.33,8.7,3.74,2.82,4.3,1.73,12.98,3,2.9,33.38,1,6
2025-11-26T22:00:00.000Z,2.7,0,2.2,0.95,6.24,1.92,2.33,4.05,,3.9,2.25,4.32,,,1,1.94,2.67,43,5.5
2025-11-16T00:00:00.000Z,3.78,0,3.58,0.85,,3.33,,1.92,,6.25,3.25,,,,,2.79,15.84,1,7.88
2025-11-22T17:00:00.000Z,7.23,0.1,9.57,1.5,13.73,4.68,3,4.97,12.3,9.8,6.44,11.8,8.28,,15,4.59,62.25,28.33,20.33
2025-11-26T03:00:00.000Z,0.7,,0.4,0.5,,0.7,,,,0.93,0.9,,0.47,,,1.38,4,0,0
2025-11-26T19:00:00.000Z,3.2,0,2.33,1,8.02,6.15,1,4.28,3.4,4.96,2.46,5.38,,4.9,1,1.95,3,0,6.5
2025-11-25T21:00:00.000Z,3.42,0,4.5,0.7,3.88,2.17,,5.15,,2.14,1.5,1.1,2.38,,12.92,2.28,3,0.67,7.75
2025-11-14T17:00:00.000Z,1.21,0.1,1.23,0.2,1.91,1.4,0.42,1.2,1.98,1.5,1.5,1.73,,2.6,,1.45,1.67,2.75,
2025-11-17T09:00:00.000Z,7.6,0,5.35,0.8,17.36,8.04,0.09,1.85,9.95,3.32,3.4,8.37,2.3,5.78,12,3.64,3,0.75,8
2025-11-21T05:00:00.000Z,3.53,0,2.7,0.49,,2.82,,0.56,2.23,1.95,1.6,3.1,0.6,,,0.5,0,0,2
2025-11-25T16:00:00.000Z,1.17,0,0.7,0.5,2.03,2.42,0.08,1.38,,3.4,0.8,2,0.52,,3,0.81,1,0,1
2025-11-17T00:00:00.000Z,9.47,0,11.43,1.55,,1,,3.56,13.91,7.88,7.78,,4.7,10.78,,7.23,12,21,15.25
2025-11-21T13:00:00.000Z,2.4,0.1,2.17,0.3,3.7,0.81,1.58,1.08,2.35,3.97,2.2,3.4,1,,1,1.1,180.38,0,4
2025-11-20T18:00:00.000Z,2.05,0,1.5,0.85,3.89,4.53,1,1.1,2.69,3.6,1.92,2.9,2.1,6.99,9.5,1.05,1.33,0,3.25
2025-11-14T05:00:00.000Z,3.22,0,,0.57,,0.9,,1.5,,3.62,2.65,4.51,,5.14,,2.45,7,2.25,8
2025-11-16T12:00:00.000Z,3.13,0,2.72,0.4,3.95,3.39,46.25,1.15,5.59,3.23,1.9,4.74,2.37,5.6,6.75,2.13,5,1.5,5.25
2025-11-17T20:00:00.000Z,1.33,0,1,0.4,2.13,0.8,0.08,1.2,1.3,3.04,1.15,1.67,0.95,3.95,1.5,0.67,1,1.75,2
2025-11-19T07:00:00.000Z,3.92,0,6.4,1.23,6.75,2.64,0.5,1.8,10.23,4.3,4.47,5.01,1.98,13.96,5.83,3.49,15,1,11
2025-11-14T19:00:00.000Z,1.2,0.1,1.09,0.3,1.86,1.1,5.83,2,1.95,1.4,1.55,1.75,,,,1.2,2,2,
2025-11-17T16:00:00.000Z,0.8,0,0.9,0.25,1.01,0.6,0.04,0.99,0.9,1.67,0.95,1.1,0.6,3.1,0.42,0.47,9.84,0,1
2025-11-21T04:00:00.000Z,3.33,0,2.97,0.4,,3.03,0.13,0.54,1.5,2.07,1.8,,0.56,,,0.43,0,0,2
2025-11-25T10:00:00.000Z,0.8,0,0.6,0.3,,1.1,,0.4,,1.83,0.68,1.27,0.6,,5.75,0.62,0,0,0.25
2025-11-22T11:00:00.000Z,6.23,0.1,6.99,0.82,10.95,4.54,4.67,1.83,7.1,7.89,6.2,9.21,2.7,,14.67,5.27,3,4,19
2025-11-16T22:00:00.000Z,15.8,0,18.31,1.27,18.58,1.5,,4.05,15.02,11.67,12.1,22.32,5.8,13.48,5.67,7.94,13,39,20.13
2025-11-18T02:00:00.000Z,1.4,,1.05,0.3,,0.8,0.08,,1.38,1.74,1.29,,0.8,5.63,,0.85,1,0,2.25
2025-11-20T01:00:00.000Z,1.2,,2.31,1.08,,5.5,0.04,,1.2,1.37,3.72,,1.33,10.05,,2.3,4.33,0,0.75
2025-11-22T07:00:00.000Z,5.67,0,6.6,0.9,12.21,2.82,2.83,0.73,6.78,6.72,5.63,8.23,1.8,,10.09,3.95,1.33,1,14.67
2025-11-22T09:00:00.000Z,5.97,0,6.85,0.75,11.85,2.33,6.75,0.8,6.8,7.65,5.75,8.43,2.7,,7.17,4.44,2,1.25,17.33
2025-11-24T00:00:00.000Z,18.65,0,20.65,2.03,,12.68,,3.5,,5.62,8.65,,6.35,,,9.75,13.63,76.5,31
2025-11-24T20:00:00.000Z,0.5,0,0.35,0.3,0.89,0.62,,0.65,,1.42,0.7,0.8,2.33,,,0.25,4,31,0
2025-11-26T02:00:00.000Z,1.2,,0.8,0.76,,0.1,,,,1.2,2.2,,0.6,,,0.85,5.67,0,0.4
2025-11-26T15:00:00.000Z,2.13,0,1.48,0.6,4.7,4.42,0.67,1.8,1.89,3.22,1.77,3.8,0.95,5.75,1,1.36,2,0,3.5
2025-11-13T12:00:00.000Z,2.6,0.1,2.15,0.32,,1.4,,0.9,,1.2,1.83,1,,,0.67,2.36,21,2.25,
2025-11-19T23:00:00.000Z,2.1,0.1,2.08,1.11,,6.26,0,3.13,4,2.2,1.85,,2.65,13.13,22,1.07,6,3.33,4.75
2025-11-22T04:00:00.000Z,5.27,0,6.3,0.88,,3.22,2.25,0.73,5.84,5.73,4.9,,1.6,,,3.53,9.67,3.33,13.33
2025-11-23T13:00:00.000Z,4.3,0.1,4.13,0.93,6.47,4.9,0.42,1.7,6.35,6.43,3.53,6.8,3.2,10.81,23.83,4.61,7.33,48.63,17
2025-11-23T22:00:00.000Z,14.25,0.06,16.27,1.92,39.35,12.82,,3.78,,10.5,9.39,21.77,6.03,,5.34,7.63,12.5,77.25,32.17
2025-11-14T15:00:00.000Z,2.3,0.1,,0.4,2.63,1.98,2.54,1.4,2.47,1.62,2.03,3.5,,3.22,2.83,1.8,4,5.67,
2025-11-16T02:00:00.000Z,4.1,,4.2,0.63,,4.3,,,,5.05,3.05,,,9.85,,3.1,69,1.5,8.5
2025-11-17T05:00:00.000Z,4.5,0,3.17,0.82,,4.28,0.08,2.1,13.25,4.48,2.3,5.63,2.44,7.49,,2.75,9.16,2.5,6
2025-11-20T04:00:00.000Z,2.6,0,5.38,0.8,,5.5,0.21,1.38,8.52,2.82,3.83,,1.99,16.08,,3.37,6.5,1,8
2025-11-17T22:00:00.000Z,1.3,0,1.1,0.55,1.9,0.77,0.08,0.7,1.27,2.15,1.3,1.87,0.93,3.95,1.83,0.8,19,0,2
2025-11-23T09:00:00.000Z,6.3,0.08,9.77,1.65,9.38,6.15,0.33,2.3,8.7,8.85,6.8,9.52,4.32,14.6,27.5,4.73,13,5.67,23
2025-11-25T00:00:00.000Z,1.97,0,0.77,0.32,,1.25,,0.4,,1.35,1.1,,0.7,,,0.55,0,29,0.5
2025-11-27T00:00:00.000Z,2.6,0,2.28,0.8,,1.65,2.08,1.7,,3.34,2.3,,1.3,,,2.01,1,41.25,5
2025-11-13T23:00:00.000Z,3.97,0.1,2.9,1.09,,0.49,,3.5,,3.92,3.17,,,1.1,7.33,2.83,8,3.25,8
2025-11-14T03:00:00.000Z,3.07,,,0.7,,1.72,0.04,,,3.58,2.58,,,4.5,,3.01,23,2.5,8.75
2025-11-15T00:00:00.000Z,1.3,0.1,1.2,0.2,,0.81,0,0.6,1.9,1.32,1.7,,,,,1.08,12.67,1.33,0
2025-11-17T13:00:00.000Z,0.9,0,1.14,0.9,0.9,2.33,,1.52,0.8,1.55,0.84,1.1,1,2.35,14.67,0.49,13,0,0
2025-11-23T07:00:00.000Z,7.17,0,9.7,2.25,11.26,4.7,0.29,2.6,10.5,8.04,7.93,9.91,4.13,19.08,33.67,4.44,14.88,8.25,20
2025-11-25T07:00:00.000Z,1.7,0,1.23,0.31,6.88,2.88,,0.56,,1.99,1.7,3.1,2.75,,,1.05,0.33,0,2
2025-11-26T17:00:00.000Z,,0,1.7,0.6,6.18,2.33,1.25,4.4,4.07,4.5,1.8,4.3,,6.38,1,1.79,1,0,4.6
2025-11-14T02:00:00.000Z,,,3.3,0.84,,1.38,,,,2.78,2.58,,,4.79,,3.07,19.5,2.75,9
2025-11-14T14:00:00.000Z,3.33,0.1,,0.5,3.3,2.48,1.71,1.4,2,1.69,2.55,4.84,,3.42,5.83,2.55,4,3.84,
2025-11-17T19:00:00.000Z,1.2,0,1,0.35,1.49,1.02,0.25,1.12,1.09,3.08,1.13,1.54,0.8,3.88,0.75,0.6,1,3.5,2
2025-11-18T19:00:00.000Z,5.57,0,6.13,1.02,9.79,8.57,1.17,2.69,4.57,9.05,4.68,8.53,2.97,14.46,23,3.62,39.5,3,11.25
2025-11-22T00:00:00.000Z,4.6,0,5.53,0.73,,2.72,1.58,0.77,,4.97,4.22,,1.4,,,2.2,12,16,9
2025-11-14T00:00:00.000Z,5.1,0.1,3,1.08,,0.9,,3.04,,3.58,3.76,,,1.1,,2.95,8.5,3,8.5
2025-11-25T17:00:00.000Z,2.05,0,1.7,0.8,3.65,7.28,0.13,1.5,,3.1,1.37,3.19,1.2,,3.25,1.1,14,0,2.2
2025-11-13T19:00:00.000Z,2.42,0.1,2.58,0.9,3.04,1.52,,4.25,,2.94,2.3,3.33,,3.28,6,3.07,4,5.25,6.88
2025-11-16T08:00:00.000Z,6.2,0,6.68,0.8,6.8,8.09,,1.38,,5.06,4.43,7.8,3.03,9.07,8.09,3.84,7.33,1,10.25
2025-11-20T03:00:00.000Z,6.43,,6.65,0.84,,4.47,0.04,,,2.03,4.08,,2.3,6.19,,3.71,7.67,1,10.88
2025-11-23T02:00:00.000Z,7.6,,12.52,1.58,,2.64,2.67,,15.75,10.09,8.55,,4.28,22.1,,5.35,41,69.25,22.33
2025-11-14T06:00:00.000Z,2.63,0,,0.56,3.47,1.12,,1.3,,4.44,2.65,3.97,,1.8,5,2.24,5.33,2,7.25
2025-11-15T11:00:00.000Z,0.8,0.1,0.75,0.1,1.35,1.34,0.04,0.6,,0.92,1.15,0.93,,2,,0.8,1,0,0
2025-11-19T20:00:00.000Z,4.6,0.03,4.22,1.4,8.71,8.21,0.17,3.33,9.55,11.03,4.53,7.79,3.35,25.5,18.33,3.12,17.75,4,11.25
2025-11-25T05:00:00.000Z,1.73,0,1.33,0.3,,3.65,,0.4,,1.88,1.5,2.64,0.8,,,0.98,0,0,1.25
2025-11-23T05:00:00.000Z,7.9,0,11.18,1.95,,3,1.17,2.59,11.84,9.43,8.73,10.95,3.94,18.27,,5.18,15.5,19.33,25
2025-11-24T03:00:00.000Z,8.13,,3.3,1.6,,3,,,,2.09,2.15,,3.9,,,1.04,7,21.67,2.88
2025-11-14T04:00:00.000Z,3.07,0.04,,0.6,,1.19,,1.67,,3.68,2.72,,,5.35,,2.64,12.5,2.5,7.25
2025-11-18T00:00:00.000Z,1.3,0,0.93,0.4,,0.95,0.13,0.5,1.2,1.78,1.1,,0.9,5.1,,0.72,1,0,2
2025-11-20T20:00:00.000Z,2.2,0,1.4,0.65,3.85,5.71,27.04,2.28,1.92,4.15,1.51,3.2,1.2,6.85,3,0.92,2,1.25,4.25
2025-11-19T13:00:00.000Z,1.57,0.1,1.88,0.7,1.8,4.45,0.25,1.58,,2.83,1.88,2.37,2.08,7.43,13.75,1.66,76,1,3.75
2025-11-20T10:00:00.000Z,1,0,1.1,0.5,1.5,1.7,0.04,0.9,1.48,2.44,1.13,1.53,0.9,4.94,3.33,0.82,44.25,0,1
2025-11-22T15:00:00.000Z,6.07,0.1,7.18,0.9,13.65,4.13,4.75,1.99,8.43,8.39,5.7,9,2.38,,9.67,5.29,14.75,1.75,18
2025-11-22T16:00:00.000Z,6.33,0.1,7.22,1.15,13.72,4.4,4,2.6,9.13,8.75,5.93,9.09,2.55,,14.25,5.05,13,2.67,15.67
2025-11-13T11:00:00.000Z,1.6,0.1,2,0.32,,1.99,,1.1,,1.5,1.88,1.2,,,3.42,2.37,18.63,2.67,
2025-11-18T06:00:00.000Z,2.64,0,1.9,0.47,4.15,1.58,0.25,0.3,2.48,3.14,1.99,3.51,0.85,7.3,0.67,1.5,1.33,0,4.88
2025-11-18T22:00:00.000Z,6.9,0.1,8,1.47,11.27,7.08,1.17,2.05,,14.26,6.13,11.35,3.2,16.24,24.67,5.13,31.5,3.67,15.75
2025-11-19T11:00:00.000Z,3.34,0.1,3.9,0.68,3.64,4.23,0.08,1.75,,4.26,3.1,4.73,2.92,8.68,11.17,3.42,9,2,8.5
2025-11-24T07:00:00.000Z,0.43,0,0.6,0.63,6.5,0.5,,0.9,6.17,0.55,0.5,1.25,3.08,,1,0.43,0,0,1
2025-11-24T21:00:00.000Z,0.53,0,0.35,0.2,1.08,0.56,0.42,0.57,,2,0.4,1,1.27,,,0.25,1,61.25,0
2025-11-25T03:00:00.000Z,2.32,,1.74,0.32,,1.6,,,,1.2,1.88,,1,5.32,,0.97,0,2,2
2025-11-25T11:00:00.000Z,0.9,0,0.78,0.29,1.75,1.62,116.92,0.79,,1.7,0.85,1.57,0.6,3.96,1,0.7,0,0,0.5
2025-11-15T22:00:00.000Z,3.4,0.1,3.47,0.6,3.71,1.96,0.13,2.1,,6.62,3.38,5.02,,10.98,5.92,3.4,13.75,0.75,8
2025-11-16T11:00:00.000Z,6.27,0,6.93,0.65,10.48,4.51,76.41,1.2,3.88,3.29,2.83,5.67,3.2,9.31,12,3.69,6,1,10.25
2025-11-20T15:00:00.000Z,1.32,0.1,1.2,0.47,1.7,1.92,0.04,0.7,,2.54,1,1.6,0.59,5.3,,0.61,4,0,2
2025-11-23T06:00:00.000Z,7.73,0,10.75,2.35,11.91,3.95,0.5,2.58,20.88,7.83,8.5,11.34,4.05,18.48,27.75,4.87,16,11.67,24.33
2025-11-14T18:00:00.000Z,1.3,0.1,1.36,0.28,2.17,1.2,0.33,1.6,1.96,1.38,1.58,1.77,,,0.17,1.4,2,2,
2025-11-21T00:00:00.000Z,1.5,0,1.4,0.45,,2.58,0.08,1.13,1.83,1.89,1.5,,0.88,,,0.73,1,0,2.5
2025-11-21T23:00:00.000Z,4.37,0.1,4.9,0.93,,2.97,2.33,0.8,4.67,4.79,3.88,,1.47,,1,1.7,3,18.67,9
2025-11-27T07:00:00.000Z,3.83,0,4.1,0.85,10.42,3.45,2.17,1,4.64,5.1,3.47,5.9,2.1,,3.33,2.86,1.67,0,8.25
2025-11-13T15:00:00.000Z,1,0.2,0.93,0.21,,0.85,,2.08,,1.42,1.02,1.38,,,0.5,0.88,4.33,14,
2025-11-23T10:00:00.000Z,7.63,0.1,6.2,1.27,10.54,4.6,0.83,1.99,6.5,8.59,7.55,10.95,4.07,12.68,25.75,4.31,10.33,5.67,20
2025-11-24T08:00:00.000Z,0.5,0,0.7,0.38,7.82,0.3,,0.7,,0.53,0.44,1.88,1.1,,,0.5,0,0,1
2025-11-24T16:00:00.000Z,1.33,0,0.9,0.47,3.3,0.8,,0.4,,0.9,1.15,1.63,1.42,,6.33,0.72,5.33,17.67,2
2025-11-17T17:00:00.000Z,0.69,0,0.7,0.24,0.93,0.8,0.42,1.05,0.89,2.05,0.9,1.15,0.85,3.2,0.17,0.45,3.67,0,1
2025-11-18T12:00:00.000Z,3.2,0,2.91,0.6,4.36,2.94,1.42,0.5,3.85,3.8,3.05,3.96,2.08,8.62,4.5,2.27,8,0.75,6
2025-11-25T23:00:00.000Z,0.94,0,3.98,0.7,,5.97,,3.46,,1.44,2.8,,1.2,,30.84,2.17,11.75,0.67,0.75
2025-11-26T10:00:00.000Z,2.03,0,,0.43,5.33,4.08,,2.1,1.2,2.95,1.6,2.97,0.8,,5,0.88,0,0,2.75
2025-11-15T16:00:00.000Z,0.7,0.1,0.7,0.25,1.3,0.67,0.17,0.4,,1.72,0.8,1.05,,2.5,,0.6,44.25,0,0
2025-11-15T21:00:00.000Z,2.8,0.1,2.53,0.49,2.57,1.59,0.17,2.3,,15.72,3.97,3.53,,12.57,4,2.78,13.67,0,5.5
2025-11-15T23:00:00.000Z,3.35,0.1,3.3,0.73,,3.29,0.09,2,,6.4,2.95,,,7.93,5.75,2.89,11.33,1,7.75
2025-11-17T12:00:00.000Z,1.13,0,0.9,0.85,1.19,6.8,,1.44,0.85,2.38,0.98,1.8,1.2,2.94,11.84,0.72,5.84,0,0
2025-11-25T14:00:00.000Z,0.5,0,0.3,0.25,1.17,0.41,2.96,0.85,,1.48,0.6,1,0.4,,1,0.22,1.33,0,0
2025-11-13T18:00:00.000Z,2.2,0.1,2.34,0.77,2.8,1.1,,3.47,,3.39,1.8,3.43,,1,4.92,1.9,3,7.5,5.25
2025-11-16T04:00:00.000Z,2.4,0,2.3,0.5,,3.48,,1.4,,2.51,2.2,,,4.79,,1.78,30.5,1.25,5.38
2025-11-20T00:00:00.000Z,1.19,0,0.7,0.95,,5.85,0.04,2.6,2.04,1.77,0.9,,1.85,11.15,,0.43,4.33,1.67,1
2025-11-22T20:00:00.000Z,9.67,0,12.9,1.75,13.12,5.4,1.5,5.22,31.82,10.73,10,14.82,4.8,35.15,36.92,6.39,9,20.84,28
2025-11-14T23:00:00.000Z,1.3,0.1,1.4,0.3,,0.92,0.08,0.63,1.55,1.33,1.9,,,,,1,8,2.67,0
2025-11-23T04:00:00.000Z,7.2,0,11.67,1.85,,2.78,1.67,2.95,12.54,8.5,7.55,,3.7,18.91,,4.89,18,34.5,23
2025-11-24T13:00:00.000Z,0.5,0,0.79,0.3,0.89,0.31,,0.4,,0.64,0.63,0.9,1.35,,1.25,0.52,8,8,2
2025-11-13T08:00:00.000Z,2.83,0.1,2,0.88,5.2,1.36,0.13,1.4,,4.38,2.42,5.75,,,10.67,2.2,13.33,5,7.38
2025-11-13T14:00:00.000Z,0.93,0.1,0.8,0.25,,1.29,,1.45,,1.47,0.95,1.23,,0.99,0.5,0.81,5.67,5.33,
2025-11-24T04:00:00.000Z,0.4,0,0.3,0.7,,2.8,,2.47,,1.18,0.3,,2.19,,,0.2,5,10.67,0
2025-11-20T08:00:00.000Z,1.3,0,1.17,0.82,1.59,4.25,0.17,1.24,1.27,2.38,1.3,1.9,1.35,9.32,8,0.61,4.34,0,1.13
2025-11-24T18:00:00.000Z,2.1,0,1.63,0.6,15.58,4.76,,0.5,,8.09,1.5,2.4,2.38,,,1.4,36,15,4.25
2025-11-26T00:00:00.000Z,1.3,0,3.72,0.7,,5.95,,2.75,,1.67,2.33,,0.8,,,3.25,12.13,0,1
2025-11-13T22:00:00.000Z,4.1,0.1,2.5,1.17,4.5,0.8,0.17,4.05,,5.36,2.88,9.19,,1.2,4,2.48,8.67,3,10
2025-11-15T03:00:00.000Z,1.57,,1.63,0.3,,1.31,0.08,,3.7,1.3,2.3,,,,,1.35,52.5,0,0
2025-11-17T10:00:00.000Z,2.64,0,1.5,0.86,6.27,8.23,,2.4,7.79,3.12,1.89,3.45,1.91,6.14,12.84,1.09,10,0.75,1
2025-11-17T11:00:00.000Z,1.83,0,1.2,0.82,2.22,5.31,,1.8,1.1,2.01,1.27,2.7,1.45,4.85,14.09,0.8,42,0.25,1
2025-11-21T12:00:00.000Z,2.25,0.1,2.22,0.39,4.2,1.02,1.75,0.93,2.39,3.19,2.1,3.3,1.01,,3.84,1.09,48.75,0,4
2025-11-23T01:00:00.000Z,7.57,,12.55,1.6,,3.7,2.04,,21.67,8.63,8.48,,4.32,27.92,,6.21,42.25,42.75,23.33
2025-11-23T16:00:00.000Z,4.92,0.1,4.18,1.3,9.77,8.24,0.08,1.75,13.42,8.73,4.68,7.02,5.32,22.04,30.17,4.79,5.67,50.25,16.75
2025-11-23T18:00:00.000Z,9.93,0.1,10.4,1.3,13.73,10.84,0.04,3.2,12.38,9.48,8.13,14.98,9.07,,38,6.4,48.75,38.67,34
2025-11-14T16:00:00.000Z,1.5,0.1,1.37,0.3,2.49,1.67,1.33,1.45,1.8,1.51,1.58,2.1,,2.99,0.5,1.5,2.17,4,
2025-11-17T15:00:00.000Z,0.6,0,,0.2,0.83,1.2,0.04,1.15,0.62,1.15,0.7,0.81,0.68,2.7,,0.38,48,0,0
2025-11-19T12:00:00.000Z,2.58,0.1,2.38,0.65,2.67,4.35,0.08,2.01,,3.4,2.75,3.34,3.05,7.84,13.75,2.15,87,1.5,5.25
2025-11-20T06:00:00.000Z,1.8,0,5.82,0.98,4.27,4.79,0.09,1.02,3.47,2.25,3.53,2.1,1.4,18.37,13,2.95,6,1,3
2025-11-26T20:00:00.000Z,3,0,2.3,0.75,5.91,2.12,1.08,4.9,3.05,3.94,2.3,5.18,,4.82,1,1.83,2,16.67,6
2025-11-26T13:00:00.000Z,2.1,0,1.67,0.45,2.95,3.12,0.04,1.67,1.53,3.25,1.8,3.5,1,,3.67,1.64,4,0,4.5
2025-11-27T03:00:00.000Z,3.01,,2.92,0.63,,2.05,2,,,3.88,2.8,,1.33,,,2.13,1,1.67,6.5
2025-11-20T13:00:00.000Z,,0.09,0.93,0.4,1.5,1.13,0.08,0.52,,1.97,0.9,1.37,0.63,4.82,2,0.44,1,0,1
2025-11-16T09:00:00.000Z,6.19,0,6.32,0.75,6.79,6.32,,1.38,,4.47,3.75,6.97,2.6,8.98,14.42,3.62,7.33,1,8.75
2025-11-17T18:00:00.000Z,0.9,0,0.82,0.3,1.01,1.6,0.25,1,0.9,2.78,1.02,1.33,0.77,3.21,1.59,0.69,3.67,1,1
2025-11-23T08:00:00.000Z,7.84,0,9.75,1.65,10.48,6.53,0.08,2.53,8.77,6.5,7.6,11,4.62,16.88,38.75,4.7,13.75,6,22.33
2025-11-26T05:00:00.000Z,1.14,0,0.93,0.4,,1.27,,1.5,,1.27,1.05,2.32,0.3,,,0.55,0.67,0,0.88
2025-11-15T08:00:00.000Z,1.4,0.1,1.57,0.4,2.78,1.96,0.08,0.6,2.32,1.38,2,1.97,,3.35,0.75,1.38,5.17,0,0
2025-11-19T10:00:00.000Z,4.8,0.1,4.64,0.87,5.93,3.96,0.08,1.77,,6.95,3.57,7.05,2.83,7.94,11.83,3.88,8.5,1.75,13.75
2025-11-26T07:00:00.000Z,2.8,0,1.97,0.65,5.14,1.6,0.09,1.38,1.98,2.9,2.15,3.6,1.17,,3,1.25,0,0,4
2025-11-20T14:00:00.000Z,,0.1,1.1,0.3,1.63,1.13,0.08,0.5,0.5,2.92,0.94,1.39,0.63,4.85,1.75,0.4,15.25,0,1.25
2025-11-18T05:00:00.000Z,2.38,0,1.7,0.4,,1.29,0.13,0.3,2,2.44,1.85,3.22,0.85,7.2,,1.27,1,0,4
2025-11-25T06:00:00.000Z,1.83,0,1.6,0.3,4.36,3.53,,0.43,,2.19,1.5,3.26,0.9,,1,1.15,0.33,0,2
2025-11-21T07:00:00.000Z,3.6,0,2.9,0.5,3.66,3.6,0.25,0.82,2.65,4.07,2.49,3.67,1.2,,0,1.02,0,0,4.5
2025-11-15T17:00:00.000Z,1.49,0.1,,0.3,1.53,1.4,,0.6,,2.79,1.19,2.25,,5.7,1,1.2,186.5,0,0
2025-11-18T03:00:00.000Z,1.8,,1.2,0.4,,1,0.08,,1.4,2,1.38,,0.8,5.43,,0.92,1,0,2.75
2025-11-18T08:00:00.000Z,3.93,0,3.03,0.6,7.2,2,0.08,0.45,4.1,5.26,2.95,5.15,1.83,8.32,3,1.92,4,0.75,7
2025-11-18T21:00:00.000Z,7.24,0,6.85,1.35,13.44,9.28,1.42,1.94,15.63,14.6,5.25,10.85,3.28,19.9,23,4.77,16,2.67,17.63
2025-11-16T06:00:00.000Z,3.97,0.1,4.6,0.75,3.73,6.3,,1.4,,2.69,3.69,4.9,,5.75,6,3.03,19.75,1,8.25
2025-11-20T09:00:00.000Z,1.07,0,0.8,0.85,1.32,0.9,0.04,1.2,1.12,2.08,1.08,1.43,1.09,4.78,5.5,0.6,1.67,0,0.5
2025-11-25T02:00:00.000Z,2.3,,1.82,0.3,,1.55,,,,1.91,1.98,,0.9,,,0.84,0,5.67,2.25
2025-11-26T09:00:00.000Z,2.43,0,1.77,0.37,6.14,3.78,0.09,1.83,1.59,2.8,2,3.29,0.9,,5.67,1.33,0,0,3
2025-11-20T05:00:00.000Z,3.27,0,6.82,0.88,,4.67,0.04,1.17,,2.13,3.8,2.4,1.6,14.25,,3.68,6.33,1,10
2025-11-20T11:00:00.000Z,1,0,1.3,0.4,1.57,1.7,0.08,0.8,1.1,2.1,1.1,1.4,0.8,4.78,1,0.93,11,0,1.13
2025-11-22T23:00:00.000Z,8.23,0,13.21,1.75,15.9,4.07,2.13,5.13,22.54,12.05,9.35,,4.47,35.5,35.67,6.4,19.5,33,28.33
2025-11-24T05:00:00.000Z,0.4,0,0.2,0.4,,1.17,,1.79,,0.6,0.3,1.33,1.38,,,0.14,1,4.5,0
2025-11-13T13:00:00.000Z,0.7,0.1,0.9,0.25,,1.3,,0.8,,1.48,0.99,1.2,,,0.5,1.07,9.67,2.33,
2025-11-15T14:00:00.000Z,0.6,0.1,0.7,0.2,1,0.49,,0.4,,1.41,0.9,0.8,,1.99,,0.4,5.67,0,0
2025-11-15T15:00:00.000Z,0.6,0.1,0.6,0.2,1.1,0.49,,0.4,1.15,1.19,0.73,0.8,,2.2,0.5,0.5,45.75,0,0
2025-11-18T14:00:00.000Z,2.17,0,2.45,0.65,3.83,3.25,1.29,0.5,5.17,3.62,2.17,3.53,1.59,8.82,4,2.16,4,0.5,4.75
2025-11-15T05:00:00.000Z,2.33,0.1,2.4,0.32,,1.45,0.08,0.5,2.53,1.55,2.94,3.14,,,,1.95,24.25,0,0.5
2025-11-21T01:00:00.000Z,1.6,,1.3,0.4,,1.38,0.04,,1.57,1.93,1.42,,0.75,,,0.68,0.67,0,2.25
2025-11-22T13:00:00.000Z,6,0.3,6.8,0.6,9.93,3.55,4.33,1.85,6.25,8.44,5.36,9.25,2.47,,9.67,5.59,3.33,2.67,17
2025-11-26T11:00:00.000Z,1.87,0,1.5,0.4,3,4.19,0.08,1.9,1,3.19,1.73,3.44,0.86,,3.17,1.32,2,0,3
2025-11-16T20:00:00.000Z,12.7,0,15.95,0.9,23.85,2.4,0.13,3.8,12.79,7.15,8.65,18.4,3.96,15.74,7.83,9.69,10,49.25,17.75
2025-11-17T04:00:00.000Z,6.15,0,6.03,1.1,,3.72,0.13,2.33,10.28,4.14,2.72,,2.42,7,,4.63,12.33,3.67,6.75
2025-11-17T08:00:00.000Z,4.03,0,3.35,0.9,13.45,6.95,0.17,1.79,13.27,6.45,3.37,6.03,2.1,5.97,11,2.89,3,0.75,5
2025-11-24T23:00:00.000Z,0.75,0,0.7,0.3,,0.66,,0.4,,1.49,0.9,,0.7,,0.34,0.62,0,44.33,1
2025-11-21T16:00:00.000Z,,0.1,3.8,0.4,4.38,0.86,0.5,1,3.95,4.42,2.75,4.72,,,0.09,0.72,98.67,0,5.5
2025-11-16T13:00:00.000Z,2.38,0,2.63,0.3,3.08,3.5,14.21,1.1,4.72,2.05,1.5,2.9,2,4.77,7.75,1.36,3,33,2.5
2025-11-19T19:00:00.000Z,5.3,0,5.8,0.9,6.45,6.07,0.5,3.3,,7.89,4.24,10.72,3.32,26.83,9.33,4.33,37,3.84,19.38
2025-11-19T22:00:00.000Z,2.9,0.1,2.55,0.98,5.3,6.25,0.25,3.5,5.93,3.57,2.42,3.98,3.35,14.99,26.17,1.36,15,4.33,6.5
2025-11-25T13:00:00.000Z,0.5,0,0.68,0.3,1.58,1.62,14.46,1.15,,1.54,0.59,0.7,0.42,,0.5,0.65,0,0,0
2025-11-23T14:00:00.000Z,3.6,0.1,3.1,0.9,6.75,4.35,0.63,1.48,6.21,6.04,3,5.86,2.75,,21,4.05,6.33,44.25,11.25
2025-11-25T01:00:00.000Z,2.2,,1.41,0.38,,1.72,0.25,,,1.62,1.7,,0.82,,,0.77,0,13.67,2
2025-11-26T18:00:00.000Z,2.88,0,2.17,1.02,6.68,4.09,1.17,4.54,2.62,4.01,2.2,4.87,,5.44,1,1.88,3.33,0,5.75
2025-11-13T20:00:00.000Z,3.8,0.1,3.3,1,4.27,1.3,,4.29,,4.09,3.12,8.4,,2.35,3.67,3.92,20.63,4,10
2025-11-15T06:00:00.000Z,1.9,0.1,2.1,0.38,3.7,1.45,0.08,0.45,3,1.5,2.95,2.45,,3.83,1,1.65,7,0,0
2025-11-16T19:00:00.000Z,8.73,0,12.6,0.68,11.56,4.09,,3.05,14.2,5.82,6.35,12.97,3.38,16.83,7.67,6.32,8,48.75,17.25
2025-11-21T08:00:00.000Z,3.35,0,3.3,0.77,4.38,2.25,0.5,0.9,3.05,3.65,2.8,3.88,1.1,,,1.27,0,0,6.75
2025-11-19T18:00:00.000Z,4.88,0.05,4.53,0.95,7.7,5.63,0.71,3.3,20.52,12.33,4.28,7.18,3.3,19.85,17,3.24,211.5,3,13.5
2025-11-21T02:00:00.000Z,3,,2.3,0.4,,1.7,0.25,,1.52,2.17,1.75,,0.7,,,0.68,0,0,3.25
2025-11-25T09:00:00.000Z,0.47,0,0.38,0.55,1.94,3.2,,0.7,,1.68,0.5,0.84,0.75,4.2,9.33,0.6,0,0,0
2025-11-26T21:00:00.000Z,2.6,0,2.1,0.88,5.43,2.78,1.5,5.3,,3.23,2.13,4.25,,4.5,1,2.05,1.67,20.67,5.5
2025-11-21T15:00:00.000Z,3.33,0.1,3.13,0.47,4.14,0.9,0.5,1.1,3.65,3.8,2.45,4.07,1.05,,1,0.99,185.25,0,4.25
2025-11-23T03:00:00.000Z,6.43,,11.88,1.55,,3.44,2,,15.27,9.74,8.15,,3.88,18.88,,5.34,25.25,52,25
2025-11-27T01:00:00.000Z,2.63,,2.45,0.8,,1.67,1.83,,,3.44,2.5,,1.23,,,2.12,1,18.67,5.5
2025-11-27T06:00:00.000Z,3.7,0,3.13,0.77,10.43,3.35,1.5,0.88,4.93,4.9,2.92,5.01,1.38,,1,2.3,1,0,6.75
2025-11-15T07:00:00.000Z,1.8,0.1,1.83,0.49,3.5,1.65,0.08,0.55,2.7,1.44,2.7,2.45,,4.11,0.09,1.76,4,0,0
2025-11-16T10:00:00.000Z,1.2,0,3.97,0.75,1.53,7.15,1.96,1.3,2.65,1.67,3.06,1.9,2,10.32,15.34,2.81,5.33,1,1
2025-11-20T19:00:00.000Z,1.8,0,1.6,1,3.95,4.02,58.88,1.79,1.9,3.23,1.48,2.7,1.5,7.41,10.83,0.75,2.17,0,3
2025-11-20T22:00:00.000Z,2.2,0,1.7,0.57,1.79,3.56,2.38,1.6,2.1,3.57,1.42,2.8,1.1,,2,0.88,5.67,0,3.88
2025-11-19T00:00:00.000Z,7.93,0,9.13,1.35,,3.33,1.08,1.7,,12.15,6.3,,3.59,14.15,,4.55,201.38,4.75,17.75
2025-11-21T06:00:00.000Z,3.97,0,2.67,0.38,3.72,4.15,0.04,0.5,2.42,4.4,2,3.4,0.57,,1,0.64,0,0,3.25
2025-11-25T04:00:00.000Z,1.9,0,1.34,0.3,,2.45,,0.5,,1,1.5,,0.9,,,0.77,0,0.13,2
2025-11-19T01:00:00.000Z,7.69,,8,1.27,,7.71,1.33,,,10.82,6.03,,3.78,10.81,,4.84,159.25,5,17.5
2025-11-20T07:00:00.000Z,2,0,2,0.79,4.8,3.88,0.25,1.05,3.4,2.6,2.59,2.48,1.17,15.57,12.25,2.94,5,0.25,2.5
2025-11-15T20:00:00.000Z,2.57,0.1,2.38,0.65,2.3,1.96,0.08,2.65,,13.15,3.35,3.47,,9.07,5,3.28,44.25,0,6
2025-11-16T07:00:00.000Z,6.6,0,7.65,0.8,7.38,7.59,,1.45,,5.1,4.35,8.18,,9.08,7,3.65,9.84,1,10
2025-11-17T06:00:00.000Z,2.43,0,2.1,1.08,7.93,4.13,0.04,1.92,8.63,4.5,2,4.83,2,6.53,5.33,2.87,6,1.75,2.13
2025-11-18T18:00:00.000Z,5.03,0.1,5.28,0.97,8.57,9.7,1.33,1.9,,7.29,4.1,7.7,4.15,14.57,23.09,3.05,24.5,5,10.75
2025-11-14T21:00:00.000Z,1.3,0.1,1.25,0.2,2.22,0.92,0.17,0.9,1.81,1.42,1.6,1.58,,3.1,,1.07,11.67,3.67,
2025-11-19T21:00:00.000Z,5.83,0.1,5.94,1.13,8.52,7.74,0.25,3.55,13.2,8.59,5.43,8.82,3.97,21.42,24.83,3.79,13.75,4.67,17
2025-11-21T17:00:00.000Z,,0.1,4.18,0.52,6.65,1.4,0.75,0.9,4.55,4.54,2.82,4.56,,,,1.14,54.38,41.67,6.25
2025-11-20T23:00:00.000Z,1.5,0,1.4,0.7,,2.13,0.67,1.3,1.8,2.2,1.64,,0.98,,1.17,0.74,2,0,2.5
2025-11-22T19:00:00.000Z,8.05,0,9.7,1.88,18.33,3.91,1.58,5.99,17.93,8.9,7.93,11.81,4.88,34.35,38,5.47,8.67,35.33,20.33
2025-11-26T14:00:00.000Z,2.3,0,1.6,0.6,4.39,4.56,0.08,1.32,1.9,3.73,1.83,4.59,0.99,5.44,0.83,1.58,3.67,0,4
2025-11-21T19:00:00.000Z,,0.1,3.45,0.49,7.07,1.74,70.83,1.39,,4.42,3.17,5.14,,,3.75,1.88,27.75,38.71,7.25
2025-11-15T01:00:00.000Z,2.2,,2,0.28,,1.4,0.08,,3.85,1.69,3.03,,,,,1.72,25.5,0.67,0
2025-11-15T10:00:00.000Z,0.9,0.1,0.8,0.3,1.63,1.72,0.09,0.6,,1.04,1.2,1.23,,2.05,,0.8,1,0,0
2025-11-17T07:00:00.000Z,4.3,0,2.3,0.98,13.7,6.43,,2.1,8.76,6.04,3.1,5.99,2.63,6.96,3.75,2.03,4.67,1,4.5
2025-11-17T14:00:00.000Z,0.6,0,,0.57,0.65,1.55,0.08,1.1,0.6,1.21,0.7,1.1,0.77,2.35,7.42,0.3,42.5,0,0
2025-11-24T17:00:00.000Z,2.58,0,1.53,0.95,11.03,4.82,,0.46,,4.37,1.73,4.85,2.56,,,1.58,2,16,5
2025-11-25T22:00:00.000Z,1.67,0,5,0.65,4.43,4.13,,4.1,,1.94,1.75,1.42,1.67,,25,3.17,3,0.67,10
2025-11-27T05:00:00.000Z,3.3,0,3.05,0.7,,2.62,1.92,0.8,,4.03,2.64,5.28,1.3,,,2.17,1,0,5.25
2025-11-14T07:00:00.000Z,2.37,0.1,,0.63,3.15,1,0.09,1.45,0.7,3.89,1.98,3.68,,1.73,3.59,1.9,4,2,6.13
2025-11-19T02:00:00.000Z,6.1,,5.63,1.38,,6.55,1,,,8.72,3.92,,3.58,10.48,,4.05,186.25,5,14
2025-11-23T17:00:00.000Z,7.7,0.1,7.45,1.75,11.68,11.48,0.79,3.13,13.94,11.22,7.43,12.78,14.08,,37.33,5.46,36,43.38,29.33
2025-11-24T02:00:00.000Z,13.07,,9.52,1.69,,3.87,,,,4.23,7.3,,4.88,,,3.43,10,39,11.75