# Sensor Grenoble, France (Citizen Science project sensor.community/13222)
# https://aqicn.org/station/@60685/
# Daily pm25
date,min,max,median,q1,q3,stdev,count
2019-12-09T00:00:00.000Z,1.18,5.74,2.12,1.7,3.84,1.168,287
2019-12-10T00:00:00.000Z,1.96,7.97,2.76,2.45,4.63,1.776,373
2019-12-11T00:00:00.000Z,4.66,24.9,7.14,6.02,10.5,3.959,391
2019-12-12T00:00:00.000Z,1.23,11.57,2.83,2.16,4.4,1.978,430
2019-12-13T00:00:00.000Z,0.72,5.16,1.92,1.45,2.45,1.025,483
2019-12-14T00:00:00.000Z,1.65,24.37,9.46,2.82,13.22,6.431,346
2019-12-15T00:00:00.000Z,2.49,20.32,9.42,6.05,12.67,4.299,485
2019-12-16T00:00:00.000Z,3.97,10.4,5.65,5.05,7.59,1.69,249
2019-12-17T00:00:00.000Z,1.52,5.84,2.4,2.2,2.72,0.991,252
2019-12-18T00:00:00.000Z,3.05,9.61,5.05,4.18,6.25,1.494,408
2019-12-19T00:00:00.000Z,1.4,14.07,6.65,2.4,7.62,2.669,483
2019-12-20T00:00:00.000Z,0.3,9.77,1.63,0.76,5.08,2.714,458
2019-12-21T00:00:00.000Z,0.77,13.57,5.48,1.74,8.07,3.641,492
2019-12-22T00:00:00.000Z,0.94,5.6,2.86,1.94,3.6,1.032,490
2019-12-23T00:00:00.000Z,0.9,7.15,1.72,1.5,3.51,1.76,500
2019-12-24T00:00:00.000Z,2.4,21.66,5.18,4.21,7.59,4.08,481
2019-12-25T00:00:00.000Z,5.22,25.97,12.34,8.31,13.67,3.316,501
2019-12-26T00:00:00.000Z,5.14,13.76,9.15,7.43,9.91,1.548,508
2019-12-27T00:00:00.000Z,4.2,11.32,7.75,6.64,9.1,1.578,507
2019-12-28T00:00:00.000Z,4.44,13.8,6.84,5.96,8.46,1.678,507
2019-12-29T00:00:00.000Z,4.63,15.9,8.07,6.8,11.35,2.841,487
2019-12-30T00:00:00.000Z,7.28,65.33,13.12,12.18,14.62,7.009,501
2019-12-31T00:00:00.000Z,7.5,17.78,13.84,12.27,15.17,2.124,496
2020-01-01T00:00:00.000Z,12.9,28.7,16.55,14.95,20.53,3.438,507
2020-01-02T00:00:00.000Z,11.45,23.28,15.64,14.35,17.73,2.489,491
2020-01-03T00:00:00.000Z,9.97,24.4,17.17,15.1,18.75,2.878,466
2020-01-04T00:00:00.000Z,2,23.48,8.23,3.64,15.46,6.405,426
2020-01-05T00:00:00.000Z,3.86,16.26,6.05,4.78,9.5,3.297,472
2020-01-06T00:00:00.000Z,7.4,14.7,10.92,9.69,12.22,1.701,471
2020-01-07T00:00:00.000Z,6.86,49.42,11.02,10.19,12.72,6.715,467
2020-01-08T00:00:00.000Z,11.82,21.66,13.87,13.25,14.88,1.223,457
2020-01-09T00:00:00.000Z,2.54,16.26,9.1,7.36,10.48,2.672,473
2020-01-10T00:00:00.000Z,1.9,18.47,4.68,2.95,6.8,2.344,398
2020-01-11T00:00:00.000Z,3.44,27.44,6.46,5.38,8.59,3.683,434
2020-01-12T00:00:00.000Z,3.74,19.98,10.28,8.53,12.02,3.156,485
2020-01-13T00:00:00.000Z,6.98,17.88,10.92,9.96,11.78,1.472,416
2020-01-14T00:00:00.000Z,2.54,13.77,9.1,4.73,10.83,3.187,401
2020-01-15T00:00:00.000Z,0.87,10.68,2.75,1.57,5.15,2.453,371
2020-01-16T00:00:00.000Z,2.82,206.7,8.82,7.78,9.65,14.332,370
2020-01-17T00:00:00.000Z,1.3,11.6,6.35,5.52,8.52,2.091,345
2020-01-18T00:00:00.000Z,1.8,11.55,7.26,3.8,8.61,2.703,225
2020-01-19T00:00:00.000Z,2.2,8.38,4.36,2.95,5.46,1.47,415
2020-01-20T00:00:00.000Z,4.67,14.56,6.86,6.26,9.72,2.639,318
2020-01-21T00:00:00.000Z,9.3,21.93,13.14,11.16,15.38,2.439,411
2020-01-22T00:00:00.000Z,14.8,16.73,16.05,15.75,16.43,0.539,14
2020-01-23T00:00:00.000Z,17.8,26.36,20.16,19.57,20.86,1.513,83
2020-01-24T00:00:00.000Z,15.07,22.68,18.39,17.23,19.75,1.569,267
2020-01-25T00:00:00.000Z,10,18.82,15.19,14.32,16.19,1.821,288
2020-01-26T00:00:00.000Z,9.93,19.63,14.25,13.12,15.37,1.844,298
2020-01-27T00:00:00.000Z,1.57,18.05,11,8.59,12.7,4.208,248
2020-01-28T00:00:00.000Z,0.95,6.58,2,1.65,2.93,1.242,248
2020-01-29T00:00:00.000Z,1.3,18.03,5.73,3.64,6.68,3.095,303
2020-01-30T00:00:00.000Z,3.99,11.13,7.93,6.56,8.91,1.589,284
2020-01-31T00:00:00.000Z,3.46,15.89,11.17,8.85,11.96,2.982,279
2020-02-01T00:00:00.000Z,4.9,22.93,8.33,6.53,12.68,4.256,313
2020-02-02T00:00:00.000Z,1.27,23.05,8.21,5.65,14.08,5.393,320
2020-02-03T00:00:00.000Z,3.42,27.21,11.7,6.74,13.08,4.578,307
2020-02-04T00:00:00.000Z,0,6.98,0.48,0.25,2.82,1.754,247
2020-02-05T00:00:00.000Z,0.26,3.83,0.81,0.55,1.3,0.897,230
2020-02-06T00:00:00.000Z,2.06,12.05,4.15,3.65,5.08,2.009,231
2020-02-07T00:00:00.000Z,3.41,11.46,9.13,6.25,9.69,2.035,210
2020-02-08T00:00:00.000Z,2.77,12.48,8.48,5.4,9.24,2.328,195
2020-02-09T00:00:00.000Z,0.65,10.84,4.82,1.09,7.9,3.328,336
2020-02-10T00:00:00.000Z,0.38,3,1.1,0.76,1.6,0.524,337
2020-02-11T00:00:00.000Z,0.26,4.7,1.32,0.9,2.5,0.983,338
2020-02-12T00:00:00.000Z,0.1,12.65,1.78,0.98,3.58,2.336,344
2020-02-13T00:00:00.000Z,1.07,10.19,3.74,3.19,4.62,1.448,344
2020-02-14T00:00:00.000Z,0.35,6.88,1.66,0.79,2.49,1.292,357
2020-02-15T00:00:00.000Z,0.8,8.82,4.42,2.93,5.26,1.636,300
2020-02-16T00:00:00.000Z,2.49,12.6,6.62,5.42,7.64,1.945,352
2020-02-17T00:00:00.000Z,0.1,49.55,5.28,2.81,9.25,6.522,327
2020-02-18T00:00:00.000Z,0.38,9.36,0.95,0.76,1.75,1.762,290
2020-02-19T00:00:00.000Z,1.42,17.55,4.12,3.16,5.36,1.669,411
2020-02-20T00:00:00.000Z,0.7,11.83,5.05,3.42,5.84,1.996,449
2020-02-21T00:00:00.000Z,0.5,6.52,2.25,0.98,4.43,1.886,393
2020-02-22T00:00:00.000Z,1.88,16.84,4.21,3.09,6.1,2.027,412
2020-02-23T00:00:00.000Z,1.58,14.43,5.42,2.6,7.08,2.535,399
2020-02-24T00:00:00.000Z,1.05,25.31,4.38,2.54,5.39,4.001,464
2020-02-25T00:00:00.000Z,0.3,9.76,3.48,1.7,4.2,1.795,426
2020-02-26T00:00:00.000Z,0,1.96,0.4,0.25,0.69,0.357,355
2020-02-27T00:00:00.000Z,0.14,5.82,1.31,0.56,2.62,1.503,486
2020-02-28T00:00:00.000Z,0.3,9.15,1.52,0.91,3.02,1.85,489
2020-02-29T00:00:00.000Z,0.15,5.97,1.88,1.06,2.68,1.328,487
2020-03-01T00:00:00.000Z,0.22,3.28,1.27,0.77,1.83,0.694,498
2020-03-02T00:00:00.000Z,0,5.25,1.37,0.49,1.85,0.97,433
2020-03-03T00:00:00.000Z,0.2,2.79,0.72,0.53,0.94,0.407,374
2020-03-04T00:00:00.000Z,0.6,6.58,1.9,1.37,2.98,1.12,500
2020-03-05T00:00:00.000Z,0,8.34,3.22,1.65,4.11,1.669,500
2020-03-06T00:00:00.000Z,0.1,1.88,0.56,0.38,0.81,0.338,500
2020-03-07T00:00:00.000Z,0.53,3.25,1.44,1.19,1.86,0.501,501
2020-03-08T00:00:00.000Z,0.9,5.42,2.42,1.55,3.36,1.131,502
2020-03-09T00:00:00.000Z,0.04,7.11,0.89,0.45,2.66,1.393,490
2020-03-10T00:00:00.000Z,0.8,8.16,3.55,2.33,4.55,1.8,501
2020-03-11T00:00:00.000Z,0.82,14.15,5.07,2.35,10.73,4.066,498
2020-03-12T00:00:00.000Z,0.81,16.52,2.82,1.91,4.12,1.83,455
2020-03-13T00:00:00.000Z,0.3,2.78,0.98,0.76,1.21,0.439,475
2020-03-14T00:00:00.000Z,0.97,3.76,1.8,1.44,2.18,0.544,477
2020-03-15T00:00:00.000Z,1.32,2.99,1.95,1.72,2.21,0.308,241
2020-03-16T00:00:00.000Z,0.74,5.26,2,1.32,3.17,1.154,491
2020-03-17T00:00:00.000Z,1.28,5.22,2.54,2.13,3.64,0.969,499
2020-03-18T00:00:00.000Z,1.61,5.57,4.03,3.41,4.54,0.844,449
2020-03-19T00:00:00.000Z,1.5,8.69,3.82,2.13,5.88,1.936,485
2020-03-20T00:00:00.000Z,3.05,7.2,3.78,3.5,4.58,0.813,422
2020-03-21T00:00:00.000Z,2.98,8.02,4.68,3.91,5.45,1.099,437
2020-03-22T00:00:00.000Z,3.1,14.02,6.67,5.5,9.32,2.591,425
2020-03-23T00:00:00.000Z,3.77,7.18,5.87,5.55,6.29,0.663,421
2020-03-24T00:00:00.000Z,2.49,7.25,3.98,3.24,5.21,1.232,431
2020-03-25T00:00:00.000Z,2.1,10.43,7.21,6.4,8.72,1.922,410
2020-03-26T00:00:00.000Z,0.88,10.64,4.94,3.77,6.94,2.328,400
2020-03-27T00:00:00.000Z,7.32,18.12,10.95,9.68,14.21,2.699,364
2020-03-28T00:00:00.000Z,10.28,15.42,12.94,12.25,14.15,1.183,169
2020-03-29T00:00:00.000Z,1.76,17.2,11.69,3.87,12.98,4.752,328
2020-03-30T00:00:00.000Z,2.98,12.04,4.33,4.01,4.74,1.438,132
2020-03-31T00:00:00.000Z,4.61,8.75,6.32,5.72,6.69,0.766,301
2020-04-01T00:00:00.000Z,1.44,6.69,3.02,2.29,4.99,1.421,208
2020-04-02T00:00:00.000Z,2,6.32,3.2,2.66,3.6,0.951,424
2020-04-03T00:00:00.000Z,4.15,12.73,9.02,6.67,10.76,2.38,448
2020-04-04T00:00:00.000Z,2.29,7.3,5.43,2.87,6.3,1.672,485
2020-04-05T00:00:00.000Z,2.34,5.62,3.74,3.35,4.32,0.685,478
2020-04-06T00:00:00.000Z,3.6,6.75,4.62,4.34,5.05,0.554,419
2020-04-07T00:00:00.000Z,3.95,7.58,5.01,4.66,5.64,0.729,393
2020-04-08T00:00:00.000Z,3.64,9.36,5.41,4.86,6.52,1.235,436
2020-04-09T00:00:00.000Z,3.18,7.44,4.51,4.07,6.05,1.137,384
2020-04-10T00:00:00.000Z,2.66,7.65,3.56,3.21,5.03,1.09,464
2020-04-11T00:00:00.000Z,3.17,4.38,3.72,3.56,3.96,0.273,136
2020-04-12T00:00:00.000Z,3.3,5.12,4.03,3.8,4.25,0.318,480
2020-04-13T00:00:00.000Z,2.38,7.5,4.28,3.48,5.21,1.13,485
2020-04-14T00:00:00.000Z,1.14,7.31,3.35,1.55,5.55,1.992,461
2020-04-15T00:00:00.000Z,1.21,4.24,2.36,1.95,3.62,0.856,443
2020-04-16T00:00:00.000Z,1.42,6.8,2.7,2.06,3.88,1.314,439
2020-04-17T00:00:00.000Z,1.2,5.79,2.02,1.7,2.42,0.813,499
2020-04-18T00:00:00.000Z,1.41,5.87,3.26,2.44,3.87,0.998,507
2020-04-19T00:00:00.000Z,3.09,10.3,6.38,4.29,7.83,1.964,489
2020-04-20T00:00:00.000Z,5.09,11.99,7.68,6.28,9.16,1.695,447
2020-04-21T00:00:00.000Z,3.36,12.2,4.47,4.05,5.94,1.982,338
2020-04-22T00:00:00.000Z,1.45,7.14,3.71,2.81,4.69,1.218,372
2020-04-23T00:00:00.000Z,1.81,5.17,2.5,2.27,2.97,0.557,418
2020-04-24T00:00:00.000Z,1.6,4.59,2.88,2.29,3.44,0.682,473
2020-04-25T00:00:00.000Z,1.68,9.49,2.95,2.46,3.64,1.439,440
2020-04-26T00:00:00.000Z,1.28,20.44,2.84,2.25,3.58,2.313,473
2020-04-27T00:00:00.000Z,0.57,14.84,3.08,2.19,3.97,1.777,461
2020-04-28T00:00:00.000Z,0.05,4.38,0.94,0.6,1.34,0.9,343
2020-04-29T00:00:00.000Z,0,4.42,0.38,0.2,0.71,0.464,435
2020-04-30T00:00:00.000Z,0.5,4.75,1.27,0.85,1.95,0.839,456
2020-05-01T00:00:00.000Z,0.44,5.09,2.08,1.32,2.86,0.96,474
2020-05-02T00:00:00.000Z,0.1,6.34,2.23,0.59,3.66,1.683,472
2020-05-03T00:00:00.000Z,0.1,3.38,0.34,0.22,0.59,0.516,494
2020-05-04T00:00:00.000Z,0.2,2.25,0.8,0.5,1.12,0.413,465
2020-05-05T00:00:00.000Z,0.7,2.71,1.14,1.01,1.4,0.335,435
2020-05-06T00:00:00.000Z,0.66,7.18,1.25,1.01,1.58,1.201,520
2020-05-07T00:00:00.000Z,0.9,4.36,2.06,1.68,2.67,0.777,352
2020-05-08T00:00:00.000Z,1.28,4.17,2.04,1.66,2.66,0.653,319
2020-05-09T00:00:00.000Z,0.8,2.8,1.75,1.37,2,0.438,313
2020-05-10T00:00:00.000Z,1.7,3.54,2.46,2.18,2.77,0.397,215
2020-05-11T00:00:00.000Z,0,3.48,0.16,0.1,0.3,0.414,304
2020-05-12T00:00:00.000Z,0,7.22,0.84,0.2,3.91,2.232,418
2020-05-13T00:00:00.000Z,0.43,10.4,5.3,2.99,6.69,2.168,408
2020-05-14T00:00:00.000Z,0.6,7.5,4.03,1.27,5.8,2.156,403
2020-05-15T00:00:00.000Z,1.14,7.81,3.9,2.94,5.62,1.541,472
2020-05-16T00:00:00.000Z,2.18,9.41,3.81,3.28,4.92,1.771,295
2020-05-17T00:00:00.000Z,0.9,3.84,2.58,1.4,2.95,0.829,461
2020-05-18T00:00:00.000Z,1,3.3,2.06,1.58,2.5,0.551,400
2020-05-19T00:00:00.000Z,0.9,2.68,1.48,1.23,2.02,0.461,469
2020-05-20T00:00:00.000Z,0.8,1.8,1.14,1.04,1.35,0.21,136
2020-06-03T00:00:00.000Z,1.6,4.55,2.6,2.3,3.28,0.694,88
2020-06-04T00:00:00.000Z,0.88,15.18,1.9,1.6,2.35,1.116,454
2020-06-05T00:00:00.000Z,0.4,3.2,1.45,1,1.92,0.603,306
2020-06-06T00:00:00.000Z,0.1,3.25,0.6,0.2,1.05,0.581,423
2020-06-07T00:00:00.000Z,0.1,2.9,0.62,0.4,0.89,0.319,453
2020-06-08T00:00:00.000Z,0.2,2.72,0.7,0.6,0.81,0.236,444
2020-06-09T00:00:00.000Z,0.2,3.85,0.64,0.42,0.93,0.531,418
2020-06-10T00:00:00.000Z,2,14.95,5.8,4.4,9.19,2.946,435
2020-06-11T00:00:00.000Z,1.4,15.17,2.75,2.15,8.35,3.638,479
2020-06-12T00:00:00.000Z,0.4,68.9,1.32,0.98,2.04,3.688,487
2020-06-13T00:00:00.000Z,0.45,5.17,1.7,1.25,2.42,0.82,464
2020-06-14T00:00:00.000Z,0.2,7.92,0.7,0.5,0.82,0.6,315
2020-06-15T00:00:00.000Z,0.5,1.95,0.9,0.78,1.12,0.277,461
2020-06-16T00:00:00.000Z,0.35,3.22,1.3,0.98,1.71,0.549,492
2020-06-17T00:00:00.000Z,0.2,3.47,0.5,0.4,0.7,0.261,472
2020-06-18T00:00:00.000Z,0.2,6.33,0.78,0.56,0.95,0.437,443
2020-06-19T00:00:00.000Z,0.1,2.87,0.5,0.4,0.6,0.291,421
2020-06-20T00:00:00.000Z,0.3,4.55,0.6,0.5,0.8,0.3,496
2020-06-21T00:00:00.000Z,0.33,1.62,0.8,0.65,1.02,0.256,503
2020-06-22T00:00:00.000Z,0.45,2.35,1.1,0.8,1.42,0.406,479
2020-06-23T00:00:00.000Z,0.7,2.87,1.8,1.5,1.98,0.402,489
2020-06-24T00:00:00.000Z,1.12,4.17,2.5,1.8,2.87,0.645,505
2020-06-25T00:00:00.000Z,1.22,4.25,2.7,2.4,3.3,0.645,486
2020-06-26T00:00:00.000Z,0.75,5.08,2.49,1.61,3.1,0.908,440
2020-06-27T00:00:00.000Z,0.7,4.78,1.89,1.3,2.72,0.773,432
2020-06-28T00:00:00.000Z,1.5,11.25,2.4,2.15,2.65,0.864,407
2020-06-29T00:00:00.000Z,0.3,4.87,0.9,0.62,2.95,1.24,427
2020-06-30T00:00:00.000Z,0.4,2.67,0.9,0.7,1.17,0.327,414
2020-07-01T00:00:00.000Z,0.93,4.33,1.7,1.4,2.47,0.77,407
2020-07-02T00:00:00.000Z,0.33,4.25,1.6,1.2,2.06,0.791,405
2020-07-03T00:00:00.000Z,0.33,2.9,0.7,0.6,0.8,0.198,416
2020-07-04T00:00:00.000Z,0.5,4,0.9,0.8,1.1,0.358,436
2020-07-05T00:00:00.000Z,0.2,1.85,0.65,0.45,1.25,0.452,422
2020-07-06T00:00:00.000Z,0.3,1.47,0.7,0.5,0.8,0.203,245
2020-07-07T00:00:00.000Z,0.45,1.8,1.05,0.9,1.2,0.207,399
2020-07-08T00:00:00.000Z,0.47,2.29,1.17,1,1.37,0.292,394
2020-07-09T00:00:00.000Z,0.55,4.05,1.4,1.2,1.65,0.455,410
2020-07-10T00:00:00.000Z,0.5,3.72,1.7,1.31,2,0.504,396
2020-07-11T00:00:00.000Z,0.3,1.5,0.72,0.5,1,0.274,315
2020-07-12T00:00:00.000Z,0.5,2.52,1,0.88,1.1,0.209,387
2020-07-13T00:00:00.000Z,0.4,5.65,1.04,0.75,1.3,0.6,382
2020-07-14T00:00:00.000Z,0.6,2.87,1.1,0.9,1.25,0.271,396
2020-07-15T00:00:00.000Z,0.4,4.09,1.1,0.8,1.37,0.504,314
2020-07-16T00:00:00.000Z,0.33,2.15,1,0.82,1.2,0.288,292
2020-07-17T00:00:00.000Z,0.3,2.27,0.8,0.6,1.1,0.396,431
2020-07-18T00:00:00.000Z,0.5,4.03,1,0.85,1.2,0.348,409
2020-07-19T00:00:00.000Z,1,2.83,1.82,1.6,2.04,0.34,155
2020-07-20T00:00:00.000Z,1.3,3.33,2.15,1.82,2.71,0.51,169
2020-07-21T00:00:00.000Z,1.2,7.65,3.3,2.65,4.01,1.206,241
2020-07-22T00:00:00.000Z,0.95,7.83,2.29,2,2.9,0.908,246
2020-07-23T00:00:00.000Z,1.65,5.28,2.84,2.29,3.27,0.565,278
2020-07-24T00:00:00.000Z,0.45,5.67,1.1,0.78,2.86,1.085,344
2020-07-25T00:00:00.000Z,0.5,1.82,0.7,0.68,1.22,0.353,71
2020-07-26T00:00:00.000Z,0.3,6.55,1.05,0.78,1.3,0.566,391
2020-07-27T00:00:00.000Z,0.8,3.77,1.46,1.13,2.19,0.745,248
2020-07-28T00:00:00.000Z,1.25,25.88,2.98,2.52,3.25,3.217,375
2020-07-29T00:00:00.000Z,1.05,3.87,2.08,1.8,2.5,0.544,299
2020-07-30T00:00:00.000Z,2.27,10.95,4.09,3.37,4.53,1.006,378
2020-07-31T00:00:00.000Z,2.17,5.67,4.11,3.37,4.7,0.781,382
2020-08-01T00:00:00.000Z,1.65,8.13,4.42,3.35,5.3,1.432,379
2020-08-02T00:00:00.000Z,1.2,4.42,2.67,1.7,3.1,0.782,377
2020-08-03T00:00:00.000Z,1.02,2.9,1.72,1.47,1.95,0.38,187
2020-08-04T00:00:00.000Z,0.3,1.52,0.7,0.55,0.8,0.201,345
2020-08-05T00:00:00.000Z,0.4,3.1,1.17,0.95,1.35,0.42,459
2020-08-06T00:00:00.000Z,0.6,4.28,1.3,0.98,1.7,0.707,344
2020-08-07T00:00:00.000Z,0.4,468.1,1.72,1.35,2.04,22.043,447
2020-08-08T00:00:00.000Z,0.7,8.48,1.62,1.4,2.2,0.861,415
2020-08-09T00:00:00.000Z,1.32,4.4,2.1,1.9,2.27,0.352,467
2020-08-10T00:00:00.000Z,2.02,5.22,2.9,2.6,3.5,0.623,465
2020-08-11T00:00:00.000Z,0.98,10.98,2.4,2.02,2.6,0.673,453
2020-08-12T00:00:00.000Z,2.12,6.92,3.33,2.8,3.77,0.672,446
2020-08-13T00:00:00.000Z,2.65,19.5,4.33,3.7,5.04,1.205,469
2020-08-14T00:00:00.000Z,0.72,11.45,2.65,1.99,3.49,1.789,420
2020-08-15T00:00:00.000Z,0.88,7.95,2.12,1.65,2.42,0.637,463
2020-08-16T00:00:00.000Z,1.2,7.7,2,1.67,4.58,1.603,471
2020-08-17T00:00:00.000Z,0.62,7.67,2.34,1.6,4.08,1.541,466
2020-08-18T00:00:00.000Z,0.3,3.95,1.47,0.7,1.86,0.635,465
2020-08-19T00:00:00.000Z,0.33,8.68,1,0.7,1.22,0.68,458
2020-08-20T00:00:00.000Z,0.8,2.6,1.5,1.3,1.7,0.296,462
2020-08-21T00:00:00.000Z,0.8,4.2,1.2,1.07,1.5,0.44,455
2020-08-22T00:00:00.000Z,0,1.95,0.8,0.62,0.9,0.293,418
2020-08-23T00:00:00.000Z,0.3,1.52,0.7,0.55,0.9,0.231,429
2020-08-24T00:00:00.000Z,0.3,1.47,0.65,0.55,0.8,0.191,384
2020-08-25T00:00:00.000Z,0.6,5.8,1.12,0.9,1.4,0.559,385
2020-08-26T00:00:00.000Z,0.3,2.08,0.7,0.5,1,0.343,408
2020-08-27T00:00:00.000Z,0.3,3.15,0.9,0.7,1.3,0.473,421
2020-08-28T00:00:00.000Z,0.23,4.65,1.3,0.8,2.22,0.917,411
2020-08-29T00:00:00.000Z,0.3,5.45,1.37,0.85,2.13,0.904,420
2020-08-30T00:00:00.000Z,0.1,7.95,0.7,0.4,1.23,0.963,420
2020-08-31T00:00:00.000Z,0.2,2.2,0.47,0.35,0.7,0.375,418
2020-09-01T00:00:00.000Z,0.33,1.57,0.8,0.65,0.9,0.209,358
2020-09-02T00:00:00.000Z,0.4,4.53,1.05,0.8,1.45,0.496,406
2020-09-03T00:00:00.000Z,0.7,4.05,1.5,1.14,2,0.547,417
2020-09-04T00:00:00.000Z,0.72,4.3,2.1,1.51,2.54,0.657,429
2020-09-05T00:00:00.000Z,0.4,4.4,2.1,1.05,2.92,1.057,417
2020-09-06T00:00:00.000Z,0.5,1.92,0.8,0.7,0.93,0.191,420
2020-09-07T00:00:00.000Z,0.5,9.27,1.2,0.9,1.7,0.701,395
2020-09-08T00:00:00.000Z,1.14,4.4,1.98,1.7,2.37,0.498,347
2020-09-09T00:00:00.000Z,1.98,8.3,3.2,2.8,3.75,0.795,354
2020-09-10T00:00:00.000Z,0.8,18.75,3.6,1.92,4.61,1.81,316
2020-09-11T00:00:00.000Z,1.4,7.28,3.01,2.4,3.55,0.942,288
2020-09-12T00:00:00.000Z,1,8.69,3.65,2.87,4.25,1.195,277
2020-09-13T00:00:00.000Z,2.35,10.43,4.08,3.72,4.42,0.683,331
2020-09-14T00:00:00.000Z,3.92,7.7,5.4,5.03,6.02,0.714,273
2020-09-15T00:00:00.000Z,5.28,10.05,7.67,7.03,8.25,0.941,234
2020-09-16T00:00:00.000Z,6.78,9.25,7.75,7.45,8.23,0.56,35
2020-09-17T00:00:00.000Z,5.8,10.18,7.03,6.58,7.65,0.941,134
2020-09-18T00:00:00.000Z,4.9,18.6,6.75,5.98,8.11,1.454,304
2020-09-19T00:00:00.000Z,2.6,19.75,8.3,6.53,10.18,2.801,291
2020-09-20T00:00:00.000Z,4.37,7.72,5.71,5.4,6.12,0.623,226
2020-09-21T00:00:00.000Z,1.6,8.05,4.09,2.4,4.67,1.366,211
2020-09-22T00:00:00.000Z,0.47,6.25,1.6,1.12,2.4,0.907,310
2020-09-23T00:00:00.000Z,0.75,15.63,1.82,1.42,2.42,1.572,400
2020-09-24T00:00:00.000Z,1.6,29.02,3.5,2.65,4.42,2.562,418
2020-09-25T00:00:00.000Z,0,3.1,0.32,0.2,0.56,0.503,315
2020-09-26T00:00:00.000Z,0,4.67,0.8,0.3,1.4,0.988,250
2020-09-27T00:00:00.000Z,0.28,7.3,2.8,1.6,3.27,1.306,206
2020-09-28T00:00:00.000Z,0,6.92,1.46,0.45,2.24,1.17,256
2020-09-29T00:00:00.000Z,0.2,4.05,1.13,0.81,1.77,0.81,240
2020-09-30T00:00:00.000Z,1.8,54.25,3.12,2.65,4.42,6.655,354
2020-10-01T00:00:00.000Z,3.62,39.53,5.92,4.96,8.14,3.816,289
2020-10-02T00:00:00.000Z,0,9.19,4.4,0.41,5.98,2.623,261
2020-10-03T00:00:00.000Z,0,3.5,0.2,0.1,0.32,0.488,249
2020-10-04T00:00:00.000Z,0,2.27,0.37,0.2,0.6,0.408,291
2020-10-05T00:00:00.000Z,0.2,7.22,0.95,0.6,1.8,0.912,297
2020-10-06T00:00:00.000Z,0.55,12.5,3.12,1.87,5.09,2.115,309
2020-10-07T00:00:00.000Z,0.3,4.8,1.3,0.82,1.75,0.734,310
2020-10-08T00:00:00.000Z,0.6,5,1.9,1.22,2.52,0.951,294
2020-10-09T00:00:00.000Z,1.52,17.55,2.98,2.25,4.59,1.805,334
2020-10-10T00:00:00.000Z,0,10.98,0.77,0.5,3.74,2.124,376
2020-10-11T00:00:00.000Z,0.2,1.5,0.78,0.6,0.93,0.231,390
2020-10-12T00:00:00.000Z,0.42,2.33,1.1,0.94,1.3,0.327,304
2020-10-13T00:00:00.000Z,1.27,19.14,2.54,2.08,3.59,1.598,380
2020-10-14T00:00:00.000Z,1.25,7.65,4.28,3.15,5.6,1.517,370
2020-10-15T00:00:00.000Z,0.8,8.33,4.65,2.64,6.03,1.913,381
2020-10-16T00:00:00.000Z,0.78,9.8,2.9,1.7,3.95,1.75,383
2020-10-17T00:00:00.000Z,2.17,6.1,3.25,2.8,3.7,0.657,384
2020-10-18T00:00:00.000Z,2.1,11.43,4.9,3.77,5.95,1.999,391
2020-10-19T00:00:00.000Z,2.2,9.6,6.05,5.11,6.65,1.439,389
2020-10-20T00:00:00.000Z,0.4,6.4,1.5,0.9,2.52,1.327,399
2020-10-21T00:00:00.000Z,0.7,19.8,1.4,1.1,1.67,0.998,389
2020-10-22T00:00:00.000Z,1.3,9.44,4.88,3.33,6.16,1.944,388
2020-10-23T00:00:00.000Z,0.1,9.4,3.12,1.82,3.9,1.563,379
2020-10-24T00:00:00.000Z,0.3,6.7,2.8,1.22,3.99,1.556,388
2020-10-25T00:00:00.000Z,0.33,4.83,2,1.2,2.52,0.795,424
2020-10-26T00:00:00.000Z,0,4.9,0.79,0.3,2.15,1.335,412
2020-10-27T00:00:00.000Z,0.2,7.67,3.33,1.29,4.53,1.703,397
2020-10-28T00:00:00.000Z,0.8,10.02,2.9,2.1,3.91,1.318,416
2020-10-29T00:00:00.000Z,0.2,8.4,3.45,1.7,4.2,1.469,413
2020-10-30T00:00:00.000Z,0.8,10.4,2.8,2.1,3.98,1.889,419
2020-10-31T00:00:00.000Z,1.9,13.75,4.25,3.27,5.92,2.122,431
2020-11-01T00:00:00.000Z,2.3,15.08,5.4,4.55,6.74,1.918,425
2020-11-02T00:00:00.000Z,2.17,21.97,6.58,4.3,15.05,5.99,397
2020-11-03T00:00:00.000Z,0.1,19.87,5.6,1.5,15.99,7.21,409
2020-11-04T00:00:00.000Z,1.17,15.5,4.2,3,5.75,2.412,334
2020-11-05T00:00:00.000Z,3.33,12.78,5.87,4.83,6.72,1.4,327
2020-11-06T00:00:00.000Z,2.54,11.78,6.41,4.34,9.52,2.653,330
2020-11-07T00:00:00.000Z,7.65,19.27,11.28,10.44,13.64,2.025,365
2020-11-08T00:00:00.000Z,0.4,14.43,8.11,1.86,10.69,4.432,328
2020-11-09T00:00:00.000Z,1.8,32,5.3,3.35,7.4,5.17,270
2020-11-10T00:00:00.000Z,3.3,11.53,7.4,6.07,8.15,1.661,317
2020-11-11T00:00:00.000Z,7.85,19.64,12.78,11.04,14.39,2.453,320
2020-11-12T00:00:00.000Z,2.87,17.75,9.5,7.58,15.88,4.452,279
2020-11-13T00:00:00.000Z,3.45,10.98,7.69,5.09,8.68,2.047,294
2020-11-14T00:00:00.000Z,1.92,11.53,7.54,5.12,9.3,2.679,314
2020-11-15T00:00:00.000Z,0.65,9.35,3.7,1.72,5.53,2.265,273
2020-11-16T00:00:00.000Z,0.3,2.83,1.17,0.9,1.57,0.482,263
2020-11-17T00:00:00.000Z,1.32,32.63,2.72,2,5.92,2.687,290
2020-11-18T00:00:00.000Z,2.58,15.55,6.08,4.95,7.16,1.923,341
2020-11-19T00:00:00.000Z,0.47,10.9,4.08,1.1,7.45,3.337,318
2020-11-20T00:00:00.000Z,0.3,3.02,1.25,0.9,1.6,0.494,341
2020-11-21T00:00:00.000Z,1.4,13.65,4.2,3.11,5.53,2.642,289
2020-11-22T00:00:00.000Z,4.75,17.23,10.8,9.57,11.88,2.481,284
2020-11-23T00:00:00.000Z,5.25,29.52,11.7,9.57,13.14,3.526,257
2020-11-24T00:00:00.000Z,11.5,41.28,13.49,12.78,14.65,3.095,266
2020-11-25T00:00:00.000Z,11.78,36.28,16.26,14.45,17.97,2.786,276
2020-11-26T00:00:00.000Z,12.25,28.12,18.55,16.93,21.41,3.44,269
2020-11-27T00:00:00.000Z,5.83,39.54,14.74,12.93,16.8,5.152,260
2020-11-28T00:00:00.000Z,12.13,32.29,17.73,15.53,19.45,2.75,262
2020-11-29T00:00:00.000Z,10.45,19.39,15.04,13.05,16.29,2.015,268
2020-11-30T00:00:00.000Z,8.55,13.95,11.6,10.65,12.29,1.1,233
2020-12-01T00:00:00.000Z,2.12,21.3,10.6,4.04,15.2,5.418,224
2020-12-02T00:00:00.000Z,2.72,10.68,4.87,4.12,6.7,1.756,258
2020-12-03T00:00:00.000Z,0.37,14.4,6.67,4.29,8.19,3.23,225
2020-12-04T00:00:00.000Z,0,8.65,0.47,0.2,1.9,2.025,243
2020-12-05T00:00:00.000Z,2.12,21.48,11.76,7.78,14.45,4.574,234
2020-12-06T00:00:00.000Z,8.3,25.68,14.98,13.83,16.35,2.408,267
2020-12-07T00:00:00.000Z,1.57,18.05,9.93,6.54,12.65,3.953,277
2020-12-08T00:00:00.000Z,0.2,9.6,4.55,3.25,8.14,2.904,264
2020-12-09T00:00:00.000Z,0.72,6.87,3.35,2.52,4.4,1.362,239
2020-12-10T00:00:00.000Z,2.92,13.95,5.78,5.03,9.33,2.728,226
2020-12-11T00:00:00.000Z,0.2,14,6.24,4.36,9.3,3.469,296
2020-12-12T00:00:00.000Z,0.2,23.3,10.25,9.35,12.99,3.095,293
2020-12-13T00:00:00.000Z,0.3,19.25,6.07,3.7,10.02,4.659,286
2020-12-14T00:00:00.000Z,1.7,9.58,5.05,3.2,7.5,2.335,258
2020-12-15T00:00:00.000Z,3.92,12.45,6.58,5.4,9.73,2.32,286
2020-12-16T00:00:00.000Z,2.95,17.95,9.83,7.15,11.68,2.971,291
2020-12-17T00:00:00.000Z,3.37,14.1,6.17,4.9,9.9,2.948,263
2020-12-18T00:00:00.000Z,3.98,18.64,10.35,9.43,11.85,2.572,286
2020-12-19T00:00:00.000Z,3.4,24.02,9.25,7.21,12.44,3.991,273
2020-12-20T00:00:00.000Z,5.78,32.63,13.08,9.27,21.02,6.23,275
2020-12-21T00:00:00.000Z,6.92,25.68,12.65,10.6,19.77,5.32,278
2020-12-22T00:00:00.000Z,4.75,19.7,9.77,8.48,11.18,2.521,271
2020-12-23T00:00:00.000Z,4.2,24.23,8.77,6.37,13.15,3.903,287
2020-12-24T00:00:00.000Z,0,13.35,2.2,0.97,4.15,2.842,269
2020-12-25T00:00:00.000Z,0,2.42,0.6,0.3,1,0.539,288
2020-12-26T00:00:00.000Z,0.4,7.15,1.3,0.94,2.17,1.24,276
2020-12-27T00:00:00.000Z,0.1,8.9,5.03,0.4,5.75,2.662,282
2020-12-28T00:00:00.000Z,0,1.8,0.3,0.19,0.4,0.252,273
2020-12-29T00:00:00.000Z,0.1,8.33,0.72,0.36,2.63,2.08,276
2020-12-30T00:00:00.000Z,0.1,8.77,3.2,1.2,6.36,2.563,273
2020-12-31T00:00:00.000Z,0.9,13.83,4.3,3,7.35,2.803,287
2021-01-01T00:00:00.000Z,0.1,10.63,5.2,2.2,7.88,2.963,269
2021-01-02T00:00:00.000Z,1.77,14.38,7.92,6.02,9.59,2.708,248
2021-01-03T00:00:00.000Z,1.82,13.3,3.77,3.02,7.83,3.055,258
2021-01-04T00:00:00.000Z,3.17,16.1,12.73,8.55,13.88,3.288,258
2021-01-05T00:00:00.000Z,5.9,18.8,13.38,12.42,14.57,1.946,245
2021-01-06T00:00:00.000Z,4.9,18.98,10.99,8.58,13.53,3.104,258
2021-01-07T00:00:00.000Z,4.47,18.07,7.34,6.35,8.9,3.956,258
2021-01-08T00:00:00.000Z,5.09,13.88,6.9,6.4,8.23,1.566,263
2021-01-09T00:00:00.000Z,5.17,19.67,9.86,8.39,13.93,3.603,264
2021-01-10T00:00:00.000Z,11.88,18.89,14.99,14.16,16.79,1.647,264
2021-01-11T00:00:00.000Z,9.3,19.7,13.53,11.42,16.6,2.734,236
2021-01-12T00:00:00.000Z,16.1,26.93,20.99,19.05,23.26,2.62,256
2021-01-13T00:00:00.000Z,9.73,24.2,15.55,12.63,17.48,3.475,242
2021-01-14T00:00:00.000Z,3.45,15.43,11.84,9.02,12.58,2.522,88
2021-01-15T00:00:00.000Z,0.2,8.13,2.16,0.6,3.77,1.996,258
2021-01-16T00:00:00.000Z,4.42,19.7,8.39,7.66,10.99,3.033,248
2021-01-17T00:00:00.000Z,1.3,26.35,13.88,7.26,18.02,6.392,237
2021-01-18T00:00:00.000Z,1.77,18.62,6.2,4.97,12.27,4.666,216
2021-01-19T00:00:00.000Z,2.58,17.82,8.19,5.14,9.69,3.276,201
2021-01-20T00:00:00.000Z,0.3,8.8,0.75,0.5,2.29,1.709,245
2021-01-21T00:00:00.000Z,0,1.35,0.47,0.3,0.6,0.222,227
2021-01-22T00:00:00.000Z,0,3.87,0.5,0.2,1.51,0.799,240
2021-01-23T00:00:00.000Z,0.3,8.93,1.7,1,3,1.712,242
2021-01-24T00:00:00.000Z,0.1,6.15,0.9,0.7,1.9,1.231,259
2021-01-25T00:00:00.000Z,0.3,5.03,1.22,0.68,2.62,1.166,227
2021-01-26T00:00:00.000Z,1.87,8.38,3.27,2.85,4.55,1.734,256
2021-01-27T00:00:00.000Z,2.8,12.37,6.8,5.8,7.78,1.92,234
2021-01-28T00:00:00.000Z,4.8,17.89,10.49,8.52,11.53,2.675,268
2021-01-29T00:00:00.000Z,0.2,10.58,1.86,1.05,5.31,2.654,260
2021-01-30T00:00:00.000Z,1.22,89.22,3.45,2.08,6.46,7.243,249
2021-01-31T00:00:00.000Z,1.32,65.5,6.6,5,8.73,4.974,262
2021-02-01T00:00:00.000Z,0.65,11.08,4,1.8,8.15,3.184,218
2021-02-02T00:00:00.000Z,4.03,22.27,12.17,9.66,13.39,3.18,232
2021-02-03T00:00:00.000Z,0.3,15.8,2.49,1.1,10.93,5.223,214
2021-02-04T00:00:00.000Z,1.3,16.07,3.89,2.42,5.88,2.515,248
2021-02-05T00:00:00.000Z,5.78,15.15,8.08,7.15,9.27,1.784,222
2021-02-06T00:00:00.000Z,5.67,11.65,8.44,7.85,9.18,1.233,227
2021-02-07T00:00:00.000Z,0.03,10.82,3.66,2.8,5.95,2.492,134
2021-02-08T00:00:00.000Z,0.8,8.65,3.72,2,4.87,1.654,238
2021-02-09T00:00:00.000Z,1.92,11.95,4.67,3.98,7.33,2.254,227
2021-02-10T00:00:00.000Z,0.2,9.8,1.9,0.77,3.4,2.223,225
2021-02-11T00:00:00.000Z,4.8,17.73,11.4,8.83,14.13,3.069,222
2021-02-12T00:00:00.000Z,15.15,26.17,18.62,17.54,21.37,2.646,253
2021-02-13T00:00:00.000Z,12.5,27.5,15.8,14.4,16.77,1.698,243
2021-02-14T00:00:00.000Z,11.6,17.23,14.45,13.7,15.32,1.232,227
2021-02-15T00:00:00.000Z,0.93,14.78,5.52,2.79,7.5,3.578,232
2021-02-16T00:00:00.000Z,0.5,9.19,4.55,2.29,5.89,2.325,221
2021-02-17T00:00:00.000Z,1.55,19.73,6.7,4.33,9.9,3.589,220
2021-02-18T00:00:00.000Z,2.27,8.23,5.64,4.94,6.4,1.065,252
2021-02-19T00:00:00.000Z,1.6,11.88,7.02,3.62,8.8,2.878,230
2021-02-20T00:00:00.000Z,0.45,10.4,5.31,2.52,8,3.075,238
2021-02-21T00:00:00.000Z,1.87,16.37,3.92,3.3,4.83,2.102,243
2021-02-22T00:00:00.000Z,2.29,7.3,4.08,3.65,4.59,0.837,209
2021-02-23T00:00:00.000Z,2.6,14.93,5.6,5.15,6.3,1.204,216
2021-02-24T00:00:00.000Z,4.22,12.63,7.4,6.33,8.07,1.25,217
2021-02-25T00:00:00.000Z,4.67,10.08,7.1,6.1,7.87,1.123,219
2021-02-26T00:00:00.000Z,0.82,12.88,5.78,4.55,7.05,1.827,211
2021-02-27T00:00:00.000Z,0.25,13.25,8.19,3.22,9.52,3.536,246
2021-02-28T00:00:00.000Z,5.58,22.35,8.41,7.6,10.07,1.778,240
2021-03-01T00:00:00.000Z,5.75,17,11.64,9.49,12.92,2.368,228
2021-03-02T00:00:00.000Z,2.54,17.77,7.47,4.2,11.83,3.915,239
2021-03-03T00:00:00.000Z,4.78,13.08,8.56,6.86,10.48,2.075,212
2021-03-04T00:00:00.000Z,3.55,10.83,7.2,5.97,8.23,1.611,218
2021-03-05T00:00:00.000Z,2.12,16.39,9.68,8.13,12.33,3.346,239
2021-03-06T00:00:00.000Z,9.02,13.58,11.57,10.78,12.2,1.033,231
2021-03-07T00:00:00.000Z,3.8,32.63,12.6,8.65,16.23,4.46,253
2021-03-08T00:00:00.000Z,5.78,15.63,9.65,8.32,10.67,1.96,233
2021-03-09T00:00:00.000Z,5.75,15.6,10.58,9.83,11.93,1.938,235
2021-03-10T00:00:00.000Z,6,15.08,11,9.53,12.58,1.987,220
2021-03-11T00:00:00.000Z,0.2,14.07,5.84,3.27,8.83,3.323,230
2021-03-12T00:00:00.000Z,0.33,8.75,1.05,0.7,1.72,0.839,230
2021-03-13T00:00:00.000Z,0.2,7.28,1,0.5,1.75,1.028,236
2021-03-14T00:00:00.000Z,0,5.9,0.8,0.4,1.55,0.919,218
2021-03-15T00:00:00.000Z,0.2,9.1,2.41,1.5,3.76,1.757,212
2021-03-16T00:00:00.000Z,0.28,7.5,1.09,0.55,3.6,1.802,210
2021-03-17T00:00:00.000Z,0.1,3.9,1.1,0.6,1.7,0.682,234
2021-03-18T00:00:00.000Z,1.12,6.05,2.38,1.9,3.75,1.152,224
2021-03-19T00:00:00.000Z,2.25,6.5,3.93,3.2,4.59,0.876,228
2021-03-20T00:00:00.000Z,2.2,6.1,3.4,2.83,4.8,1.038,239
2021-03-21T00:00:00.000Z,1.14,5.25,3.08,2.5,3.42,0.827,220
2021-03-22T00:00:00.000Z,2.08,8.48,3.98,3.37,5.35,1.436,226
2021-03-23T00:00:00.000Z,2.8,7.33,4.44,4,5.22,0.879,278
2021-03-24T00:00:00.000Z,2.12,8.08,5.21,3.6,6.33,1.576,226
2021-03-25T00:00:00.000Z,1.92,6.95,3.5,2.62,4.17,1.065,215
2021-03-26T00:00:00.000Z,2.54,10,6.27,4.4,7.94,2.069,236
2021-03-27T00:00:00.000Z,0.2,131.94,1.1,0.8,2.11,9.215,237
2021-03-28T00:00:00.000Z,0.9,4.45,2.57,1.56,3.3,0.932,164
2021-03-29T00:00:00.000Z,1.17,4.65,2.04,1.72,2.54,0.694,179
2021-03-30T00:00:00.000Z,1.6,5.05,2.72,2.33,3.2,0.623,202
2021-03-31T00:00:00.000Z,1.62,8.25,2.7,2.25,3.5,1.035,180
2021-04-01T00:00:00.000Z,1.14,5.45,2.38,1.87,3.22,0.944,162
2021-04-02T00:00:00.000Z,1.52,5.47,2.5,2.17,3.1,0.723,186
2021-04-03T00:00:00.000Z,1.5,10.55,4.25,2.7,7.58,2.604,191
2021-04-04T00:00:00.000Z,0.9,3.98,2.42,1.55,2.9,0.764,191
2021-04-05T00:00:00.000Z,0.8,3.85,1.7,1.27,2.34,0.822,161
2021-04-06T00:00:00.000Z,0.3,3.52,0.82,0.6,1.25,0.538,214
2021-04-07T00:00:00.000Z,0.3,2.7,0.8,0.6,1.14,0.445,152
2021-04-08T00:00:00.000Z,0.1,4.84,1.4,1.05,1.62,0.756,171
2021-04-09T00:00:00.000Z,0.5,4.2,1.13,0.8,2.47,0.924,174
2021-04-10T00:00:00.000Z,0.3,2,0.89,0.7,1.23,0.376,156
2021-04-11T00:00:00.000Z,0,3,0.6,0.3,1.32,0.771,127
2021-04-12T00:00:00.000Z,0,1.9,0.88,0.2,1.1,0.5,121
2021-04-13T00:00:00.000Z,0.6,4.22,1.5,1.1,2.33,0.94,131
2021-04-14T00:00:00.000Z,1.1,6.62,2.9,2.37,4.12,1.426,125
2021-04-15T00:00:00.000Z,1.7,5,2.7,2.15,3.45,0.801,110
2021-04-16T00:00:00.000Z,4,11.25,6.85,5.97,7.5,1.483,79
2021-04-17T00:00:00.000Z,3.45,12.28,7.15,6.05,8.02,1.922,140
2021-04-18T00:00:00.000Z,2.2,8.65,5.8,3.65,7.03,1.788,126
2021-04-19T00:00:00.000Z,1.3,8,3.28,2.27,5.42,1.802,118
2021-04-20T00:00:00.000Z,0.82,4.59,2.25,1.4,3.25,1.085,119
2021-04-21T00:00:00.000Z,1.1,5.17,2.22,1.75,3.29,0.906,120
2021-04-22T00:00:00.000Z,1,6.05,1.9,1.5,2.95,1.059,110
2021-04-23T00:00:00.000Z,1.8,7.4,2.62,2.27,3.4,1.428,107
2021-04-24T00:00:00.000Z,1.35,4.95,2.23,1.75,2.9,0.769,122
2021-04-25T00:00:00.000Z,1.05,5.75,2.34,2,2.8,0.709,148
2021-04-26T00:00:00.000Z,1.3,12.4,6.33,3.54,9,3.303,125
2021-04-27T00:00:00.000Z,1.75,11.75,6.63,3.58,7.97,2.815,116
2021-04-28T00:00:00.000Z,0.6,7.15,2.49,1.95,5.08,1.804,122
2021-04-29T00:00:00.000Z,0.4,9.27,1.6,1,2.31,1.596,113
2021-04-30T00:00:00.000Z,0.2,6.25,2.17,0.61,2.9,1.261,97
2021-05-01T00:00:00.000Z,0.2,10.25,0.71,0.44,2.29,2.125,124
2021-05-02T00:00:00.000Z,0.7,8.44,3.58,2.54,5.08,1.931,126
2021-05-03T00:00:00.000Z,0.7,6.3,3.05,1.4,5.16,1.853,113
2021-05-04T00:00:00.000Z,0.7,4.5,1.82,1.34,2.25,0.844,117
2021-05-05T00:00:00.000Z,0.15,7.6,0.72,0.45,1.69,1.14,113
2021-05-06T00:00:00.000Z,1,28.3,3.39,1.82,6.28,3.303,110
2021-05-07T00:00:00.000Z,0,8.35,1.2,0.4,2,1.577,115
2021-05-08T00:00:00.000Z,0.5,9.9,1.1,0.7,1.52,1.271,122
2021-05-09T00:00:00.000Z,0.5,2.04,0.95,0.7,1.3,0.365,136
2021-05-10T00:00:00.000Z,0,3.87,0.8,0.6,1.12,0.657,127
2021-05-11T00:00:00.000Z,0,4.95,0.3,0.2,0.62,0.54,118
2021-05-12T00:00:00.000Z,0.2,3.05,0.7,0.5,0.9,0.499,109
2021-05-13T00:00:00.000Z,0,1.5,0.3,0.2,0.6,0.279,134
2021-05-14T00:00:00.000Z,0.1,3.62,0.5,0.3,0.7,0.574,121
2021-05-15T00:00:00.000Z,0.3,2.85,0.8,0.6,1.1,0.586,134
2021-05-16T00:00:00.000Z,0.2,5.3,0.7,0.4,2.72,1.55,138
2021-05-17T00:00:00.000Z,0.1,1.8,0.5,0.32,0.8,0.327,125
2021-05-18T00:00:00.000Z,0.2,1.95,0.8,0.6,1,0.302,108
2021-05-19T00:00:00.000Z,0.2,1.67,0.65,0.49,0.9,0.312,125
2021-05-20T00:00:00.000Z,0.1,7.08,0.6,0.49,0.86,0.699,141
2021-05-21T00:00:00.000Z,0.1,7,0.9,0.7,1.07,0.664,130
2021-05-22T00:00:00.000Z,0.17,1,0.4,0.3,0.5,0.157,113
2021-05-23T00:00:00.000Z,0.1,1.07,0.3,0.2,0.4,0.2,147
2021-05-24T00:00:00.000Z,0.2,1.98,0.7,0.56,0.9,0.304,117
2021-05-25T00:00:00.000Z,0.08,1.2,0.5,0.3,0.68,0.252,99
2021-05-26T00:00:00.000Z,0.17,2.17,0.56,0.45,0.72,0.274,117
2021-05-27T00:00:00.000Z,0.5,2.67,1.5,0.9,2,0.58,141
2021-05-28T00:00:00.000Z,0.9,2.67,1.5,1.3,1.75,0.312,143
2021-05-29T00:00:00.000Z,0.7,3.35,1.7,1.1,2.33,0.719,129
2021-05-30T00:00:00.000Z,0.7,2.02,1.1,1,1.32,0.244,155
2021-05-31T00:00:00.000Z,0.8,4.47,1.45,1.3,1.6,0.367,125
2021-06-01T00:00:00.000Z,1.22,20.95,1.8,1.6,2.2,1.63,155
2021-06-02T00:00:00.000Z,1.35,5.28,2.8,1.85,3.85,1.058,146
2021-06-03T00:00:00.000Z,1.1,5.4,3.15,2.17,4.34,1.284,132
2021-06-04T00:00:00.000Z,1.32,5.42,2.4,1.9,3,0.75,145
2021-06-05T00:00:00.000Z,0.15,3.47,0.5,0.33,0.8,0.692,146
2021-06-06T00:00:00.000Z,0.7,4.72,2.02,1.1,3.11,1.135,177
2021-06-07T00:00:00.000Z,1.7,13.05,8.16,6.4,9.69,2.617,258
2021-06-08T00:00:00.000Z,2.1,9.08,3.72,3.15,4.59,1.641,198
2021-06-09T00:00:00.000Z,1.25,7.6,3.45,2.47,4.65,1.517,226
2021-06-10T00:00:00.000Z,1.3,6.67,3.91,2.04,4.37,1.334,154
2021-06-11T00:00:00.000Z,3.25,7.08,4.97,4.45,5.49,0.789,157
2021-06-12T00:00:00.000Z,1.05,6.6,4.73,2.4,5.17,1.641,154
2021-06-13T00:00:00.000Z,0.88,3.17,1.7,1.2,2.34,0.603,144
2021-06-14T00:00:00.000Z,0.7,4.42,2.29,1.53,3,0.859,168
2021-06-15T00:00:00.000Z,1.3,3.17,2.21,1.82,2.52,0.424,178
2021-06-16T00:00:00.000Z,2.12,7.85,3.37,2.92,4.5,1.555,147
2021-06-17T00:00:00.000Z,4.8,10.3,7.57,6.34,8.59,1.277,200
2021-06-18T00:00:00.000Z,2.98,9.19,5.75,4.42,7.22,1.518,183
2021-06-19T00:00:00.000Z,4.05,9.13,5.75,5.34,6.2,0.903,232
2021-06-20T00:00:00.000Z,0.4,8.13,5.22,2.4,5.72,1.847,219
2021-06-21T00:00:00.000Z,0.7,3.15,1.62,1.2,2.02,0.54,226
2021-06-22T00:00:00.000Z,0.2,2.29,0.8,0.5,1.3,0.504,210
2021-06-23T00:00:00.000Z,0.4,2.92,1.22,1.1,1.6,0.429,260
2021-06-24T00:00:00.000Z,0.28,2.92,1.3,0.82,2.1,0.713,230
2021-06-25T00:00:00.000Z,0.5,4.97,1.57,1.3,2.08,0.897,259
2021-06-26T00:00:00.000Z,1.3,7.45,2.47,1.8,3.05,1.201,250
2021-06-27T00:00:00.000Z,1,4.4,2.2,1.7,2.7,0.696,258
2021-06-28T00:00:00.000Z,1.3,4.3,2.29,1.92,2.86,0.664,241
2021-06-29T00:00:00.000Z,0.1,4.65,0.9,0.3,2.59,1.218,257
2021-06-30T00:00:00.000Z,0.1,1.6,0.4,0.3,0.6,0.274,258
2021-07-01T00:00:00.000Z,0.4,1.67,0.8,0.62,0.93,0.233,236
2021-07-02T00:00:00.000Z,0.65,9.69,1.7,1.5,1.87,0.867,230
2021-07-03T00:00:00.000Z,1.8,6.35,2.54,2.27,3.11,0.683,293
2021-07-04T00:00:00.000Z,0.4,23.32,2.29,1.1,3,1.88,229
2021-07-05T00:00:00.000Z,0.42,6.62,0.9,0.7,1.33,0.635,220
2021-07-06T00:00:00.000Z,0.2,21,1.45,0.9,2.02,1.698,257
2021-07-07T00:00:00.000Z,0.3,5.9,1.08,0.7,2.65,1.253,234
2021-07-08T00:00:00.000Z,0.5,2.9,1.2,0.9,1.45,0.411,243
2021-07-09T00:00:00.000Z,0.68,2.77,1.2,0.98,1.47,0.383,286
2021-07-10T00:00:00.000Z,0.62,12.47,1.57,1.2,1.77,1.342,250
2021-07-11T00:00:00.000Z,0.65,28.17,2.15,1.8,2.8,3.099,291
2021-07-12T00:00:00.000Z,0,3.98,2.62,2.12,3.05,1.038,224
2021-07-13T00:00:00.000Z,0.1,4.09,0.82,0.6,1.2,0.577,210
2021-07-14T00:00:00.000Z,0.1,10.95,1.26,0.5,2.09,1.122,212
2021-07-15T00:00:00.000Z,0.13,6.53,1.82,1,3.2,1.278,271
2021-07-16T00:00:00.000Z,0.3,23.45,1.34,0.6,2.36,3.477,232
2021-07-17T00:00:00.000Z,1.07,7.1,3.5,2.62,6.08,1.845,267
2021-07-18T00:00:00.000Z,2.87,8.05,5.7,5.09,6.53,1.302,239
2021-07-19T00:00:00.000Z,3.4,8.13,5.05,4.59,5.7,0.734,207
2021-07-20T00:00:00.000Z,3.62,11.45,5.66,4.72,6.27,1.501,228
2021-07-21T00:00:00.000Z,7.9,15.43,11.32,9.52,12.7,1.879,246
2021-07-22T00:00:00.000Z,7.9,13.13,10.68,9.98,11.21,0.884,220
2021-07-23T00:00:00.000Z,2.72,12.75,9.6,8.77,10.14,1.71,264
2021-07-24T00:00:00.000Z,2,9.27,3.17,2.75,3.7,1.229,262
2021-07-25T00:00:00.000Z,1.3,3.45,2.35,2.08,2.72,0.437,289
2021-07-26T00:00:00.000Z,1.02,4.37,3.08,1.99,3.45,0.84,289
2021-07-27T00:00:00.000Z,3.25,6.28,4.37,4.08,4.62,0.443,303
2021-07-28T00:00:00.000Z,1.3,6.83,2.8,1.9,4.53,1.401,315
2021-07-29T00:00:00.000Z,2.54,7.4,3.85,3.4,4.63,0.868,265
2021-07-30T00:00:00.000Z,2.35,7.55,4.83,4.28,5.62,0.918,223
2021-07-31T00:00:00.000Z,0.93,4.3,3.25,1.46,3.65,1.086,233
2021-08-01T00:00:00.000Z,0.9,3.85,1.4,1.15,1.79,0.663,236
2021-08-02T00:00:00.000Z,0.4,2.5,0.9,0.62,1.2,0.384,223
2021-08-03T00:00:00.000Z,0.78,5.7,1.5,1.2,2.25,0.824,236
2021-08-04T00:00:00.000Z,0.7,4.28,2.38,2.02,3.02,0.743,202
2021-08-05T00:00:00.000Z,0.3,3.7,1.42,0.71,2.2,0.881,236
2021-08-06T00:00:00.000Z,0.8,4.05,1.4,1.12,1.92,0.603,284
2021-08-07T00:00:00.000Z,0.2,5.55,1.67,0.95,1.87,0.669,284
2021-08-08T00:00:00.000Z,0.33,5.6,1,0.7,1.5,0.806,259
2021-08-09T00:00:00.000Z,0.7,3.27,1.22,1,1.62,0.453,211
2021-08-10T00:00:00.000Z,1.77,6.1,2.54,2.29,3,0.871,267
2021-08-11T00:00:00.000Z,2.29,7.4,3.35,2.83,3.85,0.75,215
2021-08-12T00:00:00.000Z,2.58,9.65,4.13,3.6,4.53,0.798,252
2021-08-13T00:00:00.000Z,2.2,11.38,3.62,3.22,4.3,0.998,458
2021-08-14T00:00:00.000Z,3.47,14.83,4.95,4.37,5.92,1.145,395
2021-08-15T00:00:00.000Z,2.87,8,6.3,5.97,6.65,0.799,405
2021-08-16T00:00:00.000Z,0.4,37.4,1.95,0.9,3.71,2.214,456
2021-08-17T00:00:00.000Z,0.25,12.82,4.2,0.82,7.84,3.76,456
2021-08-18T00:00:00.000Z,1.32,10.85,6,1.9,9.4,3.491,379
2021-08-19T00:00:00.000Z,1.4,4.34,2.2,1.95,2.7,0.623,438
2021-08-20T00:00:00.000Z,1.5,6.05,3.02,2.31,3.86,0.997,416
2021-08-21T00:00:00.000Z,2.2,7.37,3.58,3,4,0.634,448
2021-08-22T00:00:00.000Z,1.1,4.55,3.22,1.8,3.7,0.977,430
2021-08-23T00:00:00.000Z,0.8,2.29,1.27,1.1,1.47,0.259,483
2021-08-24T00:00:00.000Z,1.14,4.62,2.12,1.7,2.6,0.554,469
2021-08-25T00:00:00.000Z,0.93,3.5,1.9,1.65,2.25,0.494,455
2021-08-26T00:00:00.000Z,1.47,8.23,2.75,2.17,3.12,0.712,328
2021-08-27T00:00:00.000Z,1.2,4.4,2.29,1.8,3.02,0.755,373
2021-08-28T00:00:00.000Z,0.6,2.83,1.44,1,1.72,0.421,322
2021-08-29T00:00:00.000Z,0.8,2.9,1.2,1.02,1.77,0.472,334
2021-08-30T00:00:00.000Z,0.7,4.03,2.47,1.55,2.87,0.795,419
2021-08-31T00:00:00.000Z,1.07,4,2.58,2.04,3,0.62,431
2021-09-01T00:00:00.000Z,1.8,5.3,3.05,2.54,3.4,0.631,429
2021-09-02T00:00:00.000Z,1.67,5.67,3.02,2.72,3.65,0.743,435
2021-09-03T00:00:00.000Z,2.4,11.22,4.21,3.47,4.95,1.088,452
2021-09-04T00:00:00.000Z,1.6,11.08,3.37,2.29,4.42,1.419,433
2021-09-05T00:00:00.000Z,1.4,46.37,2.87,2.6,3.4,2.471,386
2021-09-06T00:00:00.000Z,2.1,5.62,3.4,2.9,3.9,0.706,377
2021-09-07T00:00:00.000Z,2.72,8.8,4.3,3.72,4.71,0.753,360
2021-09-08T00:00:00.000Z,2.92,6.8,4.17,3.7,4.91,0.781,453
2021-09-09T00:00:00.000Z,3.3,9.88,5.55,4.87,6.15,1.029,412
2021-09-10T00:00:00.000Z,5.03,24.3,7.33,6.4,8.65,1.574,462
2021-09-11T00:00:00.000Z,0.8,9.85,5.49,1.8,7.22,2.66,490
2021-09-12T00:00:00.000Z,0.98,11.25,3.02,1.9,3.75,1.213,487
2021-09-13T00:00:00.000Z,1.57,4.42,2.67,2.35,3.17,0.566,453
2021-09-14T00:00:00.000Z,1.5,7.17,3.22,2.25,4.62,1.314,466
2021-09-15T00:00:00.000Z,1.27,10.13,4.12,3.65,4.87,1.314,459
2021-09-16T00:00:00.000Z,1.6,11.28,3.4,2.58,4.34,1.524,454
2021-09-17T00:00:00.000Z,1.52,8.25,3,2.27,3.87,1.229,418
2021-09-18T00:00:00.000Z,0.1,5.67,2.98,2.1,3.5,1.027,481
2021-09-19T00:00:00.000Z,0.1,9.48,0.45,0.3,0.7,1.079,483
2021-09-20T00:00:00.000Z,0.2,3.83,0.9,0.75,1.1,0.387,443
2021-09-21T00:00:00.000Z,0.3,4.58,1.3,0.93,1.85,0.573,454
2021-09-22T00:00:00.000Z,1.5,8.35,3.1,2.5,4.47,1.407,428
2021-09-23T00:00:00.000Z,2.2,8.88,4.83,3.62,5.9,1.448,466
2021-09-24T00:00:00.000Z,1.5,8.52,4.08,3.25,4.9,1.195,477
2021-09-25T00:00:00.000Z,2.54,18.17,3.9,3.45,4.3,1.025,302
2021-09-26T00:00:00.000Z,3.92,10.68,7.7,6.08,8.52,1.592,419
2021-09-27T00:00:00.000Z,0.3,38.9,5.97,3.6,7.6,3.97,445
2021-09-28T00:00:00.000Z,0.23,2.47,1.07,0.78,1.44,0.451,453
2021-09-29T00:00:00.000Z,0.2,9.38,0.75,0.5,2,0.966,447
2021-09-30T00:00:00.000Z,0.2,13.35,0.8,0.6,1.2,0.766,453
2021-10-01T00:00:00.000Z,1.12,20.27,3.21,2,6.1,2.213,446
2021-10-02T00:00:00.000Z,1.4,25.37,3.06,2.16,6.61,2.686,448
2021-10-03T00:00:00.000Z,0,22.1,1.55,0.56,1.82,1.258,475
2021-10-04T00:00:00.000Z,0,4,0.5,0.2,0.8,0.496,468
2021-10-05T00:00:00.000Z,0,5.85,0.9,0.5,1.37,0.758,462
2021-10-06T00:00:00.000Z,0.15,1.7,0.5,0.4,0.7,0.254,474
2021-10-07T00:00:00.000Z,0.08,3.92,0.53,0.4,0.75,0.379,452
2021-10-08T00:00:00.000Z,0.7,4.7,1.8,1.3,2.8,0.9,489
2021-10-09T00:00:00.000Z,1.45,12.7,3.62,2.5,6.15,3.128,486
2021-10-10T00:00:00.000Z,4.84,13.05,7.58,6.52,9.18,1.779,477
2021-10-11T00:00:00.000Z,3.2,28.35,5.6,4.84,6.42,1.62,458
2021-10-12T00:00:00.000Z,2.08,10.02,5.8,4.08,7.17,2.015,482
2021-10-13T00:00:00.000Z,0.85,3.47,2.12,1.82,2.5,0.509,450
2021-10-14T00:00:00.000Z,1.57,7.65,3.2,2.6,4.45,1.13,446
2021-10-15T00:00:00.000Z,1.52,10,4.59,3.17,5.12,1.386,375
2021-10-16T00:00:00.000Z,5.5,14.18,8.14,7.37,8.66,1.134,112
2021-10-17T00:00:00.000Z,1.8,15.25,5.97,4.15,7.72,2.292,403
2021-10-18T00:00:00.000Z,1.6,8.68,4.83,3,5.45,1.453,442
2021-10-19T00:00:00.000Z,1.82,13.15,4.67,3.85,5.55,1.856,427
2021-10-20T00:00:00.000Z,0.88,7.8,1.4,1.2,4.42,1.839,438
2021-10-21T00:00:00.000Z,0.6,3.98,1.29,1,1.9,0.59,436
2021-10-22T00:00:00.000Z,0.28,9.33,1.65,0.7,2.27,0.944,459
2021-10-23T00:00:00.000Z,0.9,9.25,2.6,1.9,3.52,1.326,483
2021-10-24T00:00:00.000Z,1.52,7.47,4.05,3.22,4.65,1.22,452
2021-10-25T00:00:00.000Z,1.45,11,4.75,3.45,5.5,1.692,465
2021-10-26T00:00:00.000Z,0.6,10.13,2.37,1.22,6.67,2.842,462
2021-10-27T00:00:00.000Z,1.7,10.8,3.92,2.67,5.35,1.547,466
2021-10-28T00:00:00.000Z,2.37,9.38,6.5,5.24,7.22,1.586,440
2021-10-29T00:00:00.000Z,0.68,8.38,4,1.32,6.4,2.526,454
2021-10-30T00:00:00.000Z,0,10.5,0.6,0.28,1.3,1.029,462
2021-10-31T00:00:00.000Z,0,7.4,1.37,0.5,3.11,1.992,473
2021-11-01T00:00:00.000Z,0,48.3,1.11,0.4,2.33,2.924,324
2021-11-02T00:00:00.000Z,0.17,4.75,1.2,0.72,1.82,0.897,435
2021-11-03T00:00:00.000Z,0,6.67,1,0.6,1.45,0.876,435
2021-11-04T00:00:00.000Z,0.1,6.05,1.3,0.62,2.4,1.504,405
2021-11-05T00:00:00.000Z,1.07,19.07,3.98,2.25,5.2,2.594,390
2021-11-06T00:00:00.000Z,1.3,24.07,4.01,2.76,6.54,2.347,448
2021-11-07T00:00:00.000Z,2.4,13.85,7.4,6.25,9.38,2.197,462
2021-11-08T00:00:00.000Z,1.55,13,4.69,2.47,7.92,3.168,374
2021-11-09T00:00:00.000Z,2.65,11.97,4.45,3.9,6.42,2.208,409
2021-11-10T00:00:00.000Z,6.37,18.25,11.65,10.68,13.05,2.17,414
2021-11-11T00:00:00.000Z,10.19,25.1,15.7,14.55,16.87,1.936,403
2021-11-12T00:00:00.000Z,14.3,30.8,20.59,16.73,22.78,3.787,384
2021-11-13T00:00:00.000Z,8.5,198.45,14.84,13.48,18.48,9.482,426
2021-11-14T00:00:00.000Z,1.7,42.13,12.54,7.48,17.11,6.334,408
2021-11-15T00:00:00.000Z,3.8,11.83,6.22,5.5,8.05,1.729,457
2021-11-16T00:00:00.000Z,1.9,20.05,11.15,5.09,12.85,4.295,425
2021-11-17T00:00:00.000Z,0.6,8.94,1.2,1,2.31,2.056,301
2021-11-18T00:00:00.000Z,5.17,19.6,9.15,8.38,10.15,1.583,425
2021-11-19T00:00:00.000Z,2.2,39.45,5.75,2.98,10.78,5.106,343
2021-11-20T00:00:00.000Z,7,43.87,15.45,10.84,21.79,6.388,384
2021-11-21T00:00:00.000Z,9.38,27.7,15.12,12.23,21,4.641,382
2021-11-22T00:00:00.000Z,3.02,23.25,4.8,3.95,6.8,5.122,408
2021-11-23T00:00:00.000Z,6.75,16.42,9.23,8.18,10.55,1.493,450
2021-11-24T00:00:00.000Z,2.93,18.27,9.88,8.4,11.25,3.099,414
2021-11-25T00:00:00.000Z,9.02,22.67,17.42,15.77,18.69,2.131,457
2021-11-26T00:00:00.000Z,3.58,19.07,11.55,7.35,13.32,3.607,390
2021-11-27T00:00:00.000Z,0.3,18.07,7.17,5.24,8.98,2.908,357
2021-11-28T00:00:00.000Z,0.1,21.07,2.1,0.9,3.47,2.211,403
2021-11-29T00:00:00.000Z,0.1,3.52,1.22,0.56,1.9,0.78,311
2021-11-30T00:00:00.000Z,1.77,9.65,4.34,3.1,6.9,1.992,471
2021-12-01T00:00:00.000Z,3.08,20.8,7.92,6.45,13.59,4.32,405
2021-12-02T00:00:00.000Z,0.1,22.8,10.94,4.7,18.32,7.06,254
2021-12-04T00:00:00.000Z,1,14.83,7.71,5.3,8.82,2.253,304
2021-12-05T00:00:00.000Z,0.3,10.48,3.36,2.29,4.7,1.763,246
2021-12-06T00:00:00.000Z,0.7,62.9,7.4,5.69,8.49,3.364,421
2021-12-07T00:00:00.000Z,0.3,33.5,6.94,4.98,8.61,3.338,440
2021-12-08T00:00:00.000Z,0.56,33.02,3.05,2.47,5,2.85,467
2021-12-09T00:00:00.000Z,0.33,12.25,2.1,1.34,6.65,2.985,428
2021-12-10T00:00:00.000Z,0.1,10.4,2.2,1.09,3.83,1.967,441
2021-12-11T00:00:00.000Z,0.62,9.83,1.7,1.4,2.15,1.177,420
2021-12-12T00:00:00.000Z,2.5,16.75,4.33,3.55,9.3,3.174,464
2021-12-13T00:00:00.000Z,6.78,21.87,11.25,9.89,18.48,4.399,461
2021-12-14T00:00:00.000Z,7.78,24.8,13.68,12,17.95,3.282,431
2021-12-15T00:00:00.000Z,5.3,22.35,14.03,7.9,17.19,4.606,345
2021-12-16T00:00:00.000Z,9.25,20.2,11.39,10.75,12.03,1.214,306
2021-12-17T00:00:00.000Z,4.7,10.55,7.95,5.95,9.19,1.696,254
2021-12-18T00:00:00.000Z,7.03,22.9,11.5,9.94,14.07,3.108,191
2021-12-19T00:00:00.000Z,15.13,28.77,18.37,17.67,19.27,1.501,443
2021-12-20T00:00:00.000Z,11.97,24.32,15.43,14.6,17.02,1.791,443
2021-12-21T00:00:00.000Z,8.05,44.67,14.28,10.13,18.23,4.545,427
2021-12-22T00:00:00.000Z,12.15,28,17.25,15.08,19.66,2.652,424
2021-12-23T00:00:00.000Z,4.3,20.23,12.43,7.92,13.79,3.434,324
2021-12-24T00:00:00.000Z,6.12,24.55,11.25,8.15,17.44,5.339,365
2021-12-25T00:00:00.000Z,6.37,25.2,10.97,8.63,14.1,3.802,450
2021-12-26T00:00:00.000Z,3.67,17.7,8.94,6.35,11.8,3.094,481
2021-12-27T00:00:00.000Z,4.45,15.78,8.24,6.25,10.13,2.364,474
2021-12-28T00:00:00.000Z,0.3,14.7,5.99,3,8.43,3.848,374
2021-12-29T00:00:00.000Z,1.9,18.52,3.25,2.72,4.16,2.44,80
2022-01-04T00:00:00.000Z,0.1,0.28,0.1,0.1,0.19,0.063,8
2022-01-05T00:00:00.000Z,0,3.58,0.65,0.3,0.82,0.385,381
2022-01-06T00:00:00.000Z,0.4,4.87,1.05,0.8,1.5,0.645,323
2022-01-07T00:00:00.000Z,2.22,17.92,4.97,3.7,10.37,3.764,316
2022-01-08T00:00:00.000Z,0.6,12.55,6.82,5.28,8.68,2.275,288
2022-01-09T00:00:00.000Z,0.15,9.25,2.17,1.3,4.45,2.233,336
2022-01-10T00:00:00.000Z,0.7,16.17,2.9,1.5,8,4.014,422
2022-01-11T00:00:00.000Z,1.9,13.62,4.55,3.2,9.53,3.432,428
2022-01-12T00:00:00.000Z,3.47,11.85,5.2,4.59,7.44,2.07,465
2022-01-13T00:00:00.000Z,8.48,21.65,11.74,10.63,14.85,2.517,442
2022-01-14T00:00:00.000Z,8.6,20.92,14.68,13.22,15.63,1.901,387
2022-01-15T00:00:00.000Z,9.43,20.7,15.19,14.03,16.63,2.138,424
2022-01-16T00:00:00.000Z,11.18,36.38,15.63,13.85,19.77,3.993,433
2022-01-17T00:00:00.000Z,10.8,34.95,22.01,20.55,23.47,3.523,414
2022-01-18T00:00:00.000Z,11.93,26.3,18.5,15.9,23.6,4.116,447
2022-01-19T00:00:00.000Z,4.09,22,14.75,13.02,15.78,3.172,397
2022-01-20T00:00:00.000Z,0.88,9.43,4.08,3.12,6.21,2.139,377
2022-01-21T00:00:00.000Z,0.47,6.35,1.39,1,1.75,0.899,436
2022-01-22T00:00:00.000Z,3.47,17.17,6.3,4.9,8.18,2.498,385
2022-01-23T00:00:00.000Z,7.67,22.8,12.9,10.93,15.03,2.775,447
2022-01-24T00:00:00.000Z,10.23,25.92,14.5,13.55,15.1,1.511,470
2022-01-25T00:00:00.000Z,7.62,22.93,15.43,11.22,16.97,3.294,443
2022-01-26T00:00:00.000Z,5.92,38.45,15.47,13.32,17.09,4.641,448
2022-01-27T00:00:00.000Z,20.12,55.03,24.75,23.73,25.91,3.861,384
2022-01-28T00:00:00.000Z,5.97,58.1,18.88,17.45,20.43,5.736,418
2022-01-29T00:00:00.000Z,18.48,52.33,22.32,21.02,23.91,4.482,413
2022-01-30T00:00:00.000Z,16.48,36.2,22.07,20.52,23.07,2.364,447
2022-01-31T00:00:00.000Z,0.3,54.42,13.03,0.99,18.23,10.696,441
2022-02-01T00:00:00.000Z,0.4,20.35,1.1,0.9,2.02,1.369,400
2022-02-02T00:00:00.000Z,0.2,12.15,3.85,0.7,7.78,3.707,434
2022-02-03T00:00:00.000Z,1.8,30.92,6.25,4.98,7.37,2.606,408
2022-02-04T00:00:00.000Z,1.1,16.85,9.77,7.35,11.77,3.877,429
2022-02-05T00:00:00.000Z,0.88,23.9,1.64,1.27,6.15,3.717,394
2022-02-06T00:00:00.000Z,0.8,10.28,3.85,3.15,5.72,1.644,436
2022-02-07T00:00:00.000Z,0.1,10.23,0.9,0.5,4.7,2.848,407
2022-02-08T00:00:00.000Z,1,8.58,2.58,1.8,4.3,1.779,384
2022-02-09T00:00:00.000Z,1.92,16.7,6.22,3.8,7.72,2.685,427
2022-02-10T00:00:00.000Z,2.92,19.89,8.02,5.9,9.02,2.299,407
2022-02-11T00:00:00.000Z,0.6,8.48,2.04,1,5.05,2.3,390
2022-02-12T00:00:00.000Z,2.12,21.02,3.98,3.4,5.56,2.502,445
2022-02-13T00:00:00.000Z,0.68,10.58,3.6,1.3,7.53,3.119,439
2022-02-14T00:00:00.000Z,0.1,12.4,0.74,0.3,3,3.601,406
2022-02-15T00:00:00.000Z,0.2,10.82,3.5,0.82,5.73,2.78,389
2022-02-16T00:00:00.000Z,2.08,16.75,4.83,3.82,7.61,3.324,472
2022-02-17T00:00:00.000Z,1.92,19.3,9.11,4.3,16.39,5.922,442
2022-02-18T00:00:00.000Z,0.15,8.18,2.8,1.7,3.8,1.583,412
2022-02-19T00:00:00.000Z,0.23,5.47,1,0.8,1.32,0.494,429
2022-02-20T00:00:00.000Z,0.3,6.55,2,1.07,2.85,1.344,395
2022-02-21T00:00:00.000Z,0,6.25,1.7,1.27,2.27,1.092,399
2022-02-22T00:00:00.000Z,0.1,5.33,1.45,0.9,2.04,0.713,429
2022-02-23T00:00:00.000Z,0.2,5.47,2.1,1.45,3.4,1.22,422
2022-02-24T00:00:00.000Z,1.62,7.72,3.24,2.52,4.17,1.064,474
2022-02-25T00:00:00.000Z,0.2,3.7,0.69,0.5,0.8,0.313,444
2022-02-26T00:00:00.000Z,0.56,6.08,1.1,0.9,1.82,1.3,413
2022-02-27T00:00:00.000Z,1.17,42.17,3.4,2.58,4.12,2.219,413
2022-02-28T00:00:00.000Z,1.22,6.3,3.89,2.67,4.59,1.13,406
2022-03-01T00:00:00.000Z,4.25,8.69,6.1,5.47,6.65,0.815,446
2022-03-02T00:00:00.000Z,1.62,21.7,5.8,3.22,9.9,4.143,431
2022-03-03T00:00:00.000Z,5.6,14.47,7.83,7.1,9.32,1.622,365
2022-03-04T00:00:00.000Z,5.67,16.14,11.5,8.43,13.05,2.766,258
2022-03-05T00:00:00.000Z,5.47,12,8.02,6.95,8.9,1.26,419
2022-03-06T00:00:00.000Z,6.65,13.45,9.9,9.22,10.38,0.9,417
2022-03-07T00:00:00.000Z,10.1,30.35,14.25,12.2,15.72,2.496,408
2022-03-08T00:00:00.000Z,5.85,31.3,15.95,8.44,17.89,4.956,407
2022-03-09T00:00:00.000Z,2.85,63.55,7.7,4.69,13.72,5.371,428
2022-03-10T00:00:00.000Z,2.2,13.95,5.65,3.2,10,3.443,430
2022-03-11T00:00:00.000Z,1.72,11.25,6.52,3.19,8.72,2.849,412
2022-03-12T00:00:00.000Z,1.65,6.33,3.05,2.38,3.6,0.836,488
2022-03-13T00:00:00.000Z,0,49.45,1.82,0.5,4.83,3.929,369
2022-03-14T00:00:00.000Z,0.2,6.92,2.8,1.37,4.09,1.683,411
2022-03-15T00:00:00.000Z,1.02,8.38,4.05,2.77,5.35,1.479,422
2022-03-16T00:00:00.000Z,1.9,14.58,5.03,3.32,6.39,1.928,425
2022-03-17T00:00:00.000Z,5.2,19.82,8.75,7.15,13.55,3.464,407
2022-03-18T00:00:00.000Z,9.02,29.35,19.27,15.85,21.42,3.939,351
2022-03-19T00:00:00.000Z,6.22,77.72,18.63,12.89,25.54,7.516,384
2022-03-20T00:00:00.000Z,4.08,17.1,7.02,5.75,14.23,4.196,450
2022-03-21T00:00:00.000Z,4,10.4,6.92,5.95,7.97,1.353,426
2022-03-22T00:00:00.000Z,2.7,16.48,6.72,5.36,8.15,2.069,389
2022-03-23T00:00:00.000Z,3.25,8.63,5.44,4.86,6.17,1.034,428
2022-03-24T00:00:00.000Z,3.4,10.15,5.08,4.46,6.45,1.602,472
2022-03-25T00:00:00.000Z,3.2,8.18,5.7,4.53,6.78,1.26,473
2022-03-26T00:00:00.000Z,4.08,10.4,6.25,5.35,7.22,1.267,408
2022-03-27T00:00:00.000Z,3.37,8.18,4.8,4.34,5.6,1.002,383
2022-03-28T00:00:00.000Z,3.5,11.65,5.44,4.87,5.95,0.928,460
2022-03-29T00:00:00.000Z,3.15,11.75,6.2,4.34,7.45,1.942,423
2022-03-30T00:00:00.000Z,1.7,9.83,4.28,3.25,5.4,1.477,479
2022-03-31T00:00:00.000Z,0.5,14.75,3.25,2.15,7.75,3.352,439
2022-04-01T00:00:00.000Z,0.1,17.95,0.88,0.5,2.2,3.683,366
2022-04-02T00:00:00.000Z,0.1,5.87,2.95,1.75,3.55,1.253,395
2022-04-03T00:00:00.000Z,2.57,8.65,5.57,4.34,6.25,1.219,438
2022-04-04T00:00:00.000Z,5.05,11.9,7.92,7.11,8.94,1.399,429
2022-04-05T00:00:00.000Z,1.3,31.17,3.5,2.4,9.86,4.677,444
2022-04-06T00:00:00.000Z,0.5,8.69,2.7,1.55,3.85,1.796,446
2022-04-07T00:00:00.000Z,0.3,5.2,1.45,0.9,2.77,1.101,432
2022-04-08T00:00:00.000Z,0.1,15.45,2.95,0.8,6.72,3.216,459
2022-04-09T00:00:00.000Z,0,5.78,0.5,0.28,1.14,1.347,435
2022-04-10T00:00:00.000Z,0.4,6.9,2.11,0.92,3.86,1.822,408
2022-04-11T00:00:00.000Z,0.33,4.7,1.36,0.85,2,0.702,472
2022-04-12T00:00:00.000Z,0.4,6.4,1.1,0.8,2.08,0.925,448
2022-04-13T00:00:00.000Z,1,5.75,1.87,1.45,2.45,0.654,413
2022-04-14T00:00:00.000Z,1.37,4.83,2.4,2,2.79,0.572,417
2022-04-15T00:00:00.000Z,1.1,7.85,3.5,2.29,4.34,1.34,446
2022-04-16T00:00:00.000Z,0.4,14.18,2.04,1.1,2.75,1.202,406
2022-04-17T00:00:00.000Z,0.65,4.03,1.6,1.3,2.08,0.646,419
2022-04-18T00:00:00.000Z,0.4,2.9,1.2,0.78,1.5,0.455,414
2022-04-19T00:00:00.000Z,0.4,3.17,0.8,0.7,1.11,0.494,457
2022-04-20T00:00:00.000Z,0.62,5.83,1.85,1.3,2.35,0.989,437
2022-04-21T00:00:00.000Z,1.1,9.27,2.65,2.1,3.58,1.173,438
2022-04-22T00:00:00.000Z,0.9,19.14,2.37,1.81,3.22,1.296,441
2022-04-23T00:00:00.000Z,0,3.52,0.4,0.2,1.2,0.601,414
2022-04-24T00:00:00.000Z,0,1.3,0.3,0.2,0.42,0.24,447
2022-04-25T00:00:00.000Z,0.35,5.75,1.77,1.2,3.2,1.29,391
2022-04-26T00:00:00.000Z,1.1,7.08,2.25,1.84,2.82,0.826,345
2022-04-27T00:00:00.000Z,1,6,2.1,1.6,2.58,0.684,277
2022-04-28T00:00:00.000Z,0.9,7.58,2.2,1.67,3.01,0.926,428
2022-04-29T00:00:00.000Z,0.7,8.58,1.6,1.2,2.15,0.745,429
2022-04-30T00:00:00.000Z,0.9,4.62,1.8,1.52,2.25,0.555,471
2022-05-01T00:00:00.000Z,1.4,4.95,2.52,2.04,3.1,0.737,449
2022-05-02T00:00:00.000Z,0.98,4.5,2.65,1.9,3.25,0.788,465
2022-05-03T00:00:00.000Z,1.3,6.9,2.35,1.82,2.98,0.907,439
2022-05-04T00:00:00.000Z,0.5,5.6,1.92,1.3,2.54,0.879,441
2022-05-05T00:00:00.000Z,0.3,5.85,1.45,0.83,2.89,1.3,436
2022-05-06T00:00:00.000Z,1.02,5.78,3.65,2.37,4.45,1.227,450
2022-05-07T00:00:00.000Z,2.1,9.93,3.75,3.12,4.4,1.181,436
2022-05-08T00:00:00.000Z,1.17,5.8,3.1,2,3.8,1.012,468
2022-05-09T00:00:00.000Z,0.9,17.7,2,1.65,2.4,0.999,423
2022-05-10T00:00:00.000Z,0.82,12.25,2.11,1.85,2.58,0.888,428
2022-05-11T00:00:00.000Z,1.1,9.68,2.22,1.6,3.45,1.16,431
2022-05-12T00:00:00.000Z,1.2,5.3,2.08,1.87,2.37,0.397,436
2022-05-13T00:00:00.000Z,1.1,16.07,2.7,1.95,3.55,1.215,424
2022-05-14T00:00:00.000Z,1.42,6.97,3.72,2.35,5,1.405,487
2022-05-15T00:00:00.000Z,2.47,6.37,3.98,3.42,4.67,0.782,459
2022-05-16T00:00:00.000Z,1.6,5.28,3.02,2.7,3.5,0.584,447
2022-05-17T00:00:00.000Z,1.7,6.4,3.45,2.7,4.21,0.927,461
2022-05-18T00:00:00.000Z,1.7,6.95,2.64,2.27,3.17,0.94,442
2022-05-19T00:00:00.000Z,1.8,13.18,3.55,2.8,4.22,1.088,483
2022-05-20T00:00:00.000Z,1.1,4.87,2.1,1.71,2.5,0.523,485
2022-05-21T00:00:00.000Z,1.4,13.25,2.42,2.1,3.46,1.759,477
2022-05-22T00:00:00.000Z,2.75,7.6,4.3,3.9,4.62,0.554,467
2022-05-23T00:00:00.000Z,1.6,7.62,3.75,3.15,5.2,1.302,447
2022-05-24T00:00:00.000Z,0.1,13.48,0.9,0.4,1.4,1.325,443
2022-05-25T00:00:00.000Z,0.1,2.5,0.4,0.33,0.5,0.278,478
2022-05-26T00:00:00.000Z,0.1,1.1,0.4,0.33,0.5,0.135,440
2022-05-27T00:00:00.000Z,0.3,1.4,0.62,0.5,0.8,0.181,453
2022-05-28T00:00:00.000Z,0.5,5.53,0.95,0.8,1.27,1.05,486
2022-05-29T00:00:00.000Z,0.3,6.62,0.6,0.53,0.72,0.372,474
2022-05-30T00:00:00.000Z,0.42,4,0.9,0.72,1.02,0.331,447
2022-05-31T00:00:00.000Z,0.88,25.68,1.8,1.5,2.6,2.06,431
2022-06-01T00:00:00.000Z,1.3,110.05,2.47,2.02,3.4,10.4,415
2022-06-02T00:00:00.000Z,0.88,6.12,2.29,1.5,3.1,0.992,352
2022-06-03T00:00:00.000Z,1.6,6,2.75,2.29,3.65,0.967,371
2022-06-04T00:00:00.000Z,2.45,5.9,3.3,3,3.6,0.493,436
2022-06-05T00:00:00.000Z,0.5,4.65,1.5,1.1,2.6,1.014,339
2022-06-06T00:00:00.000Z,0.4,4.7,1.1,0.93,1.4,0.497,399
2022-06-07T00:00:00.000Z,0.3,3.05,0.7,0.55,1.6,0.63,443
2022-06-08T00:00:00.000Z,0.2,2.5,0.82,0.68,1.02,0.324,448
2022-06-09T00:00:00.000Z,0.2,1.67,0.6,0.5,0.8,0.258,379
2022-06-10T00:00:00.000Z,0.5,1.75,0.82,0.7,1,0.228,283
2022-06-11T00:00:00.000Z,0.45,2.98,1,0.8,1.22,0.373,345
2022-06-12T00:00:00.000Z,0.4,2.33,0.82,0.7,1.22,0.376,182
2022-06-13T00:00:00.000Z,0.5,3.62,1.27,0.9,1.65,0.574,433
2022-06-14T00:00:00.000Z,0.7,4.37,1.5,1.3,1.8,0.432,425
2022-06-15T00:00:00.000Z,2.04,9.38,3.47,2.98,4,1.248,423
2022-06-16T00:00:00.000Z,1.6,5.09,2.58,2.22,3.17,0.646,405
2022-06-17T00:00:00.000Z,1.5,5.55,2.5,2.2,3.1,0.72,402
2022-06-18T00:00:00.000Z,1.98,20.68,3.95,3.05,5.37,1.93,429
2022-06-19T00:00:00.000Z,1.9,10.63,4.59,3.9,5.95,1.595,422
2022-06-20T00:00:00.000Z,1.47,3.2,2.12,1.95,2.33,0.29,405
2022-06-21T00:00:00.000Z,1.7,6.7,3.71,2.72,4.3,1.074,384
2022-06-22T00:00:00.000Z,1.22,7.6,4.37,3.7,4.8,1.039,358
2022-06-23T00:00:00.000Z,1.2,4.33,2.72,2.29,3.1,0.63,387
2022-06-24T00:00:00.000Z,0.05,10.6,0.93,0.5,2.42,1.149,454
2022-06-25T00:00:00.000Z,0.33,14.93,0.7,0.56,0.9,0.899,494
2022-06-26T00:00:00.000Z,0.6,3.08,1.3,1.1,1.5,0.325,474
2022-06-27T00:00:00.000Z,0.2,1.7,0.7,0.5,0.9,0.274,412
2022-06-28T00:00:00.000Z,0.3,3.47,1.1,0.82,1.27,0.407,435
2022-06-29T00:00:00.000Z,0.9,3.9,1.72,1.45,2.1,0.537,460
2022-06-30T00:00:00.000Z,0.1,4.2,1.8,0.97,2.29,0.889,477
2022-07-01T00:00:00.000Z,0.1,1.2,0.4,0.3,0.5,0.191,463
2022-07-02T00:00:00.000Z,0.3,6.15,0.7,0.56,1.04,0.696,489
2022-07-03T00:00:00.000Z,0.7,4.05,1.32,1.17,1.6,0.48,492
2022-07-04T00:00:00.000Z,0.6,2.83,1.4,1.02,1.75,0.448,481
2022-07-05T00:00:00.000Z,0.2,2.12,0.9,0.53,1.13,0.355,484
2022-07-06T00:00:00.000Z,0.4,1.42,0.8,0.7,0.93,0.17,493
2022-07-07T00:00:00.000Z,0.5,1.6,0.88,0.7,1,0.199,330
2022-07-08T00:00:00.000Z,0.42,8.25,0.8,0.69,0.93,0.41,481
2022-07-09T00:00:00.000Z,0.7,3.02,1.3,1.1,1.47,0.307,489
2022-07-10T00:00:00.000Z,1.1,2.4,1.62,1.5,1.85,0.24,147
2022-07-11T00:00:00.000Z,0.8,2.62,1.3,1.14,1.5,0.3,471
2022-07-12T00:00:00.000Z,0.3,2.1,0.9,0.65,1.25,0.364,482
2022-07-13T00:00:00.000Z,0.56,3.08,1.27,0.9,1.6,0.42,429
2022-07-14T00:00:00.000Z,0.93,21.05,2.27,1.4,3.1,1.646,430
2022-07-15T00:00:00.000Z,0.95,6.97,1.7,1.47,2.02,0.737,435
2022-07-16T00:00:00.000Z,0.9,3.55,1.92,1.3,2.27,0.527,406
2022-07-17T00:00:00.000Z,1.14,2.77,1.98,1.8,2.1,0.25,349
2022-07-18T00:00:00.000Z,1.87,5.78,2.75,2.45,3.1,0.481,448
2022-07-19T00:00:00.000Z,3.05,9.73,5.08,4.59,6.79,1.441,444
2022-07-20T00:00:00.000Z,2.4,10.25,6.4,5.47,7.58,1.653,498
2022-07-21T00:00:00.000Z,2.5,7.6,4.33,3.24,5.72,1.343,488
2022-07-22T00:00:00.000Z,3.35,7.22,5.09,4.47,5.8,0.938,479
2022-07-23T00:00:00.000Z,3.92,8.4,5.92,4.75,6.67,1.099,411
2022-07-24T00:00:00.000Z,3.2,7.12,4.97,4.2,5.91,0.961,340
2022-07-25T00:00:00.000Z,1.1,6.58,4.58,4.12,5.09,1.02,489
2022-07-26T00:00:00.000Z,0.3,1.8,0.95,0.68,1.2,0.354,468
2022-07-27T00:00:00.000Z,0.37,1.62,0.8,0.7,0.9,0.183,458
2022-07-28T00:00:00.000Z,0.6,4.9,1.25,1.07,1.5,0.45,452
2022-07-29T00:00:00.000Z,0.8,22.77,2,1.65,2.92,1.481,442
2022-07-30T00:00:00.000Z,0.3,3.75,1.1,0.72,1.71,0.595,441
2022-07-31T00:00:00.000Z,0.6,4.65,1.07,0.93,1.2,0.263,449
2022-08-01T00:00:00.000Z,0.47,2.45,1.1,0.8,1.55,0.459,391
2022-08-02T00:00:00.000Z,0.4,2.35,1.05,0.8,1.57,0.455,438
2022-08-03T00:00:00.000Z,0.7,2.45,1.25,1.07,1.5,0.316,464
2022-08-04T00:00:00.000Z,1.4,5.53,2.35,2.1,2.7,0.506,443
2022-08-05T00:00:00.000Z,1.47,5.7,2.9,2.46,3.33,0.64,492
2022-08-06T00:00:00.000Z,1.65,6.17,2.42,2.17,2.8,0.635,489
2022-08-07T00:00:00.000Z,1.75,6,2.8,2.35,3.37,0.806,471
2022-08-08T00:00:00.000Z,1.07,13.88,2.4,1.9,2.8,2.148,458
2022-08-09T00:00:00.000Z,1.2,117.93,2.08,1.8,2.33,5.623,449
2022-08-10T00:00:00.000Z,1.25,4.55,2.11,1.9,2.35,0.375,440
2022-08-11T00:00:00.000Z,1.22,4.03,2.4,2.1,2.7,0.461,405
2022-08-12T00:00:00.000Z,2.1,7.9,3.17,2.87,3.35,0.789,157
2022-08-15T00:00:00.000Z,3.7,3.7,3.7,3.7,3.7,0,1
2022-08-16T00:00:00.000Z,2.77,6.45,4,3.62,4.34,0.536,359
2022-08-17T00:00:00.000Z,2.04,7.12,4.8,3.2,5.67,1.345,444
2022-08-18T00:00:00.000Z,0.9,8.9,2.04,1.72,2.35,0.695,443
2022-08-19T00:00:00.000Z,0.9,10.15,3,1.7,5.8,2.306,441
2022-08-20T00:00:00.000Z,0.1,6.9,0.5,0.3,5.37,2.477,423
2022-08-21T00:00:00.000Z,0.3,2.67,0.8,0.62,1.02,0.339,438
2022-08-22T00:00:00.000Z,0.6,2.58,1.23,1,1.5,0.366,374
2022-08-23T00:00:00.000Z,0.72,8.33,1.5,1.2,1.8,0.937,360
2022-08-24T00:00:00.000Z,1.4,5.3,2.54,2.17,2.9,0.55,429
2022-08-25T00:00:00.000Z,0.8,4.87,1.69,1.1,3.25,1.104,418
2022-08-26T00:00:00.000Z,0.82,7.05,1.7,1.32,2.06,0.541,436
2022-08-27T00:00:00.000Z,1.9,5.6,3.47,2.9,4.08,0.784,369
2022-08-28T00:00:00.000Z,2.98,532.58,4.34,3.67,4.97,24.551,463
2022-08-29T00:00:00.000Z,1.67,112.05,4.2,3.2,4.8,5.665,459
2022-08-30T00:00:00.000Z,0.8,472.02,3.92,2.7,4.33,24.65,437
2022-08-31T00:00:00.000Z,1.6,292.92,2.99,2.33,4.13,16.945,432
2022-09-01T00:00:00.000Z,1.22,210.8,2.45,1.94,3.02,10.9,429
2022-09-02T00:00:00.000Z,1.57,490.15,3,2.6,3.5,27.765,459
2022-09-03T00:00:00.000Z,1.2,532.85,2.08,1.75,2.4,38.303,472
2022-09-04T00:00:00.000Z,0.85,290.64,1.85,1.4,2.2,16.583,413
2022-09-05T00:00:00.000Z,1.42,281.63,2.2,1.98,2.47,14.738,427
2022-09-06T00:00:00.000Z,0.72,247.42,1.98,1.7,2.41,11.284,476
2022-09-07T00:00:00.000Z,0.7,75.08,1.82,1.32,2.45,3.524,483
2022-09-08T00:00:00.000Z,0.2,118.22,0.9,0.6,1.4,6.974,422
2022-09-09T00:00:00.000Z,0.2,32.67,0.53,0.4,0.8,2.1,458
2022-09-10T00:00:00.000Z,0.1,73.59,0.5,0.35,0.7,4.134,475
2022-09-11T00:00:00.000Z,0.2,408.68,0.7,0.5,0.85,21.543,434
2022-09-12T00:00:00.000Z,0.3,253.05,0.78,0.6,1,12.308,427
2022-09-13T00:00:00.000Z,0.65,193.1,1.35,1.1,1.65,11.142,468
2022-09-14T00:00:00.000Z,0.4,104.32,2,1.5,2.72,6.844,454
2022-09-15T00:00:00.000Z,0.37,148.02,1.2,0.95,1.51,9.346,457
2022-09-16T00:00:00.000Z,0.4,79.2,1.45,1.2,1.72,4.246,459
2022-09-17T00:00:00.000Z,0.1,8.55,0.4,0.25,0.88,0.56,475
2022-09-18T00:00:00.000Z,0.2,220.33,0.6,0.47,0.75,13.722,469
2022-09-19T00:00:00.000Z,0.1,5.37,0.8,0.45,1.21,0.91,441
2022-09-20T00:00:00.000Z,0.3,3.08,1,0.8,1.32,0.407,431
2022-09-21T00:00:00.000Z,0.7,2.42,1.3,1.1,1.52,0.332,449
2022-09-22T00:00:00.000Z,0.68,9.98,1.65,1.2,2.08,0.75,447
2022-09-23T00:00:00.000Z,1,3.37,1.8,1.5,2.12,0.459,471
2022-09-24T00:00:00.000Z,0.6,8.77,2.33,1.3,4.9,1.868,475
2022-09-25T00:00:00.000Z,0.4,5.53,1.07,0.8,1.47,0.545,447
2022-09-26T00:00:00.000Z,0.7,3.6,1.5,1.2,1.85,0.481,453
2022-09-27T00:00:00.000Z,0.3,5.2,1.17,0.8,1.57,0.565,429
2022-09-28T00:00:00.000Z,0,24.12,1,0.78,1.45,1.316,460
2022-09-29T00:00:00.000Z,0,3.75,0.8,0.37,1.67,0.823,453
2022-09-30T00:00:00.000Z,0.8,6.1,1.8,1.37,2.69,1.151,436
2022-10-01T00:00:00.000Z,0.7,14.03,3.66,2.47,6.45,2.916,434
2022-10-02T00:00:00.000Z,0.3,17.62,3.33,1.05,8.44,4.219,383
2022-10-03T00:00:00.000Z,0.5,3.12,1.07,0.82,1.54,0.582,373
2022-10-04T00:00:00.000Z,0.98,9.8,2,1.45,2.7,0.966,395
2022-10-05T00:00:00.000Z,1.4,6.08,3.2,2.35,4.22,1.08,406
2022-10-06T00:00:00.000Z,1.2,8.83,3,2.06,4.72,1.38,413
2022-10-07T00:00:00.000Z,1.65,8.69,3.58,2.99,4.3,1.055,464
2022-10-08T00:00:00.000Z,1.27,8.58,5.2,2.54,6.61,2.037,493
2022-10-09T00:00:00.000Z,1.2,9,2.92,1.9,4.46,1.952,481
2022-10-10T00:00:00.000Z,0.56,9.25,2.52,1.95,5.14,2.241,420
2022-10-11T00:00:00.000Z,1.1,6.65,2.54,2.04,3.35,0.806,416
2022-10-12T00:00:00.000Z,2.42,8.4,4.05,3.45,4.53,0.852,430
2022-10-13T00:00:00.000Z,2.85,6.5,4.17,3.8,4.8,0.693,457
2022-10-14T00:00:00.000Z,1.98,9,4.8,4.05,5.5,1.23,447
2022-10-15T00:00:00.000Z,0.25,5.9,2.5,1.32,3.33,1.262,450
2022-10-16T00:00:00.000Z,0.6,8.58,1.6,1.13,2.1,0.991,360
2022-10-17T00:00:00.000Z,1.35,6.58,2.47,2,3,0.841,469
2022-10-18T00:00:00.000Z,1.9,10.75,4.01,2.83,5.12,1.461,330
2022-10-21T00:00:00.000Z,1.7,10.15,3.25,2.72,4.09,1.234,440
2022-10-22T00:00:00.000Z,0.28,9.3,1.11,0.8,1.65,0.894,448
2022-10-23T00:00:00.000Z,0.4,6.42,3.36,0.9,4.4,1.788,442
2022-10-24T00:00:00.000Z,0.88,6.9,3.27,1.99,4.8,1.468,477
2022-10-25T00:00:00.000Z,1,6.42,1.8,1.52,2.5,0.917,467
2022-10-26T00:00:00.000Z,1.27,6.28,3.3,2.54,4.15,1.067,481
2022-10-27T00:00:00.000Z,2.5,8.08,4.28,3.71,4.79,0.816,432
2022-10-28T00:00:00.000Z,2.83,8.83,4.55,4.08,5.89,1.188,456
2022-10-29T00:00:00.000Z,2.62,9.35,5.72,4.47,6.35,1.296,430
2022-10-30T00:00:00.000Z,3.67,15.05,5.09,4.65,5.65,1.186,413
2022-10-31T00:00:00.000Z,1.2,6.3,4.45,3.33,5.09,1.254,477
2022-11-01T00:00:00.000Z,1.3,8.19,3.37,2.6,4.33,1.193,450
2022-11-02T00:00:00.000Z,1.1,11.4,2.94,2.29,3.77,1.099,442
2022-11-03T00:00:00.000Z,0.2,8.4,3.5,3.05,4.65,1.618,447
2022-11-04T00:00:00.000Z,0.1,6.92,0.8,0.6,1.2,0.627,447
2022-11-05T00:00:00.000Z,0.2,6.58,1.22,0.7,1.9,1.373,453
2022-11-06T00:00:00.000Z,0.8,11.65,3.9,2.04,5.4,2.09,423
2022-11-07T00:00:00.000Z,1.07,29.57,3.33,2.15,5.4,2.886,443
2022-11-08T00:00:00.000Z,0.7,8.73,4.84,4.03,5.28,1.395,202
2022-11-09T00:00:00.000Z,0.3,13.45,2.29,0.6,6.6,3.453,335
2022-11-10T00:00:00.000Z,1.32,9.08,4.97,3.52,5.55,1.607,335
2022-11-11T00:00:00.000Z,1.12,7.85,3.83,3,5.03,1.463,431
2022-11-12T00:00:00.000Z,2.98,24.45,5.96,4.47,8.44,2.414,406
2022-11-13T00:00:00.000Z,6.7,17.3,12.05,9.83,13.6,2.294,379
2022-11-14T00:00:00.000Z,0.5,11.95,4.01,1.35,7.65,3.477,398
2022-11-15T00:00:00.000Z,1.3,9.19,3.98,3.47,4.92,1.191,423
2022-11-16T00:00:00.000Z,0.15,7.28,2.29,1.6,3.65,1.302,478
2022-11-17T00:00:00.000Z,0.53,19.1,2.33,1.57,3.17,1.31,455
2022-11-18T00:00:00.000Z,0,11.85,0.6,0.4,3.15,1.769,427
2022-11-19T00:00:00.000Z,0.33,6.62,1.77,1.05,2.7,1.165,471
2022-11-20T00:00:00.000Z,0.4,5.6,1.65,1.2,2.45,1.033,445
2022-11-21T00:00:00.000Z,0.1,9.05,3.7,1.9,4.45,1.714,443
2022-11-22T00:00:00.000Z,0.1,8.69,1.72,1.07,3.62,1.942,439
2022-11-23T00:00:00.000Z,2.2,7.55,4.33,3.82,5.05,0.996,472
2022-11-24T00:00:00.000Z,1.05,14,7.32,5.46,9.11,2.63,452
2022-11-25T00:00:00.000Z,0.4,10,3.22,2.02,4.97,1.814,454
2022-11-26T00:00:00.000Z,1,10.28,2.65,1.8,5.35,2.371,443
2022-11-27T00:00:00.000Z,2.2,14.38,6.05,4.46,9.56,3.265,449
2022-11-28T00:00:00.000Z,4.83,14.4,7.75,6.42,9.8,2.268,462
2022-11-29T00:00:00.000Z,0.03,11.5,2.61,0.4,5.49,3.435,436
2022-11-30T00:00:00.000Z,3.2,17.48,6.28,4.9,8.4,2.534,467
2022-12-01T00:00:00.000Z,3.25,24.57,7.87,6.08,9.36,2.448,405
2022-12-02T00:00:00.000Z,5.58,14.78,10.29,8.05,11.55,2.155,448
2022-12-03T00:00:00.000Z,8.75,17.27,12.45,10.63,13.55,1.721,475
2022-12-04T00:00:00.000Z,8.75,22.77,16.02,13.43,17.55,2.469,489
2022-12-05T00:00:00.000Z,1.98,23.47,10.43,8.39,13.98,4.637,485
2022-12-06T00:00:00.000Z,6.7,16.6,10.78,9.64,11.95,1.909,473
2022-12-07T00:00:00.000Z,6.5,13.88,9.27,8.55,10.28,1.452,434
2022-12-08T00:00:00.000Z,4.5,16.8,9.75,6.09,12.45,3.27,452
2022-12-09T00:00:00.000Z,1.62,20.6,5.03,3.18,12.44,4.757,401
2022-12-10T00:00:00.000Z,0.9,12.23,5.46,3.6,7.03,2.359,434
2022-12-11T00:00:00.000Z,3.98,19.35,9.36,7.88,11.05,2.679,432
2022-12-12T00:00:00.000Z,3.93,18.82,8.19,6.42,10.32,3.137,425
2022-12-13T00:00:00.000Z,6.7,19,13.69,11.22,15.48,2.826,426
2022-12-14T00:00:00.000Z,10.48,34.72,15.9,13.8,24.07,5.845,435
2022-12-15T00:00:00.000Z,0.3,22.5,10.68,9.52,12.18,3.354,434
2022-12-16T00:00:00.000Z,0.2,13.2,6.11,0.7,8.38,3.771,408
2022-12-17T00:00:00.000Z,8.98,24.52,13.22,12.13,14.29,1.913,397
2022-12-18T00:00:00.000Z,4.72,12.98,8.4,7.1,10.06,1.821,197
2022-12-19T00:00:00.000Z,0.2,6.78,1.2,0.4,3.37,1.887,399
2022-12-20T00:00:00.000Z,0.17,5.65,2.27,0.5,3.2,1.472,459
2022-12-21T00:00:00.000Z,2.2,18.02,5.34,3.79,7.82,2.656,440
2022-12-22T00:00:00.000Z,0.72,11.97,6.75,4.67,7.74,2.337,469
2022-12-23T00:00:00.000Z,0.7,13.38,5.53,3.22,9.19,3.463,341
2022-12-24T00:00:00.000Z,1.82,24.8,7.03,5.19,9.98,3.544,376
2022-12-25T00:00:00.000Z,2.87,15.45,7,5.65,8.97,2.517,441
2022-12-26T00:00:00.000Z,4.55,12.6,7,6.35,8.15,1.422,380
2022-12-27T00:00:00.000Z,3.98,19.1,7.87,6.3,14.1,4.226,450
2022-12-28T00:00:00.000Z,1.85,128.85,8.52,4.97,10.45,6.848,438
2022-12-29T00:00:00.000Z,2.27,15.08,4.71,3.42,7,2.375,478
2022-12-30T00:00:00.000Z,3.7,13.15,7.74,6.89,8.69,1.735,392
2022-12-31T00:00:00.000Z,1.4,9.98,4.42,2.6,6.85,2.307,299
2023-01-01T00:00:00.000Z,0.7,7.95,3.22,1.6,5.5,2.056,271
2023-01-02T00:00:00.000Z,0.7,13.25,2.04,1.4,3.2,1.972,436
2023-01-03T00:00:00.000Z,1.35,14.13,4.09,2.95,7.5,3.031,370
2023-01-04T00:00:00.000Z,3.25,14.25,6.85,5.35,8.5,2.725,364
2023-01-05T00:00:00.000Z,4.9,8,6.3,5.95,6.75,0.602,154
2023-01-06T00:00:00.000Z,6.67,8.55,7.65,7.4,7.84,0.444,12
2023-01-07T00:00:00.000Z,0.3,7.5,3.72,1.27,5.87,2.279,350
2023-01-08T00:00:00.000Z,0.8,8.18,4.78,3.42,5.92,1.584,175
2023-01-09T00:00:00.000Z,0,6.95,0.3,0.1,0.7,1.769,51
2023-01-11T00:00:00.000Z,6.92,7.9,7.13,6.99,7.49,0.362,8
2023-01-13T00:00:00.000Z,4.97,8.55,7.53,6.96,8.09,0.976,24
2023-01-14T00:00:00.000Z,1.7,12.58,6.15,4.41,7.86,2.44,316
2023-01-15T00:00:00.000Z,0,11.15,5.65,1.14,8,3.301,350
2023-01-16T00:00:00.000Z,0.1,15.13,1.38,0.33,4.12,3.77,346
2023-01-17T00:00:00.000Z,0.56,60.7,3.5,2.85,4.62,3.171,407
2023-01-18T00:00:00.000Z,0,8.3,1.8,0.65,2.7,1.264,234
2023-01-19T00:00:00.000Z,2.42,7.08,4.8,4.2,5.4,0.972,158
2023-01-20T00:00:00.000Z,1.22,6.28,2.7,2.1,3.4,0.973,387
2023-01-21T00:00:00.000Z,2.27,7.58,3.6,3,4.72,1.167,172
2023-01-22T00:00:00.000Z,2.58,9.69,4.34,3.98,5.04,1.481,165
2023-01-23T00:00:00.000Z,3.1,4.67,3.72,3.42,4,0.381,58
2023-01-27T00:00:00.000Z,4,14.65,9.41,8.73,10.57,1.528,180
2023-01-28T00:00:00.000Z,5.6,14.73,10.35,9.52,11.15,1.335,481
2023-01-29T00:00:00.000Z,8.73,19.07,12.73,10.6,14.73,2.398,485
2023-01-30T00:00:00.000Z,2.67,21.5,9.65,6.3,16.07,5.013,471
2023-01-31T00:00:00.000Z,2.65,16.52,11.83,8.23,12.93,3.136,311
2023-02-07T00:00:00.000Z,1.1,9.73,6.26,4.51,7.12,1.902,108
2023-02-08T00:00:00.000Z,3.08,24.1,10.77,8.75,12.54,2.751,340
2023-02-09T00:00:00.000Z,2.35,17.07,9.75,7.2,13.72,3.824,373
2023-02-10T00:00:00.000Z,5.55,16.05,9.35,8.44,10.92,2.287,444
2023-02-11T00:00:00.000Z,7.83,21.85,14.38,11.9,15.63,2.658,391
2023-02-12T00:00:00.000Z,8.27,20.9,13.48,12.39,15.89,2.352,288
2023-02-13T00:00:00.000Z,4.28,21.42,10.25,6.82,14.44,4.344,308
2023-02-14T00:00:00.000Z,3.6,14.07,7.64,5.72,9.6,2.213,350
2023-02-15T00:00:00.000Z,5.25,13.15,9,7.53,10.15,1.74,314
2023-02-16T00:00:00.000Z,3.5,14.18,7.62,5.74,9.38,2.323,321
2023-02-17T00:00:00.000Z,1.45,10.9,6.97,4.25,9.55,2.947,247
2023-02-18T00:00:00.000Z,0.6,9.63,5.33,1.78,6.74,2.456,384
2023-02-19T00:00:00.000Z,0.37,8.6,3.72,1.01,6.08,2.452,368
2023-02-20T00:00:00.000Z,1.52,8.35,4.4,2.97,4.86,1.329,432
2023-02-21T00:00:00.000Z,4.12,19.7,7.5,6.4,9.19,2.137,443
2023-02-22T00:00:00.000Z,5.47,26.4,17.27,14,20.14,4.251,366
2023-02-23T00:00:00.000Z,7.7,25.8,17.3,12.3,20.8,4.74,191
2023-02-24T00:00:00.000Z,1.7,15.53,8.35,3.87,12.54,4.431,389
2023-02-25T00:00:00.000Z,0.47,5.72,1.77,1.22,2.4,0.961,389
2023-02-26T00:00:00.000Z,0.4,3.83,1.2,0.78,1.82,0.678,465
2023-02-27T00:00:00.000Z,1.5,5.83,2.67,2.29,3.42,0.843,471
2023-02-28T00:00:00.000Z,3.75,10.05,7.19,6.53,7.85,0.965,382
2023-03-01T00:00:00.000Z,8.44,23.57,15.74,13.35,17.45,3.108,480
2023-03-02T00:00:00.000Z,8.25,26.77,21.05,18.48,22.57,3.095,461
2023-03-03T00:00:00.000Z,13.43,29.72,22.93,21.73,24.92,2.715,459
2023-03-04T00:00:00.000Z,21.6,38.75,27.15,24.87,30.02,3.664,482
2023-03-05T00:00:00.000Z,11.6,26.07,20.55,18.52,21.93,2.726,478
2023-03-06T00:00:00.000Z,5.33,51.28,18.73,8.77,21.83,7.853,476
2023-03-07T00:00:00.000Z,2.1,14.63,9.43,7.41,11.04,2.637,481
2023-03-08T00:00:00.000Z,1.3,17.6,5.5,4.53,7.78,3.686,489
2023-03-09T00:00:00.000Z,0.4,7.45,3.52,1.7,5.15,1.908,420
2023-03-10T00:00:00.000Z,0.1,2.8,0.72,0.42,1.22,0.482,493
2023-03-11T00:00:00.000Z,0.2,51.83,1.3,0.53,3.05,3.154,487
2023-03-12T00:00:00.000Z,0,5.6,2.17,0.4,2.85,1.307,455
2023-03-13T00:00:00.000Z,0,2.98,0.88,0.4,1.77,0.742,426
2023-03-14T00:00:00.000Z,0,10.19,0.4,0.2,2.08,1.298,294
2023-03-15T00:00:00.000Z,0.13,3.12,0.72,0.4,1.3,0.629,448
2023-03-16T00:00:00.000Z,0.33,9.43,1.6,1.04,2.06,1.162,449
2023-03-17T00:00:00.000Z,0.33,5,1.02,0.8,1.62,0.764,410
2023-03-18T00:00:00.000Z,0.93,8.25,3.37,1.46,4.99,2.045,329
2023-03-19T00:00:00.000Z,0.17,5.12,2.35,1.1,3.4,1.33,369
2023-03-20T00:00:00.000Z,0.1,5.2,1.22,0.9,2.17,0.948,401
2023-03-21T00:00:00.000Z,0.28,28.9,1.76,1.05,2.84,2.374,468
2023-03-22T00:00:00.000Z,0.2,3.72,1.6,0.8,2.2,0.843,431
2023-03-23T00:00:00.000Z,1.2,13.2,5.55,1.77,7.66,2.988,481
2023-03-24T00:00:00.000Z,0.5,11.38,2.8,1.79,5.41,2.609,444
2023-03-25T00:00:00.000Z,0.23,8.68,1.87,0.78,2.8,1.789,449
2023-03-26T00:00:00.000Z,0,3.9,1.2,0.56,2.08,0.901,435
2023-03-27T00:00:00.000Z,0,2.02,0.78,0.5,1.05,0.445,410
2023-03-28T00:00:00.000Z,0.5,5.37,1.22,0.85,1.95,0.668,470
2023-03-29T00:00:00.000Z,0.65,6.28,1.85,1.4,2.82,1.114,373
2023-03-30T00:00:00.000Z,0.47,6.28,2.2,1.4,3.47,1.129,436
2023-03-31T00:00:00.000Z,0.2,10.82,2.57,1.07,3.8,2.13,468
2023-04-01T00:00:00.000Z,0,2.92,0.95,0.5,1.25,0.513,432
2023-04-02T00:00:00.000Z,0,4.09,0.4,0.3,1.6,0.932,480
2023-04-03T00:00:00.000Z,0.2,3.65,1.27,0.7,1.67,0.551,473
2023-04-04T00:00:00.000Z,1.07,8.35,2.29,1.82,2.72,0.686,462
2023-04-05T00:00:00.000Z,1.37,4.3,2.4,2,2.8,0.553,465
2023-04-06T00:00:00.000Z,0.3,6.37,2.42,0.93,3.17,1.309,431
2023-04-07T00:00:00.000Z,0.2,9.73,1.3,0.9,2.1,0.962,402
2023-04-08T00:00:00.000Z,0.37,5.03,1.4,1,2.2,0.976,438
2023-04-09T00:00:00.000Z,0.55,4.58,1.42,1.02,2.08,0.761,470
2023-04-10T00:00:00.000Z,0.4,2.92,1.45,0.9,1.9,0.631,364
2023-04-11T00:00:00.000Z,0.28,4.05,1.32,0.8,1.75,0.629,446
2023-04-12T00:00:00.000Z,0.15,3.3,1.6,0.9,2.17,0.79,451
2023-04-13T00:00:00.000Z,0,3.55,0.6,0.4,1.35,0.636,474
2023-04-14T00:00:00.000Z,0.2,2.4,0.9,0.56,1.27,0.455,466
2023-04-15T00:00:00.000Z,0,2.98,0.5,0.28,0.93,0.504,464
2023-04-16T00:00:00.000Z,0.4,8.6,2.84,1.7,4.97,1.954,498
2023-04-17T00:00:00.000Z,1.05,7.17,3.86,2.86,5.54,1.585,472
2023-04-18T00:00:00.000Z,0.35,4.28,2.1,1.51,2.82,0.84,417
2023-04-19T00:00:00.000Z,0.4,6.72,1.8,1.22,2.6,0.955,390
2023-04-20T00:00:00.000Z,1.6,13.2,3.54,2.5,4.53,1.526,494
2023-04-21T00:00:00.000Z,0.5,12.5,1.52,1,3.9,3.024,443
2023-04-22T00:00:00.000Z,0.5,3.87,1.2,0.93,1.92,0.719,419
2023-04-23T00:00:00.000Z,0.2,7.6,3,1.54,4.4,1.744,317
2023-04-24T00:00:00.000Z,0.2,7.62,0.65,0.5,1,0.609,487
2023-04-25T00:00:00.000Z,0.6,2.5,1.23,1,1.57,0.383,490
2023-04-26T00:00:00.000Z,0.28,5.6,1.47,0.93,2,0.862,494
2023-04-27T00:00:00.000Z,0.2,14.75,1,0.6,1.67,1.442,490
2023-04-28T00:00:00.000Z,0.6,4.22,1.37,1.14,1.7,0.456,340
2023-04-29T00:00:00.000Z,0.23,6.4,1.6,1.05,2.1,0.855,442
2023-04-30T00:00:00.000Z,1.02,10.65,3.7,2.17,5.67,2.308,359
2023-05-01T00:00:00.000Z,0.2,12.93,2.92,1.67,6.78,3.544,463
2023-05-02T00:00:00.000Z,0.47,2.83,1.3,0.9,1.7,0.516,493
2023-05-03T00:00:00.000Z,0.9,7.92,1.9,1.5,2.7,0.978,342
2023-05-04T00:00:00.000Z,0.42,4.62,2.24,0.8,2.9,1.136,214
2023-05-05T00:00:00.000Z,0.42,4.08,1.14,0.82,1.6,0.525,309
2023-05-06T00:00:00.000Z,0.5,2.98,1.3,1.02,1.54,0.351,485
2023-05-07T00:00:00.000Z,0.1,2.72,0.9,0.7,1.2,0.387,384
2023-05-08T00:00:00.000Z,0.2,3.25,0.8,0.45,1.3,0.644,461
2023-05-09T00:00:00.000Z,0.05,3.25,0.85,0.6,1.2,0.506,482
2023-05-10T00:00:00.000Z,0.1,1.5,0.55,0.4,0.7,0.222,490
2023-05-11T00:00:00.000Z,0,2.1,0.53,0.35,0.75,0.296,466
2023-05-12T00:00:00.000Z,0.3,6.53,0.92,0.8,1.34,0.897,484
2023-05-13T00:00:00.000Z,0.03,5.15,0.6,0.4,1,0.679,439
2023-05-14T00:00:00.000Z,0.45,3.5,1.27,0.98,1.77,0.56,486
2023-05-15T00:00:00.000Z,1.2,7.22,3.87,2.8,4.83,1.416,484
2023-05-16T00:00:00.000Z,0.6,9.18,3.87,2.35,5.8,2.112,371
2023-05-17T00:00:00.000Z,0.4,33.33,1.02,0.8,1.55,1.657,484
2023-05-18T00:00:00.000Z,1.17,7.03,3.22,2.15,4.53,1.564,463
2023-05-19T00:00:00.000Z,2.4,12.33,5.6,3.5,6.39,1.727,489
2023-05-20T00:00:00.000Z,3.85,13.35,5.67,4.92,6.85,1.383,492
2023-05-21T00:00:00.000Z,3.3,8.98,6.03,5.28,7.03,1.215,482
2023-05-22T00:00:00.000Z,2.7,10.55,5.28,4.19,5.92,1.132,456
2023-05-23T00:00:00.000Z,3.02,19.55,10.08,4.16,14.33,5.204,493
2023-05-24T00:00:00.000Z,3.58,11.63,7.17,6.37,8,1.529,498
2023-05-25T00:00:00.000Z,1.4,8.35,3.5,2.77,4.42,1.363,460
2023-05-26T00:00:00.000Z,2.6,9.23,4.03,3.6,4.66,0.976,356
2023-05-27T00:00:00.000Z,3.22,6.65,4.9,4.34,5.4,0.676,396
2023-05-28T00:00:00.000Z,2.04,6.75,4.58,4.05,4.95,0.795,389
2023-05-29T00:00:00.000Z,2.02,10.75,3.7,3.22,4.37,0.841,408
2023-05-30T00:00:00.000Z,2.47,7.2,3.95,3.58,4.25,0.677,425
2023-05-31T00:00:00.000Z,1.37,5.72,3.15,2.67,4.09,0.929,304
2023-06-01T00:00:00.000Z,1.9,10.32,2.9,2.58,3.12,0.675,493
2023-06-02T00:00:00.000Z,1.8,38.88,3.83,3.27,4.45,2.734,491
2023-06-03T00:00:00.000Z,0.98,6.95,2.29,1.9,2.9,0.864,400
2023-06-04T00:00:00.000Z,0.78,7,2.08,1.62,2.4,0.615,479
2023-06-05T00:00:00.000Z,0.8,6.05,3.05,2.1,3.5,0.915,472
2023-06-06T00:00:00.000Z,2.8,7.47,3.77,3.5,4.2,0.589,281
2023-06-07T00:00:00.000Z,3.25,7.42,4.2,3.94,4.59,0.531,456
2023-06-08T00:00:00.000Z,2.17,6.87,4.3,3.79,4.8,0.799,341
2023-06-09T00:00:00.000Z,4.15,11.5,5.75,4.97,7.21,1.517,421
2023-06-10T00:00:00.000Z,0.8,7.33,2.06,1.26,4.34,1.676,464
2023-06-11T00:00:00.000Z,0.6,4.9,2.37,1.87,3,0.994,492
2023-06-12T00:00:00.000Z,1.1,6.65,2,1.6,2.42,0.653,499
2023-06-13T00:00:00.000Z,0.6,5.15,1.5,1.12,1.9,0.549,486
2023-06-14T00:00:00.000Z,0.9,4.65,2.4,1.9,2.98,0.738,446
2023-06-15T00:00:00.000Z,2.33,5.42,3.43,3.2,3.86,0.491,453
2023-06-16T00:00:00.000Z,1.9,6.05,3.3,2.74,4.05,0.874,436
2023-06-17T00:00:00.000Z,2.1,14.9,3.49,3.05,3.92,1.042,450
2023-06-18T00:00:00.000Z,2.8,8.19,4.47,3.7,5.05,0.834,449
2023-06-19T00:00:00.000Z,2.87,7.3,4,3.55,4.7,1.02,297
2023-06-20T00:00:00.000Z,3.3,8,5.22,4.25,5.9,0.958,410
2023-06-21T00:00:00.000Z,3.27,14.35,6.45,4.83,7.49,1.603,469
2023-06-22T00:00:00.000Z,0.5,7.17,3.12,1.98,5.15,1.615,426
2023-06-23T00:00:00.000Z,0.9,3.58,1.97,1.77,2.22,0.5,422
2023-06-24T00:00:00.000Z,1.75,7.15,2.87,2.62,3.2,0.766,441
2023-06-25T00:00:00.000Z,3.22,7.58,4.4,4.04,4.75,0.61,444
2023-06-26T00:00:00.000Z,2.72,11.7,5.12,4.28,5.75,1.077,412
2023-06-27T00:00:00.000Z,0.62,4.97,2.2,1.17,3.35,1.067,459
2023-06-28T00:00:00.000Z,0.8,2.6,1.57,1.32,1.8,0.325,463
2023-06-29T00:00:00.000Z,1.52,29.48,4.2,2.8,9.3,4.712,439
2023-06-30T00:00:00.000Z,0.85,14.05,3.65,2.24,9.52,3.981,413
2023-07-01T00:00:00.000Z,0.6,9.77,1.57,1.14,1.9,0.913,310
2023-07-02T00:00:00.000Z,1.82,11.7,4.3,3.3,7.26,2.622,465
2023-07-03T00:00:00.000Z,1.67,7.08,3.4,2.47,5.53,1.598,439
2023-07-04T00:00:00.000Z,0.5,31.15,1.6,0.98,2.69,2.092,348
2023-07-05T00:00:00.000Z,0.8,3.53,1.4,1.14,2.12,0.594,451
2023-07-06T00:00:00.000Z,0.9,3,1.5,1.3,1.72,0.297,225
2023-07-07T00:00:00.000Z,2.04,4.87,3.1,2.7,3.6,0.558,435
2023-07-08T00:00:00.000Z,2.42,4.5,3.1,2.9,3.42,0.398,281
2023-07-09T00:00:00.000Z,3,5.78,3.9,3.58,4.2,0.439,286
2023-07-10T00:00:00.000Z,3.42,5.92,4.5,4.2,4.97,0.484,286
2023-07-11T00:00:00.000Z,3.05,7.35,4.83,4.42,5.15,0.712,395
2023-07-12T00:00:00.000Z,2.02,11.1,4.45,3.95,4.97,1.188,450
2023-07-13T00:00:00.000Z,0.3,3.6,0.7,0.6,0.9,0.44,442
2023-07-14T00:00:00.000Z,0.82,2.62,1.5,1.25,1.8,0.35,415
2023-07-15T00:00:00.000Z,0.62,4.55,2.37,2.12,2.7,0.513,439
2023-07-16T00:00:00.000Z,0.4,2.12,1.1,0.9,1.37,0.339,470
2023-07-17T00:00:00.000Z,1.4,9.02,2.29,1.9,3.1,0.812,333
2023-07-18T00:00:00.000Z,3.4,7.4,4.5,4.15,5.03,0.637,444
2023-07-19T00:00:00.000Z,0.9,5.4,3.57,2.8,4.03,1.134,366
2023-07-20T00:00:00.000Z,0.68,2.35,1.35,1.17,1.7,0.365,461
2023-07-21T00:00:00.000Z,0.8,4.25,1.57,1.4,1.8,0.372,439
2023-07-22T00:00:00.000Z,0.8,9.33,1.7,1.25,2.02,0.81,435
2023-07-23T00:00:00.000Z,2.04,12.05,4.3,3.45,8.4,2.958,434
2023-07-24T00:00:00.000Z,0.9,7.35,4.51,3.92,5.25,1.176,462
2023-07-25T00:00:00.000Z,0.1,2.62,0.7,0.4,1.4,0.599,450
2023-07-26T00:00:00.000Z,0.2,3.8,0.8,0.6,1.02,0.376,456
2023-07-27T00:00:00.000Z,0.8,4.72,1.45,1.17,1.67,0.431,475
2023-07-28T00:00:00.000Z,0.75,4.42,2,1.65,2.6,0.719,486
2023-07-29T00:00:00.000Z,0.8,9.02,3.2,2.65,3.87,0.991,455
2023-07-30T00:00:00.000Z,0.56,4.87,1.2,0.98,2.4,0.836,459
2023-07-31T00:00:00.000Z,0.8,3.6,1.45,1.2,2.2,0.57,462
2023-08-01T00:00:00.000Z,0.6,4.47,1.92,1.25,2.6,0.821,480
2023-08-02T00:00:00.000Z,0.75,3.25,1.57,1.2,2.04,0.519,454
2023-08-03T00:00:00.000Z,0.1,1.7,0.5,0.3,0.95,0.385,458
2023-08-04T00:00:00.000Z,0,1.55,0.4,0.2,0.6,0.264,436
2023-08-05T00:00:00.000Z,0.4,1.4,0.8,0.7,0.9,0.168,475
2023-08-06T00:00:00.000Z,0.1,1.72,0.53,0.4,0.65,0.256,450
2023-08-07T00:00:00.000Z,0.2,1.02,0.4,0.35,0.6,0.151,466
2023-08-08T00:00:00.000Z,0.4,3,0.8,0.6,1.17,0.517,395
2023-08-09T00:00:00.000Z,0.42,2.2,1,0.8,1.14,0.26,445
2023-08-10T00:00:00.000Z,1,4,1.62,1.4,1.92,0.478,349
2023-08-11T00:00:00.000Z,0.7,9.55,1.82,1.47,2.12,0.699,394
2023-08-12T00:00:00.000Z,1.2,9.05,2.13,1.9,2.65,1.146,372
2023-08-13T00:00:00.000Z,1.72,6.7,2.85,2.5,3.12,0.459,494
2023-08-14T00:00:00.000Z,1.2,4.09,2.5,2.2,2.8,0.516,497
2023-08-15T00:00:00.000Z,1.1,5.53,1.72,1.5,2.08,0.486,502
2023-08-16T00:00:00.000Z,1.35,6.72,2.02,1.77,2.4,0.589,502
2023-08-17T00:00:00.000Z,1.3,11.53,2.1,1.8,2.54,0.679,497
2023-08-18T00:00:00.000Z,1.2,4.75,2.33,2,2.75,0.542,499
2023-08-19T00:00:00.000Z,2.1,5.03,3.15,2.8,3.65,0.592,501
2023-08-20T00:00:00.000Z,2.2,5.28,3.5,3,3.85,0.548,486
2023-08-21T00:00:00.000Z,1.57,7.17,3.5,2.25,4,1.012,492
2023-08-22T00:00:00.000Z,1.4,4.9,2.72,2.22,3.65,0.855,499
2023-08-23T00:00:00.000Z,1.62,16,3.09,2.52,3.82,1.069,496
2023-08-24T00:00:00.000Z,2.54,6.17,3.75,3.27,4.2,0.606,499
2023-08-25T00:00:00.000Z,1.7,7.5,4.15,3.7,4.53,0.964,497
2023-08-26T00:00:00.000Z,0.13,6.25,2.9,2.29,3.76,1.18,501
2023-08-27T00:00:00.000Z,0.2,5.03,0.6,0.5,0.7,0.323,494
2023-08-28T00:00:00.000Z,0.13,1.98,0.5,0.4,0.6,0.159,495
2023-08-29T00:00:00.000Z,0.2,1.05,0.5,0.4,0.6,0.156,489
2023-08-30T00:00:00.000Z,0.53,2.29,1.1,0.9,1.32,0.295,495
2023-08-31T00:00:00.000Z,0.78,10.9,1.7,1.27,2.2,0.843,498
2023-09-01T00:00:00.000Z,0.9,6.25,1.6,1.35,1.95,0.48,494
2023-09-02T00:00:00.000Z,1.22,5.47,2.04,1.72,2.29,0.479,468
2023-09-03T00:00:00.000Z,1.6,4.05,2.61,2.35,2.9,0.438,434
2023-09-04T00:00:00.000Z,1.65,7.58,2.72,2.5,3,0.463,493
2023-09-05T00:00:00.000Z,1.87,6.87,3,2.6,3.3,0.502,492
2023-09-06T00:00:00.000Z,2.29,5.17,3.27,2.99,3.58,0.49,496
2023-09-07T00:00:00.000Z,1.87,38.63,3.58,2.6,5,2.063,496
2023-09-08T00:00:00.000Z,2.1,7.03,3.95,2.9,4.5,1,501
2023-09-09T00:00:00.000Z,3.52,4.7,4,3.79,4.25,0.289,20
2023-09-26T00:00:00.000Z,1.65,4.45,3.19,2.87,3.5,0.471,238
2023-09-27T00:00:00.000Z,2.02,5.9,3.5,3.05,3.9,0.577,471
2023-09-28T00:00:00.000Z,2.8,7.12,3.65,3.4,4.12,0.634,406
2023-09-29T00:00:00.000Z,0.4,4.75,2.83,1.92,3.47,0.96,471
2023-09-30T00:00:00.000Z,1.8,9.58,4.54,3.33,5.3,1.243,498
2023-10-01T00:00:00.000Z,4.33,8.43,5.75,5.17,6.65,0.85,487
2023-10-02T00:00:00.000Z,3.83,8.98,6.22,5.11,6.7,0.955,480
2023-10-03T00:00:00.000Z,0.9,9.15,4.25,2.21,6.11,2.183,493
2023-10-04T00:00:00.000Z,0.8,2.67,1.65,1.45,1.85,0.301,477
2023-10-05T00:00:00.000Z,1.42,5.25,3.1,2.67,3.45,0.77,490
2023-10-06T00:00:00.000Z,2.52,8.65,4.9,4.03,5.55,1.08,486
2023-10-07T00:00:00.000Z,3.02,7.3,4.78,3.87,5.28,0.842,491
2023-10-08T00:00:00.000Z,3.3,8.5,4.58,4.15,5.09,0.758,492
2023-10-09T00:00:00.000Z,3,13.93,4.03,3.75,4.34,0.676,487
2023-10-10T00:00:00.000Z,2.58,25.65,3.65,3.3,4.12,1.91,479
2023-10-11T00:00:00.000Z,2.15,5.75,3.55,3.16,3.9,0.527,493
2023-10-12T00:00:00.000Z,1.92,11.5,3.5,3.17,3.9,0.663,494
2023-10-13T00:00:00.000Z,2.6,3.87,3.29,3.02,3.45,0.312,54
2023-10-16T00:00:00.000Z,1.45,5.87,2.35,2,2.61,0.592,133
2023-10-17T00:00:00.000Z,1.22,5,2.36,1.85,3.3,0.82,484
2023-10-18T00:00:00.000Z,1.2,10.53,2.29,2,2.83,1.338,472
2023-10-19T00:00:00.000Z,0,10.48,5,1.1,7.85,3.39,307
2023-10-20T00:00:00.000Z,0,14.25,0.4,0.1,0.9,1.297,253